ISO-10303-21;
HEADER;
/* Generated by software containing ST-Developer
 * from STEP Tools, Inc. (www.steptools.com) 
 */
/* OPTION: using custom renumber hook */

FILE_DESCRIPTION(
/* description */ ('STEP AP242 Edition 2',
'CAx-IF Rec.Pracs.---Representation and Presentation of Product Manufa
cturing Information (PMI)---4.0---2014-10-13',
'CAx-IF Rec.Pracs.---3D Tessellated Geometry---0.4---2014-09-14','2;1',
'CAx-IF Rec.Pracs.---User Defined Attributes---1.5---2016-08-15'),
/* implementation_level */ '2;1');

FILE_NAME(
/* name */ 'Part Studio 1 - Part 1',
/* time_stamp */ '2026-08-20T10:22:21Z',
/* author */ (''),
/* organization */ (''),
/* preprocessor_version */ 'ST-DEVELOPER v20',
/* originating_system */ 'ONSHAPE BY PTC INC, 1.219',
/* authorisation */ '  ');

FILE_SCHEMA (('AP242_MANAGED_MODEL_BASED_3D_ENGINEERING_MIM_LF { 1 0 10303 442 3 1 4 }'));
ENDSEC;

DATA;
#10=SHAPE_REPRESENTATION_RELATIONSHIP('','',#213,#11);
#11=ADVANCED_BREP_SHAPE_REPRESENTATION('',(#211),#6126);
#12=(
BOUNDED_SURFACE()
B_SPLINE_SURFACE(2,3,((#4965,#4966,#4967,#4968,#4969,#4970,#4971,#4972,
#4973,#4974,#4975,#4976,#4977,#4978,#4979,#4980,#4981,#4982,#4983,#4984,
#4985,#4986,#4987,#4988,#4989,#4990,#4991,#4992,#4993,#4994,#4995,#4996,
#4997,#4998,#4999,#5000,#5001,#5002,#5003,#5004,#5005,#5006,#5007,#5008,
#5009,#5010,#5011,#5012,#5013,#5014,#5015,#5016,#5017,#5018,#5019,#5020,
#5021,#5022,#5023,#5024,#5025,#5026,#5027,#5028,#5029,#5030,#5031,#5032,
#5033,#5034,#5035,#5036,#5037,#5038,#5039,#5040,#5041,#5042,#5043,#5044,
#5045,#5046,#5047,#5048,#5049,#5050,#5051,#5052,#5053,#5054,#5055,#5056,
#5057,#5058,#5059,#5060,#5061,#5062,#5063,#5064,#5065,#5066,#5067,#5068,
#5069,#5070,#5071,#5072,#5073,#5074,#5075,#5076,#5077,#5078,#5079,#5080,
#5081,#5082,#5083,#5084,#5085,#5086,#5087,#5088,#5089,#5090,#5091,#5092,
#5093,#5094,#5095,#5096,#5097,#5098,#5099,#5100,#5101,#5102,#5103,#5104,
#5105,#5106,#5107,#5108,#5109,#5110,#5111,#5112,#5113,#5114,#5115,#5116,
#5117,#5118,#5119,#5120,#5121,#5122,#5123,#5124,#5125,#5126,#5127,#5128,
#5129,#5130,#5131,#5132,#5133,#5134,#5135,#5136,#5137,#5138,#5139,#5140),
(#5141,#5142,#5143,#5144,#5145,#5146,#5147,#5148,#5149,#5150,#5151,#5152,
#5153,#5154,#5155,#5156,#5157,#5158,#5159,#5160,#5161,#5162,#5163,#5164,
#5165,#5166,#5167,#5168,#5169,#5170,#5171,#5172,#5173,#5174,#5175,#5176,
#5177,#5178,#5179,#5180,#5181,#5182,#5183,#5184,#5185,#5186,#5187,#5188,
#5189,#5190,#5191,#5192,#5193,#5194,#5195,#5196,#5197,#5198,#5199,#5200,
#5201,#5202,#5203,#5204,#5205,#5206,#5207,#5208,#5209,#5210,#5211,#5212,
#5213,#5214,#5215,#5216,#5217,#5218,#5219,#5220,#5221,#5222,#5223,#5224,
#5225,#5226,#5227,#5228,#5229,#5230,#5231,#5232,#5233,#5234,#5235,#5236,
#5237,#5238,#5239,#5240,#5241,#5242,#5243,#5244,#5245,#5246,#5247,#5248,
#5249,#5250,#5251,#5252,#5253,#5254,#5255,#5256,#5257,#5258,#5259,#5260,
#5261,#5262,#5263,#5264,#5265,#5266,#5267,#5268,#5269,#5270,#5271,#5272,
#5273,#5274,#5275,#5276,#5277,#5278,#5279,#5280,#5281,#5282,#5283,#5284,
#5285,#5286,#5287,#5288,#5289,#5290,#5291,#5292,#5293,#5294,#5295,#5296,
#5297,#5298,#5299,#5300,#5301,#5302,#5303,#5304,#5305,#5306,#5307,#5308,
#5309,#5310,#5311,#5312,#5313,#5314,#5315,#5316),(#5317,#5318,#5319,#5320,
#5321,#5322,#5323,#5324,#5325,#5326,#5327,#5328,#5329,#5330,#5331,#5332,
#5333,#5334,#5335,#5336,#5337,#5338,#5339,#5340,#5341,#5342,#5343,#5344,
#5345,#5346,#5347,#5348,#5349,#5350,#5351,#5352,#5353,#5354,#5355,#5356,
#5357,#5358,#5359,#5360,#5361,#5362,#5363,#5364,#5365,#5366,#5367,#5368,
#5369,#5370,#5371,#5372,#5373,#5374,#5375,#5376,#5377,#5378,#5379,#5380,
#5381,#5382,#5383,#5384,#5385,#5386,#5387,#5388,#5389,#5390,#5391,#5392,
#5393,#5394,#5395,#5396,#5397,#5398,#5399,#5400,#5401,#5402,#5403,#5404,
#5405,#5406,#5407,#5408,#5409,#5410,#5411,#5412,#5413,#5414,#5415,#5416,
#5417,#5418,#5419,#5420,#5421,#5422,#5423,#5424,#5425,#5426,#5427,#5428,
#5429,#5430,#5431,#5432,#5433,#5434,#5435,#5436,#5437,#5438,#5439,#5440,
#5441,#5442,#5443,#5444,#5445,#5446,#5447,#5448,#5449,#5450,#5451,#5452,
#5453,#5454,#5455,#5456,#5457,#5458,#5459,#5460,#5461,#5462,#5463,#5464,
#5465,#5466,#5467,#5468,#5469,#5470,#5471,#5472,#5473,#5474,#5475,#5476,
#5477,#5478,#5479,#5480,#5481,#5482,#5483,#5484,#5485,#5486,#5487,#5488,
#5489,#5490,#5491,#5492)),.UNSPECIFIED.,.F.,.F.,.F.)
B_SPLINE_SURFACE_WITH_KNOTS((3,3),(4,2,2,2,2,2,2,2,2,2,2,2,2,2,2,2,2,2,
2,2,2,2,2,2,2,2,2,2,2,2,2,2,2,2,2,2,2,2,2,2,2,2,2,2,2,2,2,2,2,2,2,2,2,2,
2,2,2,2,2,2,2,2,2,2,2,2,2,2,2,2,2,2,2,2,2,2,2,2,2,2,2,2,2,2,2,2,2,4),(0.,
1.),(-0.0406909841019387,-0.036150698757296,-0.0338805560849748,-0.0333130204168944,
-0.0327454847488141,-0.0316104134126535,-0.0270701280680109,-0.0259350567318503,
-0.0247999853956896,-0.0225298427233683,-0.0202597000510471,-0.0179895573787257,
-0.0134492720340832,-0.0123142006979225,-0.0117466650298422,-0.011462897195802,
-0.0111791293617619,-0.0110372454447418,-0.0108953615277217,-0.0107534776107016,
-0.0107180066314466,-0.0107091388866328,-0.010704705014226,-0.0107035965461242,
-0.0107024880780225,-0.0107022109609971,-0.0107021416817407,-0.0107021070421126,
-0.0107020724024844,-0.0107019338439717,-0.0107013796099208,-0.0107002711418191,
-0.0106914033970053,-0.0106825356521916,-0.0106470646729366,-0.0106115936936815,
-0.0103278258596414,-0.0100440580256012,-0.00976029019156106,-0.0094765223575209,
-0.00919275452348074,-0.00890898668944058,-0.00862521885540041,-0.00834145102136025,
-0.00805768318732009,-0.00777391535327993,-0.00749014751923977,-0.00720637968519961,
-0.00692261185115945,-0.00685166989264941,-0.00678072793413937,-0.00676299244451186,
-0.0067541246996981,-0.00674525695488435,-0.00674082308247747,-0.00673971461437575,
-0.00673916038032489,-0.00673902182181217,-0.00673888326329946,-0.00673860614627403,
-0.00673638921007059,-0.00672752146525684,-0.00670978597562933,-0.00663884401711929,
-0.00649696010009921,-0.00635507618307912,-0.00621319226605904,-0.00607130834903896,
-0.00550377268095864,-0.004368701344798,-0.0020985586724767,-0.000963487336316059,
0.000171583999844587,0.00471186934448717,0.00925215468912975,0.0137924400337723,
0.014927511369933,0.0160625827060936,0.0183327253784149,0.0228730107230575,
0.0251431533953788,0.0262782247315394,0.0274132960677001,0.0285483674038607,
0.0296834387400213,0.030818510076182,0.0313860457442623,0.0319535814123426),
 .UNSPECIFIED.)
GEOMETRIC_REPRESENTATION_ITEM()
RATIONAL_B_SPLINE_SURFACE(((1.,1.,1.,1.,1.,1.,1.,1.,1.,1.,1.,1.,1.,1.,1.,
1.,1.,1.,1.,1.,1.,1.,1.,1.,1.,1.,1.,1.,1.,1.,1.,1.,1.,1.,1.,1.,1.,1.,1.,
1.,1.,1.,1.,1.,1.,1.,1.,1.,1.,1.,1.,1.,1.,1.,1.,1.,1.,1.,1.,1.,1.,1.,1.,
1.,1.,1.,1.,1.,1.,1.,1.,1.,1.,1.,1.,1.,1.,1.,1.,1.,1.,1.,1.,1.,1.,1.,1.,
1.,1.,1.,1.,1.,1.,1.,1.,1.,1.,1.,1.,1.,1.,1.,1.,1.,1.,1.,1.,1.,1.,1.,1.,
1.,1.,1.,1.,1.,1.,1.,1.,1.,1.,1.,1.,1.,1.,1.,1.,1.,1.,1.,1.,1.,1.,1.,1.,
1.,1.,1.,1.,1.,1.,1.,1.,1.,1.,1.,1.,1.,1.,1.,1.,1.,1.,1.,1.,1.,1.,1.,1.,
1.,1.,1.,1.,1.,1.,1.,1.,1.,1.,1.,1.,1.,1.,1.,1.,1.),(0.671666301144999,
0.676246647330377,0.681970907532282,0.690811764197074,0.693815321890799,
0.69757081790826,0.698329098769312,0.69982127995351,0.700550789939358,0.70276498397171,
0.704251663575653,0.711719032683425,0.717791815066612,0.725372377148519,
0.726888626753676,0.729921508288145,0.731439160530277,0.735969254253179,
0.738965446340984,0.744921004929804,0.747880104300014,0.753778367560276,
0.756721630714064,0.765510707870863,0.77132036080598,0.778637576266624,
0.780104618432943,0.782307759316672,0.783054706343632,0.784141661128402,
0.784494572148201,0.78528580336957,0.785714563569098,0.786057820095754,
0.786104346477396,0.786639879573872,0.787064393399756,0.788021601651691,
0.788414998164353,0.787701283363995,0.78753599318275,0.786833321938088,
0.786668643297429,0.786277992925117,0.786132426175754,0.785842418239846,
0.785782447177805,0.78563288869082,0.785641364797594,0.785400216788683,
0.785415292049702,0.785351654783445,0.785354252570161,0.785335001211667,
0.785336029705199,0.785323149664689,0.785228022361866,0.785195719641107,
0.784983820906518,0.784853418510166,0.784697877471953,0.78438842367101,
0.78435923307143,0.783667521453605,0.783939986880003,0.784252094503064,
0.784479217956277,0.785720880601791,0.787034277515091,0.789655304788342,
0.79101110778734,0.803272203699991,0.814063811366264,0.833948727252984,
0.843321828077313,0.859936836349563,0.867211154995941,0.8795030864722,0.884472750854078,
0.891220366877043,0.893081713460323,0.89340645645475,0.891895112942793,
0.885764792639222,0.881184751874666,0.869425787642225,0.862400305873267,
0.846269652146564,0.837295935670885,0.817989970557351,0.807518639519887,
0.785749031834609,0.77440180924517,0.750720517152959,0.738443022403707,
0.713626094741693,0.700962838872617,0.684964702468937,0.681753260162629,
0.67540854280464,0.672215918683963,0.668693456856306,0.668015241138996,
0.667129563832388,0.666855486814327,0.666413109446067,0.666154317792513,
0.666337209105991,0.666387047968612,0.666954692876191,0.667069340840248,
0.667396851811266,0.667647565463494,0.667778701266909,0.667929586343745,
0.667980811950399,0.667975132844466,0.668049605937538,0.668037749785294,
0.668444228460114,0.668438551810858,0.669092092555983,0.669335550407194,
0.670027534873858,0.670286685303804,0.671393304615321,0.671589876966627,
0.672078056442638,0.671693089804581,0.67124992825094,0.671131470238768,
0.67129894131461,0.671560617596664,0.671832806011298,0.671925398874246,
0.672222341802616,0.67255973342538,0.673499222741905,0.674159857713754,
0.676176962549246,0.677589812491411,0.67981821908386,0.680579617212587,
0.682139402873659,0.682940156524769,0.687012686987853,0.690547201104556,
0.698273449531718,0.702435300611048,0.711581894303616,0.716528525884921,
0.723415622315762,0.724823369502325,0.727707516022899,0.7291389523967,0.733914394842077,
0.737308464104006,0.748128361391236,0.756195542503051,0.770167550430404,
0.775136474908753,0.783286867285051,0.786129601966468,0.792065360978779,
0.795178801850715,0.80180508483621,0.805317284752225,0.812997421890917,
0.817155097851853,0.826721645735077,0.832085325063596,0.842226453305361,
0.845969752453771,0.854511132812234,0.859346524770604,0.864627175521969),
(1.,1.,1.,1.,1.,1.,1.,1.,1.,1.,1.,1.,1.,1.,1.,1.,1.,1.,1.,1.,1.,1.,1.,1.,
1.,1.,1.,1.,1.,1.,1.,1.,1.,1.,1.,1.,1.,1.,1.,1.,1.,1.,1.,1.,1.,1.,1.,1.,
1.,1.,1.,1.,1.,1.,1.,1.,1.,1.,1.,1.,1.,1.,1.,1.,1.,1.,1.,1.,1.,1.,1.,1.,
1.,1.,1.,1.,1.,1.,1.,1.,1.,1.,1.,1.,1.,1.,1.,1.,1.,1.,1.,1.,1.,1.,1.,1.,
1.,1.,1.,1.,1.,1.,1.,1.,1.,1.,1.,1.,1.,1.,1.,1.,1.,1.,1.,1.,1.,1.,1.,1.,
1.,1.,1.,1.,1.,1.,1.,1.,1.,1.,1.,1.,1.,1.,1.,1.,1.,1.,1.,1.,1.,1.,1.,1.,
1.,1.,1.,1.,1.,1.,1.,1.,1.,1.,1.,1.,1.,1.,1.,1.,1.,1.,1.,1.,1.,1.,1.,1.,
1.,1.,1.,1.,1.,1.,1.,1.)))
REPRESENTATION_ITEM('')
SURFACE()
);
#13=(
BOUNDED_SURFACE()
B_SPLINE_SURFACE(3,2,((#5503,#5504,#5505),(#5506,#5507,#5508),(#5509,#5510,
#5511),(#5512,#5513,#5514),(#5515,#5516,#5517),(#5518,#5519,#5520),(#5521,
#5522,#5523),(#5524,#5525,#5526),(#5527,#5528,#5529),(#5530,#5531,#5532),
(#5533,#5534,#5535),(#5536,#5537,#5538),(#5539,#5540,#5541),(#5542,#5543,
#5544)),.UNSPECIFIED.,.F.,.F.,.F.)
B_SPLINE_SURFACE_WITH_KNOTS((4,1,1,1,1,1,1,1,1,1,1,4),(3,3),(0.118471909188954,
0.119247470091229,0.120023030993505,0.120798591895781,0.121574152798057,
0.122349713700333,0.123125274602609,0.124676396407161,0.126227518211713,
0.127778640016264,0.129329761820816,0.130880883625368),(0.,1.),
 .UNSPECIFIED.)
GEOMETRIC_REPRESENTATION_ITEM()
RATIONAL_B_SPLINE_SURFACE(((1.,0.864627175521971,1.),(1.,0.86860749586993,
1.),(1.,0.880730709717496,1.),(1.,0.903184921223895,1.),(1.,0.905946379082408,
1.),(1.,0.876793430995528,1.),(1.,0.834086235981312,1.),(1.,0.7896376704467,
1.),(1.,0.759448115813283,1.),(1.,0.734005446105255,1.),(1.,0.712069147662728,
1.),(1.,0.691625225817094,1.),(1.,0.67832959029627,1.),(1.,0.671666301145037,
1.)))
REPRESENTATION_ITEM('')
SURFACE()
);
#14=(
BOUNDED_SURFACE()
B_SPLINE_SURFACE(2,3,((#5545,#5546,#5547,#5548,#5549,#5550,#5551,#5552,
#5553,#5554,#5555,#5556,#5557,#5558,#5559,#5560,#5561,#5562,#5563,#5564,
#5565,#5566,#5567,#5568,#5569,#5570,#5571,#5572,#5573,#5574,#5575,#5576,
#5577,#5578,#5579,#5580,#5581,#5582,#5583,#5584,#5585,#5586,#5587,#5588,
#5589,#5590,#5591,#5592,#5593,#5594,#5595,#5596,#5597,#5598,#5599,#5600,
#5601,#5602,#5603,#5604,#5605,#5606,#5607,#5608,#5609,#5610,#5611,#5612,
#5613,#5614,#5615,#5616,#5617,#5618,#5619,#5620,#5621,#5622,#5623,#5624,
#5625,#5626,#5627,#5628,#5629,#5630,#5631,#5632,#5633,#5634,#5635,#5636,
#5637,#5638,#5639,#5640,#5641,#5642,#5643,#5644,#5645,#5646,#5647,#5648,
#5649,#5650,#5651,#5652,#5653,#5654,#5655,#5656,#5657,#5658,#5659,#5660,
#5661,#5662,#5663,#5664,#5665,#5666,#5667,#5668,#5669,#5670,#5671,#5672,
#5673,#5674,#5675,#5676,#5677,#5678,#5679,#5680,#5681,#5682,#5683,#5684,
#5685,#5686,#5687,#5688,#5689,#5690,#5691,#5692,#5693,#5694,#5695,#5696,
#5697,#5698,#5699,#5700,#5701,#5702,#5703,#5704,#5705,#5706,#5707,#5708,
#5709,#5710,#5711,#5712,#5713,#5714,#5715,#5716,#5717,#5718,#5719,#5720),
(#5721,#5722,#5723,#5724,#5725,#5726,#5727,#5728,#5729,#5730,#5731,#5732,
#5733,#5734,#5735,#5736,#5737,#5738,#5739,#5740,#5741,#5742,#5743,#5744,
#5745,#5746,#5747,#5748,#5749,#5750,#5751,#5752,#5753,#5754,#5755,#5756,
#5757,#5758,#5759,#5760,#5761,#5762,#5763,#5764,#5765,#5766,#5767,#5768,
#5769,#5770,#5771,#5772,#5773,#5774,#5775,#5776,#5777,#5778,#5779,#5780,
#5781,#5782,#5783,#5784,#5785,#5786,#5787,#5788,#5789,#5790,#5791,#5792,
#5793,#5794,#5795,#5796,#5797,#5798,#5799,#5800,#5801,#5802,#5803,#5804,
#5805,#5806,#5807,#5808,#5809,#5810,#5811,#5812,#5813,#5814,#5815,#5816,
#5817,#5818,#5819,#5820,#5821,#5822,#5823,#5824,#5825,#5826,#5827,#5828,
#5829,#5830,#5831,#5832,#5833,#5834,#5835,#5836,#5837,#5838,#5839,#5840,
#5841,#5842,#5843,#5844,#5845,#5846,#5847,#5848,#5849,#5850,#5851,#5852,
#5853,#5854,#5855,#5856,#5857,#5858,#5859,#5860,#5861,#5862,#5863,#5864,
#5865,#5866,#5867,#5868,#5869,#5870,#5871,#5872,#5873,#5874,#5875,#5876,
#5877,#5878,#5879,#5880,#5881,#5882,#5883,#5884,#5885,#5886,#5887,#5888,
#5889,#5890,#5891,#5892,#5893,#5894,#5895,#5896),(#5897,#5898,#5899,#5900,
#5901,#5902,#5903,#5904,#5905,#5906,#5907,#5908,#5909,#5910,#5911,#5912,
#5913,#5914,#5915,#5916,#5917,#5918,#5919,#5920,#5921,#5922,#5923,#5924,
#5925,#5926,#5927,#5928,#5929,#5930,#5931,#5932,#5933,#5934,#5935,#5936,
#5937,#5938,#5939,#5940,#5941,#5942,#5943,#5944,#5945,#5946,#5947,#5948,
#5949,#5950,#5951,#5952,#5953,#5954,#5955,#5956,#5957,#5958,#5959,#5960,
#5961,#5962,#5963,#5964,#5965,#5966,#5967,#5968,#5969,#5970,#5971,#5972,
#5973,#5974,#5975,#5976,#5977,#5978,#5979,#5980,#5981,#5982,#5983,#5984,
#5985,#5986,#5987,#5988,#5989,#5990,#5991,#5992,#5993,#5994,#5995,#5996,
#5997,#5998,#5999,#6000,#6001,#6002,#6003,#6004,#6005,#6006,#6007,#6008,
#6009,#6010,#6011,#6012,#6013,#6014,#6015,#6016,#6017,#6018,#6019,#6020,
#6021,#6022,#6023,#6024,#6025,#6026,#6027,#6028,#6029,#6030,#6031,#6032,
#6033,#6034,#6035,#6036,#6037,#6038,#6039,#6040,#6041,#6042,#6043,#6044,
#6045,#6046,#6047,#6048,#6049,#6050,#6051,#6052,#6053,#6054,#6055,#6056,
#6057,#6058,#6059,#6060,#6061,#6062,#6063,#6064,#6065,#6066,#6067,#6068,
#6069,#6070,#6071,#6072)),.UNSPECIFIED.,.F.,.F.,.F.)
B_SPLINE_SURFACE_WITH_KNOTS((3,3),(4,2,2,2,2,2,2,2,2,2,2,2,2,2,2,2,2,2,
2,2,2,2,2,2,2,2,2,2,2,2,2,2,2,2,2,2,2,2,2,2,2,2,2,2,2,2,2,2,2,2,2,2,2,2,
2,2,2,2,2,2,2,2,2,2,2,2,2,2,2,2,2,2,2,2,2,2,2,2,2,2,2,2,2,2,2,2,2,4),(0.,
1.),(-0.0406909841020047,-0.0361506987573743,-0.0338805560850591,-0.0333130204169803,
-0.0327454847489016,-0.031610413412744,-0.0270701280681136,-0.025935056731956,
-0.0247999853957984,-0.0225298427234833,-0.0202597000511681,-0.0179895573788529,
-0.0134492720342225,-0.012314200698065,-0.0117466650299862,-0.0114628971959468,
-0.0111791293619074,-0.0110372454448877,-0.010895361527868,-0.0107534776108483,
-0.0107180066315934,-0.0107091388867796,-0.0107047050143728,-0.010703596546271,
-0.0107024880781693,-0.0107022109611439,-0.0107021416818875,-0.0107021070422594,
-0.0107020724026312,-0.0107019338441185,-0.0107013796100676,-0.0107002711419659,
-0.0106914033971522,-0.0106825356523384,-0.0106470646730835,-0.0106115936938286,
-0.0103278258597892,-0.0100440580257498,-0.00976029019171039,-0.00947652235767099,
-0.00919275452363159,-0.0089089866895922,-0.0086252188555528,-0.0083414510215134,
-0.00805768318747401,-0.00777391535343461,-0.00749014751939521,-0.00720637968535581,
-0.00692261185131642,-0.00685166989280657,-0.00678072793429672,-0.00676299244466926,
-0.00675412469985552,-0.00674525695504179,-0.00674082308263493,-0.00673971461453321,
-0.00673916038048235,-0.00673902182196964,-0.00673888326345692,-0.0067386061464315,
-0.00673638921022806,-0.00672752146541433,-0.00670978597578687,-0.00663884401727702,
-0.00649696010025732,-0.00635507618323762,-0.00621319226621792,-0.00607130834919823,
-0.00550377268111943,-0.00436870134496185,-0.00209855867264666,-0.000963487336489077,
0.000171583999668512,0.00471186934429887,0.00925215468892922,0.0137924400335596,
0.0149275113697172,0.0160625827058747,0.0183327253781899,0.0228730107228203,
0.0251431533951355,0.026278224731293,0.0274132960674506,0.0285483674036082,
0.0296834387397658,0.0308185100759234,0.0313860457440022,0.031953581412081),
 .UNSPECIFIED.)
GEOMETRIC_REPRESENTATION_ITEM()
RATIONAL_B_SPLINE_SURFACE(((1.,1.,1.,1.,1.,1.,1.,1.,1.,1.,1.,1.,1.,1.,1.,
1.,1.,1.,1.,1.,1.,1.,1.,1.,1.,1.,1.,1.,1.,1.,1.,1.,1.,1.,1.,1.,1.,1.,1.,
1.,1.,1.,1.,1.,1.,1.,1.,1.,1.,1.,1.,1.,1.,1.,1.,1.,1.,1.,1.,1.,1.,1.,1.,
1.,1.,1.,1.,1.,1.,1.,1.,1.,1.,1.,1.,1.,1.,1.,1.,1.,1.,1.,1.,1.,1.,1.,1.,
1.,1.,1.,1.,1.,1.,1.,1.,1.,1.,1.,1.,1.,1.,1.,1.,1.,1.,1.,1.,1.,1.,1.,1.,
1.,1.,1.,1.,1.,1.,1.,1.,1.,1.,1.,1.,1.,1.,1.,1.,1.,1.,1.,1.,1.,1.,1.,1.,
1.,1.,1.,1.,1.,1.,1.,1.,1.,1.,1.,1.,1.,1.,1.,1.,1.,1.,1.,1.,1.,1.,1.,1.,
1.,1.,1.,1.,1.,1.,1.,1.,1.,1.,1.,1.,1.,1.,1.,1.,1.),(0.671666301145006,
0.676246647326711,0.681970907537197,0.690811764194659,0.693815321892268,
0.697570817907928,0.698329098769812,0.699821279953072,0.70055078993917,
0.70276498397217,0.704251663575094,0.711719032685803,0.71779181506741,0.725372377148353,
0.726888626754273,0.729921508287596,0.731439160530488,0.735969254252839,
0.738965446342117,0.744921004928752,0.747880104297996,0.753778367562393,
0.756721630713562,0.765510707872014,0.771320360805277,0.778637576266876,
0.780104618434046,0.782307759316224,0.783054706341414,0.784141661129638,
0.784494572147273,0.785285803370586,0.785714563567969,0.786057820096431,
0.786104346478951,0.786639879572476,0.787064393398754,0.78802160165306,
0.78841499816277,0.787701283364089,0.787535993182432,0.786833321937022,
0.786668643295645,0.78627799292325,0.786132426173178,0.78584241823617,0.785782447174452,
0.78563288868659,0.785641364793013,0.785400216782755,0.78541529204314,0.785351654776686,
0.78535425256317,0.785335001204632,0.785336029698333,0.785323149657797,
0.785228022269923,0.7851957195491,0.784983820884427,0.784853418487979,0.784697877463102,
0.784388423662667,0.784359233066515,0.783667521457658,0.78393998688094,
0.784252094504291,0.784479217957773,0.785720880603978,0.787034277516514,
0.789655304791591,0.791011107790213,0.803272203695672,0.81406381139,0.83394872723457,
0.843321828113708,0.859936836316818,0.867211154882697,0.879503086588737,
0.884472750870075,0.891220366864847,0.893081713470135,0.893406456445038,
0.891895112961532,0.885764792619697,0.881184751866052,0.869425787647686,
0.862400305873136,0.846269652143123,0.837295935816131,0.817989970403184,
0.807518639486738,0.785749031862286,0.774401809182212,0.750720517207419,
0.738443022397492,0.713626094738917,0.700962838874645,0.684964702463395,
0.681753260154682,0.67540854280468,0.672215918677573,0.668693456853967,
0.668015241135867,0.66712956382917,0.666855486811477,0.666413109444293,
0.666154317791486,0.666337209108258,0.666387047969454,0.666954692887161,
0.667069340858669,0.667396851829688,0.667647565504858,0.667778701307641,
0.667929586353987,0.667980811960347,0.667975132854657,0.668049605947146,
0.668037749794678,0.668444228464114,0.668438551817161,0.669092092558274,
0.669335550409945,0.670027534875458,0.670286685305269,0.671393304615335,
0.67158987696697,0.67207805644263,0.671693089804668,0.671249928250706,0.671131470238357,
0.671298941315056,0.671560617598182,0.671832806010014,0.671925398875419,
0.672222341798023,0.672559733424002,0.673499222744875,0.674159857713709,
0.676176962549599,0.677589812490564,0.679818219084486,0.680579617213459,
0.682139402873109,0.682940156524388,0.687012686990304,0.690547201099111,
0.698273449537539,0.702435300606531,0.711581894308505,0.716528525885201,
0.723415622315918,0.724823369502111,0.727707516023473,0.729138952397684,
0.733914394840685,0.737308464103751,0.748128361392323,0.756195542504741,
0.770167550429806,0.775136474909619,0.783286867284823,0.786129601968065,
0.792065360977459,0.795178801850376,0.801805084836776,0.805317284751576,
0.812997421891769,0.817155097851416,0.826721645735661,0.832085325064928,
0.842226453304732,0.84596975245411,0.854511132811785,0.859346524770871,
0.864627175521966),(1.,1.,1.,1.,1.,1.,1.,1.,1.,1.,1.,1.,1.,1.,1.,1.,1.,
1.,1.,1.,1.,1.,1.,1.,1.,1.,1.,1.,1.,1.,1.,1.,1.,1.,1.,1.,1.,1.,1.,1.,1.,
1.,1.,1.,1.,1.,1.,1.,1.,1.,1.,1.,1.,1.,1.,1.,1.,1.,1.,1.,1.,1.,1.,1.,1.,
1.,1.,1.,1.,1.,1.,1.,1.,1.,1.,1.,1.,1.,1.,1.,1.,1.,1.,1.,1.,1.,1.,1.,1.,
1.,1.,1.,1.,1.,1.,1.,1.,1.,1.,1.,1.,1.,1.,1.,1.,1.,1.,1.,1.,1.,1.,1.,1.,
1.,1.,1.,1.,1.,1.,1.,1.,1.,1.,1.,1.,1.,1.,1.,1.,1.,1.,1.,1.,1.,1.,1.,1.,
1.,1.,1.,1.,1.,1.,1.,1.,1.,1.,1.,1.,1.,1.,1.,1.,1.,1.,1.,1.,1.,1.,1.,1.,
1.,1.,1.,1.,1.,1.,1.,1.,1.,1.,1.,1.,1.,1.,1.)))
REPRESENTATION_ITEM('')
SURFACE()
);
#15=(
BOUNDED_SURFACE()
B_SPLINE_SURFACE(3,2,((#6083,#6084,#6085),(#6086,#6087,#6088),(#6089,#6090,
#6091),(#6092,#6093,#6094),(#6095,#6096,#6097),(#6098,#6099,#6100),(#6101,
#6102,#6103),(#6104,#6105,#6106),(#6107,#6108,#6109),(#6110,#6111,#6112),
(#6113,#6114,#6115),(#6116,#6117,#6118),(#6119,#6120,#6121),(#6122,#6123,
#6124)),.UNSPECIFIED.,.F.,.F.,.F.)
B_SPLINE_SURFACE_WITH_KNOTS((4,1,1,1,1,1,1,1,1,1,1,4),(3,3),(0.118471909188413,
0.119247470090685,0.120023030992957,0.120798591895229,0.1215741527975,0.122349713699772,
0.123125274602044,0.124676396406588,0.126227518211131,0.127778640015675,
0.129329761820218,0.130880883624762),(0.,1.),.UNSPECIFIED.)
GEOMETRIC_REPRESENTATION_ITEM()
RATIONAL_B_SPLINE_SURFACE(((1.,0.864627175521989,1.),(1.,0.868607495862809,
1.),(1.,0.880730709721046,1.),(1.,0.90318492122349,1.),(1.,0.905946379082161,
1.),(1.,0.876793430994361,1.),(1.,0.834086235980334,1.),(1.,0.789637670446196,
1.),(1.,0.759448115813027,1.),(1.,0.734005446105135,1.),(1.,0.712069147662377,
1.),(1.,0.691625225817892,1.),(1.,0.678329590294386,1.),(1.,0.671666301145007,
1.)))
REPRESENTATION_ITEM('')
SURFACE()
);
#16=B_SPLINE_SURFACE_WITH_KNOTS('',3,3,((#531,#532,#533,#534,#535),(#536,
#537,#538,#539,#540),(#541,#542,#543,#544,#545),(#546,#547,#548,#549,#550),
(#551,#552,#553,#554,#555),(#556,#557,#558,#559,#560),(#561,#562,#563,#564,
#565),(#566,#567,#568,#569,#570),(#571,#572,#573,#574,#575),(#576,#577,
#578,#579,#580),(#581,#582,#583,#584,#585),(#586,#587,#588,#589,#590),(#591,
#592,#593,#594,#595),(#596,#597,#598,#599,#600),(#601,#602,#603,#604,#605),
(#606,#607,#608,#609,#610),(#611,#612,#613,#614,#615),(#616,#617,#618,#619,
#620),(#621,#622,#623,#624,#625),(#626,#627,#628,#629,#630),(#631,#632,
#633,#634,#635),(#636,#637,#638,#639,#640),(#641,#642,#643,#644,#645),(#646,
#647,#648,#649,#650),(#651,#652,#653,#654,#655),(#656,#657,#658,#659,#660),
(#661,#662,#663,#664,#665),(#666,#667,#668,#669,#670),(#671,#672,#673,#674,
#675),(#676,#677,#678,#679,#680),(#681,#682,#683,#684,#685),(#686,#687,
#688,#689,#690),(#691,#692,#693,#694,#695),(#696,#697,#698,#699,#700),(#701,
#702,#703,#704,#705),(#706,#707,#708,#709,#710),(#711,#712,#713,#714,#715),
(#716,#717,#718,#719,#720),(#721,#722,#723,#724,#725),(#726,#727,#728,#729,
#730),(#731,#732,#733,#734,#735),(#736,#737,#738,#739,#740),(#741,#742,
#743,#744,#745),(#746,#747,#748,#749,#750),(#751,#752,#753,#754,#755),(#756,
#757,#758,#759,#760),(#761,#762,#763,#764,#765),(#766,#767,#768,#769,#770),
(#771,#772,#773,#774,#775),(#776,#777,#778,#779,#780),(#781,#782,#783,#784,
#785),(#786,#787,#788,#789,#790),(#791,#792,#793,#794,#795),(#796,#797,
#798,#799,#800),(#801,#802,#803,#804,#805),(#806,#807,#808,#809,#810),(#811,
#812,#813,#814,#815),(#816,#817,#818,#819,#820),(#821,#822,#823,#824,#825),
(#826,#827,#828,#829,#830),(#831,#832,#833,#834,#835),(#836,#837,#838,#839,
#840),(#841,#842,#843,#844,#845),(#846,#847,#848,#849,#850),(#851,#852,
#853,#854,#855),(#856,#857,#858,#859,#860),(#861,#862,#863,#864,#865),(#866,
#867,#868,#869,#870),(#871,#872,#873,#874,#875),(#876,#877,#878,#879,#880),
(#881,#882,#883,#884,#885),(#886,#887,#888,#889,#890),(#891,#892,#893,#894,
#895),(#896,#897,#898,#899,#900),(#901,#902,#903,#904,#905),(#906,#907,
#908,#909,#910),(#911,#912,#913,#914,#915),(#916,#917,#918,#919,#920),(#921,
#922,#923,#924,#925),(#926,#927,#928,#929,#930),(#931,#932,#933,#934,#935),
(#936,#937,#938,#939,#940),(#941,#942,#943,#944,#945),(#946,#947,#948,#949,
#950),(#951,#952,#953,#954,#955),(#956,#957,#958,#959,#960),(#961,#962,
#963,#964,#965),(#966,#967,#968,#969,#970),(#971,#972,#973,#974,#975),(#976,
#977,#978,#979,#980),(#981,#982,#983,#984,#985),(#986,#987,#988,#989,#990),
(#991,#992,#993,#994,#995),(#996,#997,#998,#999,#1000),(#1001,#1002,#1003,
#1004,#1005),(#1006,#1007,#1008,#1009,#1010),(#1011,#1012,#1013,#1014,#1015),
(#1016,#1017,#1018,#1019,#1020),(#1021,#1022,#1023,#1024,#1025),(#1026,
#1027,#1028,#1029,#1030),(#1031,#1032,#1033,#1034,#1035),(#1036,#1037,#1038,
#1039,#1040),(#1041,#1042,#1043,#1044,#1045),(#1046,#1047,#1048,#1049,#1050),
(#1051,#1052,#1053,#1054,#1055),(#1056,#1057,#1058,#1059,#1060),(#1061,
#1062,#1063,#1064,#1065),(#1066,#1067,#1068,#1069,#1070),(#1071,#1072,#1073,
#1074,#1075),(#1076,#1077,#1078,#1079,#1080),(#1081,#1082,#1083,#1084,#1085),
(#1086,#1087,#1088,#1089,#1090),(#1091,#1092,#1093,#1094,#1095),(#1096,
#1097,#1098,#1099,#1100),(#1101,#1102,#1103,#1104,#1105),(#1106,#1107,#1108,
#1109,#1110),(#1111,#1112,#1113,#1114,#1115),(#1116,#1117,#1118,#1119,#1120),
(#1121,#1122,#1123,#1124,#1125),(#1126,#1127,#1128,#1129,#1130),(#1131,
#1132,#1133,#1134,#1135),(#1136,#1137,#1138,#1139,#1140),(#1141,#1142,#1143,
#1144,#1145),(#1146,#1147,#1148,#1149,#1150),(#1151,#1152,#1153,#1154,#1155),
(#1156,#1157,#1158,#1159,#1160),(#1161,#1162,#1163,#1164,#1165),(#1166,
#1167,#1168,#1169,#1170),(#1171,#1172,#1173,#1174,#1175),(#1176,#1177,#1178,
#1179,#1180),(#1181,#1182,#1183,#1184,#1185),(#1186,#1187,#1188,#1189,#1190),
(#1191,#1192,#1193,#1194,#1195),(#1196,#1197,#1198,#1199,#1200),(#1201,
#1202,#1203,#1204,#1205),(#1206,#1207,#1208,#1209,#1210),(#1211,#1212,#1213,
#1214,#1215),(#1216,#1217,#1218,#1219,#1220),(#1221,#1222,#1223,#1224,#1225),
(#1226,#1227,#1228,#1229,#1230),(#1231,#1232,#1233,#1234,#1235),(#1236,
#1237,#1238,#1239,#1240),(#1241,#1242,#1243,#1244,#1245),(#1246,#1247,#1248,
#1249,#1250),(#1251,#1252,#1253,#1254,#1255),(#1256,#1257,#1258,#1259,#1260),
(#1261,#1262,#1263,#1264,#1265),(#1266,#1267,#1268,#1269,#1270),(#1271,
#1272,#1273,#1274,#1275),(#1276,#1277,#1278,#1279,#1280),(#1281,#1282,#1283,
#1284,#1285),(#1286,#1287,#1288,#1289,#1290),(#1291,#1292,#1293,#1294,#1295),
(#1296,#1297,#1298,#1299,#1300),(#1301,#1302,#1303,#1304,#1305),(#1306,
#1307,#1308,#1309,#1310),(#1311,#1312,#1313,#1314,#1315),(#1316,#1317,#1318,
#1319,#1320),(#1321,#1322,#1323,#1324,#1325),(#1326,#1327,#1328,#1329,#1330),
(#1331,#1332,#1333,#1334,#1335),(#1336,#1337,#1338,#1339,#1340),(#1341,
#1342,#1343,#1344,#1345),(#1346,#1347,#1348,#1349,#1350),(#1351,#1352,#1353,
#1354,#1355),(#1356,#1357,#1358,#1359,#1360),(#1361,#1362,#1363,#1364,#1365),
(#1366,#1367,#1368,#1369,#1370),(#1371,#1372,#1373,#1374,#1375),(#1376,
#1377,#1378,#1379,#1380),(#1381,#1382,#1383,#1384,#1385),(#1386,#1387,#1388,
#1389,#1390),(#1391,#1392,#1393,#1394,#1395),(#1396,#1397,#1398,#1399,#1400),
(#1401,#1402,#1403,#1404,#1405),(#1406,#1407,#1408,#1409,#1410),(#1411,
#1412,#1413,#1414,#1415),(#1416,#1417,#1418,#1419,#1420),(#1421,#1422,#1423,
#1424,#1425),(#1426,#1427,#1428,#1429,#1430),(#1431,#1432,#1433,#1434,#1435),
(#1436,#1437,#1438,#1439,#1440),(#1441,#1442,#1443,#1444,#1445),(#1446,
#1447,#1448,#1449,#1450),(#1451,#1452,#1453,#1454,#1455),(#1456,#1457,#1458,
#1459,#1460),(#1461,#1462,#1463,#1464,#1465),(#1466,#1467,#1468,#1469,#1470),
(#1471,#1472,#1473,#1474,#1475),(#1476,#1477,#1478,#1479,#1480),(#1481,
#1482,#1483,#1484,#1485),(#1486,#1487,#1488,#1489,#1490),(#1491,#1492,#1493,
#1494,#1495),(#1496,#1497,#1498,#1499,#1500),(#1501,#1502,#1503,#1504,#1505),
(#1506,#1507,#1508,#1509,#1510),(#1511,#1512,#1513,#1514,#1515),(#1516,
#1517,#1518,#1519,#1520),(#1521,#1522,#1523,#1524,#1525),(#1526,#1527,#1528,
#1529,#1530),(#1531,#1532,#1533,#1534,#1535),(#1536,#1537,#1538,#1539,#1540),
(#1541,#1542,#1543,#1544,#1545),(#1546,#1547,#1548,#1549,#1550),(#1551,
#1552,#1553,#1554,#1555),(#1556,#1557,#1558,#1559,#1560),(#1561,#1562,#1563,
#1564,#1565),(#1566,#1567,#1568,#1569,#1570),(#1571,#1572,#1573,#1574,#1575),
(#1576,#1577,#1578,#1579,#1580),(#1581,#1582,#1583,#1584,#1585),(#1586,
#1587,#1588,#1589,#1590),(#1591,#1592,#1593,#1594,#1595),(#1596,#1597,#1598,
#1599,#1600),(#1601,#1602,#1603,#1604,#1605),(#1606,#1607,#1608,#1609,#1610),
(#1611,#1612,#1613,#1614,#1615),(#1616,#1617,#1618,#1619,#1620),(#1621,
#1622,#1623,#1624,#1625),(#1626,#1627,#1628,#1629,#1630),(#1631,#1632,#1633,
#1634,#1635),(#1636,#1637,#1638,#1639,#1640),(#1641,#1642,#1643,#1644,#1645),
(#1646,#1647,#1648,#1649,#1650),(#1651,#1652,#1653,#1654,#1655),(#1656,
#1657,#1658,#1659,#1660),(#1661,#1662,#1663,#1664,#1665),(#1666,#1667,#1668,
#1669,#1670),(#1671,#1672,#1673,#1674,#1675),(#1676,#1677,#1678,#1679,#1680),
(#1681,#1682,#1683,#1684,#1685),(#1686,#1687,#1688,#1689,#1690),(#1691,
#1692,#1693,#1694,#1695),(#1696,#1697,#1698,#1699,#1700),(#1701,#1702,#1703,
#1704,#1705),(#1706,#1707,#1708,#1709,#1710),(#1711,#1712,#1713,#1714,#1715),
(#1716,#1717,#1718,#1719,#1720),(#1721,#1722,#1723,#1724,#1725),(#1726,
#1727,#1728,#1729,#1730),(#1731,#1732,#1733,#1734,#1735),(#1736,#1737,#1738,
#1739,#1740),(#1741,#1742,#1743,#1744,#1745),(#1746,#1747,#1748,#1749,#1750),
(#1751,#1752,#1753,#1754,#1755),(#1756,#1757,#1758,#1759,#1760),(#1761,
#1762,#1763,#1764,#1765),(#1766,#1767,#1768,#1769,#1770),(#1771,#1772,#1773,
#1774,#1775),(#1776,#1777,#1778,#1779,#1780),(#1781,#1782,#1783,#1784,#1785),
(#1786,#1787,#1788,#1789,#1790),(#1791,#1792,#1793,#1794,#1795),(#1796,
#1797,#1798,#1799,#1800),(#1801,#1802,#1803,#1804,#1805),(#1806,#1807,#1808,
#1809,#1810),(#1811,#1812,#1813,#1814,#1815),(#1816,#1817,#1818,#1819,#1820),
(#1821,#1822,#1823,#1824,#1825),(#1826,#1827,#1828,#1829,#1830),(#1831,
#1832,#1833,#1834,#1835),(#1836,#1837,#1838,#1839,#1840),(#1841,#1842,#1843,
#1844,#1845),(#1846,#1847,#1848,#1849,#1850),(#1851,#1852,#1853,#1854,#1855),
(#1856,#1857,#1858,#1859,#1860),(#1861,#1862,#1863,#1864,#1865),(#1866,
#1867,#1868,#1869,#1870),(#1871,#1872,#1873,#1874,#1875),(#1876,#1877,#1878,
#1879,#1880),(#1881,#1882,#1883,#1884,#1885),(#1886,#1887,#1888,#1889,#1890),
(#1891,#1892,#1893,#1894,#1895),(#1896,#1897,#1898,#1899,#1900),(#1901,
#1902,#1903,#1904,#1905),(#1906,#1907,#1908,#1909,#1910),(#1911,#1912,#1913,
#1914,#1915),(#1916,#1917,#1918,#1919,#1920),(#1921,#1922,#1923,#1924,#1925),
(#1926,#1927,#1928,#1929,#1930),(#1931,#1932,#1933,#1934,#1935),(#1936,
#1937,#1938,#1939,#1940),(#1941,#1942,#1943,#1944,#1945),(#1946,#1947,#1948,
#1949,#1950),(#1951,#1952,#1953,#1954,#1955),(#1956,#1957,#1958,#1959,#1960),
(#1961,#1962,#1963,#1964,#1965),(#1966,#1967,#1968,#1969,#1970),(#1971,
#1972,#1973,#1974,#1975),(#1976,#1977,#1978,#1979,#1980),(#1981,#1982,#1983,
#1984,#1985),(#1986,#1987,#1988,#1989,#1990),(#1991,#1992,#1993,#1994,#1995),
(#1996,#1997,#1998,#1999,#2000),(#2001,#2002,#2003,#2004,#2005),(#2006,
#2007,#2008,#2009,#2010),(#2011,#2012,#2013,#2014,#2015),(#2016,#2017,#2018,
#2019,#2020),(#2021,#2022,#2023,#2024,#2025),(#2026,#2027,#2028,#2029,#2030),
(#2031,#2032,#2033,#2034,#2035),(#2036,#2037,#2038,#2039,#2040),(#2041,
#2042,#2043,#2044,#2045),(#2046,#2047,#2048,#2049,#2050),(#2051,#2052,#2053,
#2054,#2055),(#2056,#2057,#2058,#2059,#2060),(#2061,#2062,#2063,#2064,#2065),
(#2066,#2067,#2068,#2069,#2070),(#2071,#2072,#2073,#2074,#2075),(#2076,
#2077,#2078,#2079,#2080),(#2081,#2082,#2083,#2084,#2085),(#2086,#2087,#2088,
#2089,#2090),(#2091,#2092,#2093,#2094,#2095),(#2096,#2097,#2098,#2099,#2100),
(#2101,#2102,#2103,#2104,#2105),(#2106,#2107,#2108,#2109,#2110),(#2111,
#2112,#2113,#2114,#2115),(#2116,#2117,#2118,#2119,#2120),(#2121,#2122,#2123,
#2124,#2125),(#2126,#2127,#2128,#2129,#2130),(#2131,#2132,#2133,#2134,#2135),
(#2136,#2137,#2138,#2139,#2140),(#2141,#2142,#2143,#2144,#2145),(#2146,
#2147,#2148,#2149,#2150),(#2151,#2152,#2153,#2154,#2155),(#2156,#2157,#2158,
#2159,#2160),(#2161,#2162,#2163,#2164,#2165),(#2166,#2167,#2168,#2169,#2170),
(#2171,#2172,#2173,#2174,#2175),(#2176,#2177,#2178,#2179,#2180),(#2181,
#2182,#2183,#2184,#2185),(#2186,#2187,#2188,#2189,#2190),(#2191,#2192,#2193,
#2194,#2195),(#2196,#2197,#2198,#2199,#2200),(#2201,#2202,#2203,#2204,#2205),
(#2206,#2207,#2208,#2209,#2210),(#2211,#2212,#2213,#2214,#2215),(#2216,
#2217,#2218,#2219,#2220),(#2221,#2222,#2223,#2224,#2225),(#2226,#2227,#2228,
#2229,#2230),(#2231,#2232,#2233,#2234,#2235),(#2236,#2237,#2238,#2239,#2240),
(#2241,#2242,#2243,#2244,#2245),(#2246,#2247,#2248,#2249,#2250),(#2251,
#2252,#2253,#2254,#2255),(#2256,#2257,#2258,#2259,#2260),(#2261,#2262,#2263,
#2264,#2265),(#2266,#2267,#2268,#2269,#2270),(#2271,#2272,#2273,#2274,#2275),
(#2276,#2277,#2278,#2279,#2280),(#2281,#2282,#2283,#2284,#2285),(#2286,
#2287,#2288,#2289,#2290),(#2291,#2292,#2293,#2294,#2295),(#2296,#2297,#2298,
#2299,#2300),(#2301,#2302,#2303,#2304,#2305),(#2306,#2307,#2308,#2309,#2310),
(#2311,#2312,#2313,#2314,#2315),(#2316,#2317,#2318,#2319,#2320),(#2321,
#2322,#2323,#2324,#2325),(#2326,#2327,#2328,#2329,#2330),(#2331,#2332,#2333,
#2334,#2335),(#2336,#2337,#2338,#2339,#2340),(#2341,#2342,#2343,#2344,#2345),
(#2346,#2347,#2348,#2349,#2350),(#2351,#2352,#2353,#2354,#2355),(#2356,
#2357,#2358,#2359,#2360),(#2361,#2362,#2363,#2364,#2365),(#2366,#2367,#2368,
#2369,#2370),(#2371,#2372,#2373,#2374,#2375),(#2376,#2377,#2378,#2379,#2380),
(#2381,#2382,#2383,#2384,#2385),(#2386,#2387,#2388,#2389,#2390),(#2391,
#2392,#2393,#2394,#2395),(#2396,#2397,#2398,#2399,#2400),(#2401,#2402,#2403,
#2404,#2405),(#2406,#2407,#2408,#2409,#2410),(#2411,#2412,#2413,#2414,#2415),
(#2416,#2417,#2418,#2419,#2420),(#2421,#2422,#2423,#2424,#2425),(#2426,
#2427,#2428,#2429,#2430),(#2431,#2432,#2433,#2434,#2435),(#2436,#2437,#2438,
#2439,#2440),(#2441,#2442,#2443,#2444,#2445),(#2446,#2447,#2448,#2449,#2450),
(#2451,#2452,#2453,#2454,#2455),(#2456,#2457,#2458,#2459,#2460),(#2461,
#2462,#2463,#2464,#2465),(#2466,#2467,#2468,#2469,#2470),(#2471,#2472,#2473,
#2474,#2475),(#2476,#2477,#2478,#2479,#2480),(#2481,#2482,#2483,#2484,#2485),
(#2486,#2487,#2488,#2489,#2490)),.UNSPECIFIED.,.T.,.F.,.F.,(2,2,2,2,2,2,
2,2,2,2,2,2,2,2,2,2,2,2,2,2,2,2,2,2,2,2,2,2,2,2,2,2,2,2,2,2,2,2,2,2,2,2,
2,2,2,2,2,2,2,2,2,2,2,2,2,2,2,2,2,2,2,2,2,2,2,2,2,2,2,2,2,2,2,2,2,2,2,2,
2,2,2,2,2,2,2,2,2,2,2,2,2,2,2,2,2,2,2,2,2,2,2,2,2,2,2,2,2,2,2,2,2,2,2,2,
2,2,2,2,2,2,2,2,2,2,2,2,2,2,2,2,2,2,2,2,2,2,2,2,2,2,2,2,2,2,2,2,2,2,2,2,
2,2,2,2,2,2,2,2,2,2,2,2,2,2,2,2,2,2,2,2,2,2,2,2,2,2,2,2,2,2,2,2,2,2,2,2,
2,2,2,2,2,2,2,2,2,2,2,2),(4,1,4),(-0.0009765625,0.,0.0009765625,0.00146484375,
0.001953125,0.00390625,0.0048828125,0.005859375,0.0078125,0.0087890625,
0.009765625,0.01171875,0.0126953125,0.013671875,0.015625,0.017578125,0.01953125,
0.0234375,0.03125,0.0390625,0.046875,0.0546875,0.0625,0.078125,0.09375,
0.1015625,0.10546875,0.109375,0.11328125,0.115234375,0.1171875,0.12109375,
0.123046875,0.125,0.12890625,0.1328125,0.13671875,0.140625,0.1484375,0.15625,
0.1875,0.21875,0.234375,0.2421875,0.25,0.2578125,0.26171875,0.265625,0.267578125,
0.26953125,0.2734375,0.27734375,0.28125,0.296875,0.3046875,0.30859375,0.3125,
0.31640625,0.3203125,0.322265625,0.32421875,0.326171875,0.328125,0.33203125,
0.3359375,0.34375,0.359375,0.3671875,0.375,0.37890625,0.3828125,0.384765625,
0.38671875,0.388671875,0.390625,0.39453125,0.3984375,0.40625,0.421875,0.4296875,
0.4375,0.4453125,0.453125,0.4609375,0.46875,0.47265625,0.4765625,0.48046875,
0.484375,0.48828125,0.4921875,0.494140625,0.49609375,0.49658203125,0.4970703125,
0.498046875,0.49853515625,0.4990234375,0.5,0.501953125,0.5029296875,0.50341796875,
0.50390625,0.5048828125,0.50537109375,0.505859375,0.5068359375,0.5078125,
0.5087890625,0.509765625,0.51171875,0.515625,0.51953125,0.5234375,0.52734375,
0.53125,0.53515625,0.5390625,0.546875,0.5546875,0.5625,0.5703125,0.578125,
0.5859375,0.59375,0.6015625,0.60546875,0.609375,0.611328125,0.61328125,
0.615234375,0.6171875,0.62109375,0.625,0.6328125,0.640625,0.65625,0.6640625,
0.66796875,0.671875,0.673828125,0.67578125,0.6796875,0.68359375,0.6875,
0.69140625,0.6953125,0.703125,0.71875,0.72265625,0.7265625,0.73046875,0.732421875,
0.734375,0.73828125,0.7421875,0.74609375,0.75,0.7578125,0.765625,0.78125,
0.8125,0.84375,0.859375,0.8671875,0.87109375,0.875,0.876953125,0.87890625,
0.8828125,0.884765625,0.88671875,0.890625,0.8984375,0.90625,0.921875,0.9375,
0.9453125,0.953125,0.9609375,0.96875,0.9765625,0.98046875,0.984375,0.986328125,
0.9873046875,0.98828125,0.990234375,0.9912109375,0.9921875,0.994140625,
0.9951171875,0.99609375,0.998046875,0.99853515625,0.9990234375,1.,1.0009765625),
(0.178560277331953,0.499992820259841,1.),.UNSPECIFIED.);
#17=B_SPLINE_SURFACE_WITH_KNOTS('',3,3,((#2748,#2749,#2750,#2751,#2752),
(#2753,#2754,#2755,#2756,#2757),(#2758,#2759,#2760,#2761,#2762),(#2763,
#2764,#2765,#2766,#2767),(#2768,#2769,#2770,#2771,#2772),(#2773,#2774,#2775,
#2776,#2777),(#2778,#2779,#2780,#2781,#2782),(#2783,#2784,#2785,#2786,#2787),
(#2788,#2789,#2790,#2791,#2792),(#2793,#2794,#2795,#2796,#2797),(#2798,
#2799,#2800,#2801,#2802),(#2803,#2804,#2805,#2806,#2807),(#2808,#2809,#2810,
#2811,#2812),(#2813,#2814,#2815,#2816,#2817),(#2818,#2819,#2820,#2821,#2822),
(#2823,#2824,#2825,#2826,#2827),(#2828,#2829,#2830,#2831,#2832),(#2833,
#2834,#2835,#2836,#2837),(#2838,#2839,#2840,#2841,#2842),(#2843,#2844,#2845,
#2846,#2847),(#2848,#2849,#2850,#2851,#2852),(#2853,#2854,#2855,#2856,#2857),
(#2858,#2859,#2860,#2861,#2862),(#2863,#2864,#2865,#2866,#2867),(#2868,
#2869,#2870,#2871,#2872),(#2873,#2874,#2875,#2876,#2877),(#2878,#2879,#2880,
#2881,#2882),(#2883,#2884,#2885,#2886,#2887),(#2888,#2889,#2890,#2891,#2892),
(#2893,#2894,#2895,#2896,#2897),(#2898,#2899,#2900,#2901,#2902),(#2903,
#2904,#2905,#2906,#2907),(#2908,#2909,#2910,#2911,#2912),(#2913,#2914,#2915,
#2916,#2917),(#2918,#2919,#2920,#2921,#2922),(#2923,#2924,#2925,#2926,#2927),
(#2928,#2929,#2930,#2931,#2932),(#2933,#2934,#2935,#2936,#2937),(#2938,
#2939,#2940,#2941,#2942),(#2943,#2944,#2945,#2946,#2947),(#2948,#2949,#2950,
#2951,#2952),(#2953,#2954,#2955,#2956,#2957),(#2958,#2959,#2960,#2961,#2962),
(#2963,#2964,#2965,#2966,#2967),(#2968,#2969,#2970,#2971,#2972),(#2973,
#2974,#2975,#2976,#2977),(#2978,#2979,#2980,#2981,#2982),(#2983,#2984,#2985,
#2986,#2987),(#2988,#2989,#2990,#2991,#2992),(#2993,#2994,#2995,#2996,#2997),
(#2998,#2999,#3000,#3001,#3002),(#3003,#3004,#3005,#3006,#3007),(#3008,
#3009,#3010,#3011,#3012),(#3013,#3014,#3015,#3016,#3017),(#3018,#3019,#3020,
#3021,#3022),(#3023,#3024,#3025,#3026,#3027),(#3028,#3029,#3030,#3031,#3032),
(#3033,#3034,#3035,#3036,#3037),(#3038,#3039,#3040,#3041,#3042),(#3043,
#3044,#3045,#3046,#3047),(#3048,#3049,#3050,#3051,#3052),(#3053,#3054,#3055,
#3056,#3057),(#3058,#3059,#3060,#3061,#3062),(#3063,#3064,#3065,#3066,#3067),
(#3068,#3069,#3070,#3071,#3072),(#3073,#3074,#3075,#3076,#3077),(#3078,
#3079,#3080,#3081,#3082),(#3083,#3084,#3085,#3086,#3087),(#3088,#3089,#3090,
#3091,#3092),(#3093,#3094,#3095,#3096,#3097),(#3098,#3099,#3100,#3101,#3102),
(#3103,#3104,#3105,#3106,#3107),(#3108,#3109,#3110,#3111,#3112),(#3113,
#3114,#3115,#3116,#3117),(#3118,#3119,#3120,#3121,#3122),(#3123,#3124,#3125,
#3126,#3127),(#3128,#3129,#3130,#3131,#3132),(#3133,#3134,#3135,#3136,#3137),
(#3138,#3139,#3140,#3141,#3142),(#3143,#3144,#3145,#3146,#3147),(#3148,
#3149,#3150,#3151,#3152),(#3153,#3154,#3155,#3156,#3157),(#3158,#3159,#3160,
#3161,#3162),(#3163,#3164,#3165,#3166,#3167),(#3168,#3169,#3170,#3171,#3172),
(#3173,#3174,#3175,#3176,#3177),(#3178,#3179,#3180,#3181,#3182),(#3183,
#3184,#3185,#3186,#3187),(#3188,#3189,#3190,#3191,#3192),(#3193,#3194,#3195,
#3196,#3197),(#3198,#3199,#3200,#3201,#3202),(#3203,#3204,#3205,#3206,#3207),
(#3208,#3209,#3210,#3211,#3212),(#3213,#3214,#3215,#3216,#3217),(#3218,
#3219,#3220,#3221,#3222),(#3223,#3224,#3225,#3226,#3227),(#3228,#3229,#3230,
#3231,#3232),(#3233,#3234,#3235,#3236,#3237),(#3238,#3239,#3240,#3241,#3242),
(#3243,#3244,#3245,#3246,#3247),(#3248,#3249,#3250,#3251,#3252),(#3253,
#3254,#3255,#3256,#3257),(#3258,#3259,#3260,#3261,#3262),(#3263,#3264,#3265,
#3266,#3267),(#3268,#3269,#3270,#3271,#3272),(#3273,#3274,#3275,#3276,#3277),
(#3278,#3279,#3280,#3281,#3282),(#3283,#3284,#3285,#3286,#3287),(#3288,
#3289,#3290,#3291,#3292),(#3293,#3294,#3295,#3296,#3297),(#3298,#3299,#3300,
#3301,#3302),(#3303,#3304,#3305,#3306,#3307),(#3308,#3309,#3310,#3311,#3312),
(#3313,#3314,#3315,#3316,#3317),(#3318,#3319,#3320,#3321,#3322),(#3323,
#3324,#3325,#3326,#3327),(#3328,#3329,#3330,#3331,#3332),(#3333,#3334,#3335,
#3336,#3337),(#3338,#3339,#3340,#3341,#3342),(#3343,#3344,#3345,#3346,#3347),
(#3348,#3349,#3350,#3351,#3352),(#3353,#3354,#3355,#3356,#3357),(#3358,
#3359,#3360,#3361,#3362),(#3363,#3364,#3365,#3366,#3367),(#3368,#3369,#3370,
#3371,#3372),(#3373,#3374,#3375,#3376,#3377),(#3378,#3379,#3380,#3381,#3382),
(#3383,#3384,#3385,#3386,#3387),(#3388,#3389,#3390,#3391,#3392),(#3393,
#3394,#3395,#3396,#3397),(#3398,#3399,#3400,#3401,#3402),(#3403,#3404,#3405,
#3406,#3407),(#3408,#3409,#3410,#3411,#3412),(#3413,#3414,#3415,#3416,#3417),
(#3418,#3419,#3420,#3421,#3422),(#3423,#3424,#3425,#3426,#3427),(#3428,
#3429,#3430,#3431,#3432),(#3433,#3434,#3435,#3436,#3437),(#3438,#3439,#3440,
#3441,#3442),(#3443,#3444,#3445,#3446,#3447),(#3448,#3449,#3450,#3451,#3452),
(#3453,#3454,#3455,#3456,#3457),(#3458,#3459,#3460,#3461,#3462),(#3463,
#3464,#3465,#3466,#3467),(#3468,#3469,#3470,#3471,#3472),(#3473,#3474,#3475,
#3476,#3477),(#3478,#3479,#3480,#3481,#3482),(#3483,#3484,#3485,#3486,#3487),
(#3488,#3489,#3490,#3491,#3492),(#3493,#3494,#3495,#3496,#3497),(#3498,
#3499,#3500,#3501,#3502),(#3503,#3504,#3505,#3506,#3507),(#3508,#3509,#3510,
#3511,#3512),(#3513,#3514,#3515,#3516,#3517),(#3518,#3519,#3520,#3521,#3522),
(#3523,#3524,#3525,#3526,#3527),(#3528,#3529,#3530,#3531,#3532),(#3533,
#3534,#3535,#3536,#3537),(#3538,#3539,#3540,#3541,#3542),(#3543,#3544,#3545,
#3546,#3547),(#3548,#3549,#3550,#3551,#3552),(#3553,#3554,#3555,#3556,#3557),
(#3558,#3559,#3560,#3561,#3562),(#3563,#3564,#3565,#3566,#3567),(#3568,
#3569,#3570,#3571,#3572),(#3573,#3574,#3575,#3576,#3577),(#3578,#3579,#3580,
#3581,#3582),(#3583,#3584,#3585,#3586,#3587),(#3588,#3589,#3590,#3591,#3592),
(#3593,#3594,#3595,#3596,#3597),(#3598,#3599,#3600,#3601,#3602),(#3603,
#3604,#3605,#3606,#3607),(#3608,#3609,#3610,#3611,#3612),(#3613,#3614,#3615,
#3616,#3617),(#3618,#3619,#3620,#3621,#3622),(#3623,#3624,#3625,#3626,#3627),
(#3628,#3629,#3630,#3631,#3632),(#3633,#3634,#3635,#3636,#3637),(#3638,
#3639,#3640,#3641,#3642),(#3643,#3644,#3645,#3646,#3647),(#3648,#3649,#3650,
#3651,#3652),(#3653,#3654,#3655,#3656,#3657),(#3658,#3659,#3660,#3661,#3662),
(#3663,#3664,#3665,#3666,#3667),(#3668,#3669,#3670,#3671,#3672),(#3673,
#3674,#3675,#3676,#3677),(#3678,#3679,#3680,#3681,#3682),(#3683,#3684,#3685,
#3686,#3687),(#3688,#3689,#3690,#3691,#3692),(#3693,#3694,#3695,#3696,#3697),
(#3698,#3699,#3700,#3701,#3702),(#3703,#3704,#3705,#3706,#3707),(#3708,
#3709,#3710,#3711,#3712),(#3713,#3714,#3715,#3716,#3717),(#3718,#3719,#3720,
#3721,#3722),(#3723,#3724,#3725,#3726,#3727),(#3728,#3729,#3730,#3731,#3732),
(#3733,#3734,#3735,#3736,#3737),(#3738,#3739,#3740,#3741,#3742),(#3743,
#3744,#3745,#3746,#3747),(#3748,#3749,#3750,#3751,#3752),(#3753,#3754,#3755,
#3756,#3757),(#3758,#3759,#3760,#3761,#3762),(#3763,#3764,#3765,#3766,#3767),
(#3768,#3769,#3770,#3771,#3772),(#3773,#3774,#3775,#3776,#3777),(#3778,
#3779,#3780,#3781,#3782),(#3783,#3784,#3785,#3786,#3787),(#3788,#3789,#3790,
#3791,#3792),(#3793,#3794,#3795,#3796,#3797),(#3798,#3799,#3800,#3801,#3802),
(#3803,#3804,#3805,#3806,#3807),(#3808,#3809,#3810,#3811,#3812),(#3813,
#3814,#3815,#3816,#3817),(#3818,#3819,#3820,#3821,#3822),(#3823,#3824,#3825,
#3826,#3827),(#3828,#3829,#3830,#3831,#3832),(#3833,#3834,#3835,#3836,#3837),
(#3838,#3839,#3840,#3841,#3842),(#3843,#3844,#3845,#3846,#3847),(#3848,
#3849,#3850,#3851,#3852),(#3853,#3854,#3855,#3856,#3857),(#3858,#3859,#3860,
#3861,#3862),(#3863,#3864,#3865,#3866,#3867),(#3868,#3869,#3870,#3871,#3872),
(#3873,#3874,#3875,#3876,#3877),(#3878,#3879,#3880,#3881,#3882),(#3883,
#3884,#3885,#3886,#3887),(#3888,#3889,#3890,#3891,#3892),(#3893,#3894,#3895,
#3896,#3897),(#3898,#3899,#3900,#3901,#3902),(#3903,#3904,#3905,#3906,#3907),
(#3908,#3909,#3910,#3911,#3912),(#3913,#3914,#3915,#3916,#3917),(#3918,
#3919,#3920,#3921,#3922),(#3923,#3924,#3925,#3926,#3927),(#3928,#3929,#3930,
#3931,#3932),(#3933,#3934,#3935,#3936,#3937),(#3938,#3939,#3940,#3941,#3942),
(#3943,#3944,#3945,#3946,#3947),(#3948,#3949,#3950,#3951,#3952),(#3953,
#3954,#3955,#3956,#3957),(#3958,#3959,#3960,#3961,#3962),(#3963,#3964,#3965,
#3966,#3967),(#3968,#3969,#3970,#3971,#3972),(#3973,#3974,#3975,#3976,#3977),
(#3978,#3979,#3980,#3981,#3982),(#3983,#3984,#3985,#3986,#3987),(#3988,
#3989,#3990,#3991,#3992),(#3993,#3994,#3995,#3996,#3997),(#3998,#3999,#4000,
#4001,#4002),(#4003,#4004,#4005,#4006,#4007),(#4008,#4009,#4010,#4011,#4012),
(#4013,#4014,#4015,#4016,#4017),(#4018,#4019,#4020,#4021,#4022),(#4023,
#4024,#4025,#4026,#4027),(#4028,#4029,#4030,#4031,#4032),(#4033,#4034,#4035,
#4036,#4037),(#4038,#4039,#4040,#4041,#4042),(#4043,#4044,#4045,#4046,#4047),
(#4048,#4049,#4050,#4051,#4052),(#4053,#4054,#4055,#4056,#4057),(#4058,
#4059,#4060,#4061,#4062),(#4063,#4064,#4065,#4066,#4067),(#4068,#4069,#4070,
#4071,#4072),(#4073,#4074,#4075,#4076,#4077),(#4078,#4079,#4080,#4081,#4082),
(#4083,#4084,#4085,#4086,#4087),(#4088,#4089,#4090,#4091,#4092),(#4093,
#4094,#4095,#4096,#4097),(#4098,#4099,#4100,#4101,#4102),(#4103,#4104,#4105,
#4106,#4107),(#4108,#4109,#4110,#4111,#4112),(#4113,#4114,#4115,#4116,#4117),
(#4118,#4119,#4120,#4121,#4122),(#4123,#4124,#4125,#4126,#4127),(#4128,
#4129,#4130,#4131,#4132),(#4133,#4134,#4135,#4136,#4137),(#4138,#4139,#4140,
#4141,#4142),(#4143,#4144,#4145,#4146,#4147),(#4148,#4149,#4150,#4151,#4152),
(#4153,#4154,#4155,#4156,#4157),(#4158,#4159,#4160,#4161,#4162),(#4163,
#4164,#4165,#4166,#4167),(#4168,#4169,#4170,#4171,#4172),(#4173,#4174,#4175,
#4176,#4177),(#4178,#4179,#4180,#4181,#4182),(#4183,#4184,#4185,#4186,#4187),
(#4188,#4189,#4190,#4191,#4192),(#4193,#4194,#4195,#4196,#4197),(#4198,
#4199,#4200,#4201,#4202),(#4203,#4204,#4205,#4206,#4207),(#4208,#4209,#4210,
#4211,#4212),(#4213,#4214,#4215,#4216,#4217),(#4218,#4219,#4220,#4221,#4222),
(#4223,#4224,#4225,#4226,#4227),(#4228,#4229,#4230,#4231,#4232),(#4233,
#4234,#4235,#4236,#4237),(#4238,#4239,#4240,#4241,#4242),(#4243,#4244,#4245,
#4246,#4247),(#4248,#4249,#4250,#4251,#4252),(#4253,#4254,#4255,#4256,#4257),
(#4258,#4259,#4260,#4261,#4262),(#4263,#4264,#4265,#4266,#4267),(#4268,
#4269,#4270,#4271,#4272),(#4273,#4274,#4275,#4276,#4277),(#4278,#4279,#4280,
#4281,#4282),(#4283,#4284,#4285,#4286,#4287),(#4288,#4289,#4290,#4291,#4292),
(#4293,#4294,#4295,#4296,#4297),(#4298,#4299,#4300,#4301,#4302),(#4303,
#4304,#4305,#4306,#4307),(#4308,#4309,#4310,#4311,#4312),(#4313,#4314,#4315,
#4316,#4317),(#4318,#4319,#4320,#4321,#4322),(#4323,#4324,#4325,#4326,#4327),
(#4328,#4329,#4330,#4331,#4332),(#4333,#4334,#4335,#4336,#4337),(#4338,
#4339,#4340,#4341,#4342),(#4343,#4344,#4345,#4346,#4347),(#4348,#4349,#4350,
#4351,#4352),(#4353,#4354,#4355,#4356,#4357),(#4358,#4359,#4360,#4361,#4362),
(#4363,#4364,#4365,#4366,#4367),(#4368,#4369,#4370,#4371,#4372),(#4373,
#4374,#4375,#4376,#4377),(#4378,#4379,#4380,#4381,#4382),(#4383,#4384,#4385,
#4386,#4387),(#4388,#4389,#4390,#4391,#4392),(#4393,#4394,#4395,#4396,#4397),
(#4398,#4399,#4400,#4401,#4402),(#4403,#4404,#4405,#4406,#4407),(#4408,
#4409,#4410,#4411,#4412),(#4413,#4414,#4415,#4416,#4417),(#4418,#4419,#4420,
#4421,#4422),(#4423,#4424,#4425,#4426,#4427),(#4428,#4429,#4430,#4431,#4432),
(#4433,#4434,#4435,#4436,#4437),(#4438,#4439,#4440,#4441,#4442),(#4443,
#4444,#4445,#4446,#4447),(#4448,#4449,#4450,#4451,#4452),(#4453,#4454,#4455,
#4456,#4457),(#4458,#4459,#4460,#4461,#4462),(#4463,#4464,#4465,#4466,#4467),
(#4468,#4469,#4470,#4471,#4472),(#4473,#4474,#4475,#4476,#4477),(#4478,
#4479,#4480,#4481,#4482),(#4483,#4484,#4485,#4486,#4487),(#4488,#4489,#4490,
#4491,#4492),(#4493,#4494,#4495,#4496,#4497),(#4498,#4499,#4500,#4501,#4502),
(#4503,#4504,#4505,#4506,#4507),(#4508,#4509,#4510,#4511,#4512),(#4513,
#4514,#4515,#4516,#4517),(#4518,#4519,#4520,#4521,#4522),(#4523,#4524,#4525,
#4526,#4527),(#4528,#4529,#4530,#4531,#4532),(#4533,#4534,#4535,#4536,#4537),
(#4538,#4539,#4540,#4541,#4542),(#4543,#4544,#4545,#4546,#4547),(#4548,
#4549,#4550,#4551,#4552),(#4553,#4554,#4555,#4556,#4557),(#4558,#4559,#4560,
#4561,#4562),(#4563,#4564,#4565,#4566,#4567),(#4568,#4569,#4570,#4571,#4572),
(#4573,#4574,#4575,#4576,#4577),(#4578,#4579,#4580,#4581,#4582),(#4583,
#4584,#4585,#4586,#4587),(#4588,#4589,#4590,#4591,#4592),(#4593,#4594,#4595,
#4596,#4597),(#4598,#4599,#4600,#4601,#4602),(#4603,#4604,#4605,#4606,#4607),
(#4608,#4609,#4610,#4611,#4612),(#4613,#4614,#4615,#4616,#4617),(#4618,
#4619,#4620,#4621,#4622),(#4623,#4624,#4625,#4626,#4627),(#4628,#4629,#4630,
#4631,#4632),(#4633,#4634,#4635,#4636,#4637),(#4638,#4639,#4640,#4641,#4642),
(#4643,#4644,#4645,#4646,#4647),(#4648,#4649,#4650,#4651,#4652),(#4653,
#4654,#4655,#4656,#4657),(#4658,#4659,#4660,#4661,#4662),(#4663,#4664,#4665,
#4666,#4667),(#4668,#4669,#4670,#4671,#4672),(#4673,#4674,#4675,#4676,#4677),
(#4678,#4679,#4680,#4681,#4682),(#4683,#4684,#4685,#4686,#4687),(#4688,
#4689,#4690,#4691,#4692),(#4693,#4694,#4695,#4696,#4697),(#4698,#4699,#4700,
#4701,#4702),(#4703,#4704,#4705,#4706,#4707)),.UNSPECIFIED.,.T.,.F.,.F.,
(2,2,2,2,2,2,2,2,2,2,2,2,2,2,2,2,2,2,2,2,2,2,2,2,2,2,2,2,2,2,2,2,2,2,2,
2,2,2,2,2,2,2,2,2,2,2,2,2,2,2,2,2,2,2,2,2,2,2,2,2,2,2,2,2,2,2,2,2,2,2,2,
2,2,2,2,2,2,2,2,2,2,2,2,2,2,2,2,2,2,2,2,2,2,2,2,2,2,2,2,2,2,2,2,2,2,2,2,
2,2,2,2,2,2,2,2,2,2,2,2,2,2,2,2,2,2,2,2,2,2,2,2,2,2,2,2,2,2,2,2,2,2,2,2,
2,2,2,2,2,2,2,2,2,2,2,2,2,2,2,2,2,2,2,2,2,2,2,2,2,2,2,2,2,2,2,2,2,2,2,2,
2,2,2,2,2,2,2,2,2,2,2,2,2,2,2,2,2,2,2),(4,1,4),(-0.0009765625,0.,0.0009765625,
0.00146484375,0.001953125,0.00390625,0.0048828125,0.005859375,0.0078125,
0.0087890625,0.009765625,0.01171875,0.0126953125,0.013671875,0.015625,0.017578125,
0.01953125,0.0234375,0.03125,0.0390625,0.046875,0.0546875,0.0625,0.078125,
0.09375,0.1015625,0.10546875,0.109375,0.11328125,0.115234375,0.1171875,
0.12109375,0.123046875,0.125,0.12890625,0.1328125,0.13671875,0.140625,0.1484375,
0.15625,0.1875,0.21875,0.234375,0.2421875,0.25,0.2578125,0.26171875,0.265625,
0.267578125,0.26953125,0.2734375,0.27734375,0.28125,0.296875,0.3046875,
0.30859375,0.3125,0.31640625,0.3203125,0.322265625,0.32421875,0.326171875,
0.328125,0.33203125,0.3359375,0.34375,0.359375,0.3671875,0.375,0.37890625,
0.3828125,0.384765625,0.38671875,0.388671875,0.390625,0.39453125,0.3984375,
0.40625,0.421875,0.4296875,0.4375,0.4453125,0.453125,0.4609375,0.46875,
0.47265625,0.4765625,0.48046875,0.484375,0.48828125,0.4921875,0.494140625,
0.49609375,0.49658203125,0.4970703125,0.498046875,0.49853515625,0.4990234375,
0.5,0.501953125,0.5029296875,0.50341796875,0.50390625,0.5048828125,0.50537109375,
0.505859375,0.5068359375,0.5078125,0.5087890625,0.509765625,0.51171875,
0.515625,0.51953125,0.5234375,0.52734375,0.53125,0.53515625,0.5390625,0.546875,
0.5546875,0.5625,0.5703125,0.578125,0.5859375,0.59375,0.6015625,0.60546875,
0.609375,0.611328125,0.61328125,0.615234375,0.6171875,0.62109375,0.625,
0.6328125,0.640625,0.65625,0.6640625,0.66796875,0.671875,0.673828125,0.67578125,
0.6796875,0.68359375,0.6875,0.69140625,0.6953125,0.703125,0.71875,0.72265625,
0.7265625,0.73046875,0.732421875,0.734375,0.73828125,0.7421875,0.74609375,
0.75,0.7578125,0.765625,0.78125,0.8125,0.84375,0.859375,0.8671875,0.87109375,
0.875,0.876953125,0.87890625,0.8828125,0.884765625,0.88671875,0.890625,
0.8984375,0.90625,0.921875,0.9375,0.9453125,0.953125,0.9609375,0.96875,
0.9765625,0.98046875,0.984375,0.986328125,0.9873046875,0.98828125,0.990234375,
0.9912109375,0.9921875,0.994140625,0.9951171875,0.99609375,0.998046875,
0.99853515625,0.9990234375,1.,1.0009765625),(0.178560277332181,0.499992820259841,
1.),.UNSPECIFIED.);
#18=TOROIDAL_SURFACE('',#225,0.022,0.008);
#19=PLANE('',#222);
#20=PLANE('',#224);
#21=PLANE('',#226);
#22=PLANE('',#227);
#23=B_SPLINE_CURVE_WITH_KNOTS('',3,(#266,#267,#268,#269,#270,#271,#272,
#273,#274,#275,#276,#277,#278,#279,#280,#281,#282,#283,#284,#285,#286,#287,
#288,#289,#290,#291,#292,#293,#294,#295,#296,#297,#298,#299,#300,#301,#302,
#303,#304,#305,#306,#307,#308,#309,#310,#311,#312,#313,#314,#315,#316,#317,
#318,#319,#320,#321,#322,#323,#324,#325,#326,#327,#328,#329,#330,#331,#332,
#333,#334,#335,#336,#337,#338,#339,#340,#341,#342,#343,#344,#345,#346,#347,
#348,#349,#350,#351,#352,#353,#354,#355,#356,#357,#358,#359,#360,#361,#362,
#363,#364,#365,#366,#367,#368,#369,#370,#371,#372,#373,#374,#375,#376,#377,
#378,#379),.UNSPECIFIED.,.F.,.F.,(4,1,1,1,1,1,1,1,1,1,1,1,1,1,1,1,1,1,1,
1,1,1,1,1,1,1,1,1,1,1,1,1,1,1,1,1,1,1,1,1,1,1,1,1,1,1,1,1,1,1,1,1,1,1,1,
1,1,1,1,1,1,1,1,1,1,1,1,1,1,1,1,1,1,1,1,1,1,1,1,1,1,1,1,1,1,1,1,1,1,1,1,
1,1,1,1,1,1,1,1,1,1,1,1,1,1,1,1,1,1,1,1,4),(0.,0.015625,0.0234375,0.02734375,
0.03125,0.03515625,0.0390625,0.046875,0.0546875,0.0625,0.0703125,0.078125,
0.0859375,0.09375,0.1015625,0.109375,0.125,0.140625,0.15625,0.171875,0.1875,
0.203125,0.21875,0.234375,0.25,0.265625,0.28125,0.3125,0.34375,0.375,0.40625,
0.4375,0.46875,0.484375,0.5,0.5078125,0.51171875,0.515625,0.51953125,0.5234375,
0.52734375,0.529296875,0.53125,0.5322265625,0.533203125,0.53515625,0.5390625,
0.546875,0.5625,0.5703125,0.578125,0.5859375,0.58984375,0.591796875,0.59375,
0.595703125,0.59765625,0.6015625,0.60546875,0.607421875,0.609375,0.611328125,
0.61328125,0.6171875,0.625,0.6328125,0.640625,0.65625,0.671875,0.6796875,
0.6875,0.6953125,0.703125,0.71875,0.734375,0.7421875,0.74609375,0.75,0.75390625,
0.7578125,0.765625,0.7734375,0.78125,0.7890625,0.796875,0.8046875,0.80859375,
0.8125,0.81640625,0.8203125,0.828125,0.84375,0.859375,0.8671875,0.875,0.890625,
0.90625,0.9140625,0.921875,0.9296875,0.93359375,0.9375,0.94140625,0.9453125,
0.953125,0.9609375,0.96484375,0.96875,0.97265625,0.9765625,0.984375,1.),
 .UNSPECIFIED.);
#24=B_SPLINE_CURVE_WITH_KNOTS('',3,(#383,#384,#385,#386,#387,#388,#389,
#390,#391,#392,#393,#394,#395,#396,#397,#398,#399,#400,#401,#402,#403,#404,
#405,#406,#407,#408,#409,#410,#411,#412,#413,#414,#415,#416,#417,#418,#419,
#420,#421,#422,#423,#424,#425,#426,#427,#428,#429,#430,#431,#432,#433,#434,
#435,#436,#437,#438,#439,#440,#441,#442,#443,#444,#445,#446,#447,#448,#449,
#450,#451,#452,#453,#454,#455,#456,#457,#458,#459,#460,#461,#462,#463,#464,
#465,#466,#467,#468,#469,#470,#471,#472,#473,#474,#475,#476,#477,#478,#479,
#480,#481,#482,#483,#484,#485,#486,#487,#488,#489,#490,#491,#492,#493,#494,
#495,#496,#497),.UNSPECIFIED.,.F.,.F.,(4,1,1,1,1,1,1,1,1,1,1,1,1,1,1,1,
1,1,1,1,1,1,1,1,1,1,1,1,1,1,1,1,1,1,1,1,1,1,1,1,1,1,1,1,1,1,1,1,1,1,1,1,
1,1,1,1,1,1,1,1,1,1,1,1,1,1,1,1,1,1,1,1,1,1,1,1,1,1,1,1,1,1,1,1,1,1,1,1,
1,1,1,1,1,1,1,1,1,1,1,1,1,1,1,1,1,1,1,1,1,1,1,1,4),(0.,0.015625,0.0234375,
0.02734375,0.03125,0.03515625,0.0390625,0.046875,0.0546875,0.0625,0.0703125,
0.078125,0.0859375,0.09375,0.1015625,0.109375,0.125,0.140625,0.15625,0.171875,
0.1875,0.203125,0.21875,0.234375,0.25,0.265625,0.28125,0.296875,0.3125,
0.375,0.40625,0.4375,0.46875,0.484375,0.5,0.5078125,0.51171875,0.515625,
0.51953125,0.5234375,0.52734375,0.529296875,0.53125,0.5322265625,0.533203125,
0.53515625,0.5390625,0.546875,0.5625,0.5703125,0.578125,0.5859375,0.58984375,
0.591796875,0.59375,0.595703125,0.59765625,0.6015625,0.60546875,0.607421875,
0.609375,0.611328125,0.61328125,0.6171875,0.625,0.6328125,0.640625,0.65625,
0.671875,0.6796875,0.6875,0.6953125,0.703125,0.71875,0.734375,0.7421875,
0.74609375,0.75,0.75390625,0.7578125,0.765625,0.7734375,0.78125,0.7890625,
0.796875,0.8046875,0.8125,0.8203125,0.828125,0.84375,0.8515625,0.859375,
0.86328125,0.8671875,0.875,0.8828125,0.890625,0.90625,0.9140625,0.921875,
0.9296875,0.93359375,0.9375,0.94140625,0.9453125,0.953125,0.9609375,0.96484375,
0.96875,0.97265625,0.9765625,0.984375,1.),.UNSPECIFIED.);
#25=B_SPLINE_CURVE_WITH_KNOTS('',3,(#505,#506,#507,#508,#509,#510,#511,
#512,#513,#514,#515,#516,#517),.UNSPECIFIED.,.F.,.F.,(4,1,1,1,1,1,1,1,1,
1,4),(0.,0.0029061109874701,0.00435916648120516,0.00581222197494021,0.00726527746867526,
0.00799180521554279,0.00871833296241031,0.00944486070927784,0.0101713884561454,
0.0108979162030129,0.0116244439498804),.UNSPECIFIED.);
#26=B_SPLINE_CURVE_WITH_KNOTS('',3,(#518,#519,#520,#521,#522,#523,#524,
#525,#526,#527,#528,#529,#530),.UNSPECIFIED.,.F.,.F.,(4,1,1,1,1,1,1,1,1,
1,4),(0.,0.00290611098746623,0.00435916648119934,0.00581222197493245,0.00726527746866556,
0.00799180521553212,0.00871833296239868,0.00944486070926523,0.0101713884561318,
0.0108979162029983,0.0116244439498649),.UNSPECIFIED.);
#27=B_SPLINE_CURVE_WITH_KNOTS('',3,(#2491,#2492,#2493,#2494,#2495,#2496,
#2497,#2498,#2499,#2500,#2501,#2502,#2503,#2504,#2505,#2506,#2507,#2508,
#2509,#2510,#2511,#2512,#2513,#2514,#2515,#2516,#2517,#2518,#2519,#2520,
#2521,#2522,#2523,#2524,#2525,#2526,#2527,#2528,#2529,#2530,#2531,#2532,
#2533,#2534,#2535,#2536,#2537,#2538,#2539,#2540,#2541,#2542,#2543,#2544,
#2545,#2546,#2547,#2548,#2549,#2550,#2551,#2552,#2553,#2554,#2555,#2556,
#2557,#2558,#2559,#2560,#2561,#2562,#2563,#2564,#2565,#2566,#2567,#2568,
#2569,#2570,#2571,#2572,#2573,#2574,#2575,#2576,#2577,#2578,#2579,#2580,
#2581,#2582,#2583,#2584,#2585,#2586,#2587,#2588,#2589,#2590,#2591,#2592,
#2593,#2594,#2595,#2596,#2597,#2598,#2599,#2600,#2601,#2602,#2603,#2604,
#2605,#2606,#2607,#2608,#2609,#2610,#2611,#2612,#2613,#2614,#2615,#2616,
#2617,#2618,#2619,#2620,#2621,#2622,#2623,#2624,#2625,#2626,#2627,#2628,
#2629,#2630,#2631,#2632,#2633,#2634,#2635,#2636,#2637,#2638,#2639,#2640,
#2641,#2642),.UNSPECIFIED.,.F.,.F.,(4,1,1,1,1,1,1,1,1,1,1,1,1,1,1,1,1,1,
1,1,1,1,1,1,1,1,1,1,1,1,1,1,1,1,1,1,1,1,1,1,1,1,1,1,1,1,1,1,1,1,1,1,1,1,
1,1,1,1,1,1,1,1,1,1,1,1,1,1,1,1,1,1,1,1,1,1,1,1,1,1,1,1,1,1,1,1,1,1,1,1,
1,1,1,1,1,1,1,1,1,1,1,1,1,1,1,1,1,1,1,1,1,1,1,1,1,1,1,1,1,1,1,1,1,1,1,1,
1,1,1,1,1,1,1,1,1,1,1,1,1,1,1,1,1,1,1,1,1,1,1,4),(0.,0.015625,0.0234375,
0.03125,0.0390625,0.046875,0.0625,0.09375,0.125,0.1875,0.21875,0.25,0.265625,
0.2734375,0.28125,0.296875,0.3125,0.328125,0.3359375,0.34375,0.3515625,
0.35546875,0.359375,0.36328125,0.3671875,0.37109375,0.373046875,0.375,0.376953125,
0.37890625,0.3828125,0.38671875,0.388671875,0.390625,0.392578125,0.39453125,
0.3984375,0.400390625,0.4013671875,0.40234375,0.404296875,0.40625,0.408203125,
0.41015625,0.41064453125,0.4111328125,0.41162109375,0.412109375,0.41259765625,
0.4130859375,0.41357421875,0.4140625,0.4150390625,0.416015625,0.41796875,
0.419921875,0.421875,0.423828125,0.42578125,0.4296875,0.43359375,0.4375,
0.439453125,0.44140625,0.4453125,0.453125,0.45703125,0.4609375,0.462890625,
0.46484375,0.466796875,0.4677734375,0.46875,0.46923828125,0.4697265625,
0.470703125,0.47265625,0.474609375,0.4765625,0.478515625,0.48046875,0.482421875,
0.484375,0.4853515625,0.486328125,0.48828125,0.4921875,0.49609375,0.498046875,
0.5,0.501953125,0.50390625,0.5078125,0.51171875,0.515625,0.51953125,0.5234375,
0.53125,0.5390625,0.546875,0.5625,0.59375,0.625,0.6875,0.71875,0.75,0.765625,
0.78125,0.796875,0.8125,0.828125,0.8359375,0.84375,0.8515625,0.859375,0.86328125,
0.8671875,0.875,0.8828125,0.88671875,0.888671875,0.890625,0.892578125,0.89453125,
0.8984375,0.90234375,0.90625,0.91015625,0.9140625,0.91796875,0.919921875,
0.921875,0.923828125,0.92578125,0.9296875,0.93359375,0.9375,0.9453125,0.94921875,
0.951171875,0.953125,0.955078125,0.95703125,0.9609375,0.96484375,0.96875,
0.97265625,0.9765625,0.984375,1.),.UNSPECIFIED.);
#28=B_SPLINE_CURVE_WITH_KNOTS('',3,(#2645,#2646,#2647,#2648,#2649,#2650),
 .UNSPECIFIED.,.F.,.F.,(4,1,1,4),(0.,0.00045682194414675,0.000685232916220125,
0.000913643888293499),.UNSPECIFIED.);
#29=B_SPLINE_CURVE_WITH_KNOTS('',3,(#2652,#2653,#2654,#2655),
 .UNSPECIFIED.,.F.,.F.,(4,4),(-5.99999972944683E-8,5.86142263155032E-5),
 .UNSPECIFIED.);
#30=B_SPLINE_CURVE_WITH_KNOTS('',3,(#2657,#2658,#2659,#2660),
 .UNSPECIFIED.,.F.,.F.,(4,4),(-5.99999908691085E-8,9.80508609166685E-5),
 .UNSPECIFIED.);
#31=B_SPLINE_CURVE_WITH_KNOTS('',3,(#2662,#2663,#2664,#2665,#2666,#2667,
#2668,#2669,#2670,#2671),.UNSPECIFIED.,.F.,.F.,(4,1,1,1,1,1,1,4),(-5.99999995666285E-8,
0.000555279927315494,0.00111061985463055,0.00222129970926067,0.00333197956389079,
0.00444265941852092,0.00666401912778116,0.0088853788370414),
 .UNSPECIFIED.);
#32=B_SPLINE_CURVE_WITH_KNOTS('',3,(#2672,#2673,#2674,#2675,#2676,#2677,
#2678,#2679,#2680,#2681,#2682,#2683,#2684,#2685,#2686,#2687,#2688,#2689,
#2690,#2691,#2692,#2693,#2694,#2695,#2696,#2697,#2698,#2699,#2700,#2701,
#2702,#2703,#2704,#2705,#2706,#2707,#2708,#2709,#2710,#2711,#2712,#2713,
#2714,#2715,#2716,#2717,#2718,#2719,#2720,#2721,#2722,#2723,#2724,#2725,
#2726,#2727,#2728,#2729,#2730,#2731,#2732,#2733,#2734,#2735,#2736,#2737,
#2738,#2739,#2740,#2741,#2742,#2743,#2744,#2745),.UNSPECIFIED.,.T.,.F.,
(1,1,1,1,1,1,1,1,1,1,1,1,1,1,1,1,1,1,1,1,1,1,1,1,1,1,1,1,1,1,1,1,1,1,1,
1,1,1,1,1,1,1,1,1,1,1,1,1,1,1,1,1,1,1,1,1,1,1,1,1,1,1,1,1,1,1,1,1,1,1,1,
1,1,1,1,1,1,1),(-0.0291858532689557,-0.0194572355126372,-0.00972861775631861,
0.,0.007421875,0.0111328125,0.01484375,0.02263671875,0.0304296875,0.0456630859375,
0.060896484375,0.0761210693359375,0.091345654296875,0.12179482421875,0.152243553466797,
0.182692282714844,0.213141011962891,0.243589741210937,0.25253405267334,
0.261478364135742,0.279366987060547,0.295105168206787,0.310843349353027,
0.341317758410339,0.371792167467651,0.403003387920517,0.434214608373383,
0.450618919396026,0.467023230418669,0.482687195969801,0.498351161520933,
0.518522114900531,0.52860759159033,0.538693068280128,0.546467750277884,
0.554242432275639,0.569791796271149,0.596015693042353,0.609127641427955,
0.622239589813557,0.639859472947123,0.657479356080689,0.675099239214255,
0.692719122347821,0.699521226569017,0.706323330790213,0.719927539232606,
0.747135956117391,0.762659916539511,0.77818387696163,0.79370783738375,0.80146981759481,
0.80923179780587,0.813136784811146,0.817041771816422,0.824851745826976,
0.840471693848081,0.856091641869187,0.871711589890293,0.879523963590821,
0.887336337291349,0.902961084692404,0.918585832093459,0.934210579494515,
0.94764805423462,0.954366791604673,0.957726160289699,0.961085528974726,
0.962301606194266,0.963517683413805,0.965949837852885,0.970814146731044,
0.980542764487363,0.990271382243681,1.,1.007421875,1.0111328125,1.01484375),
 .UNSPECIFIED.);
#33=B_SPLINE_CURVE_WITH_KNOTS('',3,(#4708,#4709,#4710,#4711,#4712,#4713,
#4714,#4715,#4716,#4717,#4718,#4719,#4720,#4721,#4722,#4723,#4724,#4725,
#4726,#4727,#4728,#4729,#4730,#4731,#4732,#4733,#4734,#4735,#4736,#4737,
#4738,#4739,#4740,#4741,#4742,#4743,#4744,#4745,#4746,#4747,#4748,#4749,
#4750,#4751,#4752,#4753,#4754,#4755,#4756,#4757,#4758,#4759,#4760,#4761,
#4762,#4763,#4764,#4765,#4766,#4767,#4768,#4769,#4770,#4771,#4772,#4773,
#4774,#4775,#4776,#4777,#4778,#4779,#4780,#4781,#4782,#4783,#4784,#4785,
#4786,#4787,#4788,#4789,#4790,#4791,#4792,#4793,#4794,#4795,#4796,#4797,
#4798,#4799,#4800,#4801,#4802,#4803,#4804,#4805,#4806,#4807,#4808,#4809,
#4810,#4811,#4812,#4813,#4814,#4815,#4816,#4817,#4818,#4819,#4820,#4821,
#4822,#4823,#4824,#4825,#4826,#4827,#4828,#4829,#4830,#4831,#4832,#4833,
#4834,#4835,#4836,#4837,#4838,#4839,#4840,#4841,#4842,#4843,#4844,#4845,
#4846,#4847,#4848,#4849,#4850,#4851,#4852,#4853,#4854,#4855,#4856,#4857,
#4858,#4859),.UNSPECIFIED.,.F.,.F.,(4,1,1,1,1,1,1,1,1,1,1,1,1,1,1,1,1,1,
1,1,1,1,1,1,1,1,1,1,1,1,1,1,1,1,1,1,1,1,1,1,1,1,1,1,1,1,1,1,1,1,1,1,1,1,
1,1,1,1,1,1,1,1,1,1,1,1,1,1,1,1,1,1,1,1,1,1,1,1,1,1,1,1,1,1,1,1,1,1,1,1,
1,1,1,1,1,1,1,1,1,1,1,1,1,1,1,1,1,1,1,1,1,1,1,1,1,1,1,1,1,1,1,1,1,1,1,1,
1,1,1,1,1,1,1,1,1,1,1,1,1,1,1,1,1,1,1,1,1,1,1,4),(0.,0.015625,0.0234375,
0.03125,0.0390625,0.046875,0.0625,0.09375,0.125,0.1875,0.21875,0.25,0.265625,
0.2734375,0.28125,0.296875,0.3125,0.328125,0.3359375,0.34375,0.3515625,
0.35546875,0.359375,0.36328125,0.3671875,0.37109375,0.373046875,0.375,0.376953125,
0.37890625,0.3828125,0.38671875,0.388671875,0.390625,0.392578125,0.39453125,
0.3984375,0.400390625,0.4013671875,0.40234375,0.404296875,0.40625,0.408203125,
0.41015625,0.41064453125,0.4111328125,0.41162109375,0.412109375,0.41259765625,
0.4130859375,0.41357421875,0.4140625,0.4150390625,0.416015625,0.41796875,
0.419921875,0.421875,0.423828125,0.42578125,0.4296875,0.43359375,0.4375,
0.439453125,0.44140625,0.4453125,0.453125,0.45703125,0.4609375,0.462890625,
0.46484375,0.466796875,0.4677734375,0.46875,0.46923828125,0.4697265625,
0.470703125,0.47265625,0.474609375,0.4765625,0.478515625,0.48046875,0.482421875,
0.484375,0.4853515625,0.486328125,0.48828125,0.4921875,0.49609375,0.498046875,
0.5,0.501953125,0.50390625,0.5078125,0.51171875,0.515625,0.51953125,0.5234375,
0.53125,0.5390625,0.546875,0.5625,0.59375,0.625,0.6875,0.71875,0.75,0.765625,
0.78125,0.796875,0.8125,0.828125,0.8359375,0.84375,0.8515625,0.859375,0.86328125,
0.8671875,0.875,0.8828125,0.88671875,0.888671875,0.890625,0.892578125,0.89453125,
0.8984375,0.90234375,0.90625,0.91015625,0.9140625,0.91796875,0.919921875,
0.921875,0.923828125,0.92578125,0.9296875,0.93359375,0.9375,0.9453125,0.94921875,
0.951171875,0.953125,0.955078125,0.95703125,0.9609375,0.96484375,0.96875,
0.97265625,0.9765625,0.984375,1.),.UNSPECIFIED.);
#34=B_SPLINE_CURVE_WITH_KNOTS('',3,(#4862,#4863,#4864,#4865,#4866,#4867),
 .UNSPECIFIED.,.F.,.F.,(4,1,1,4),(0.,0.000456821944146782,0.000685232916220173,
0.000913643888293564),.UNSPECIFIED.);
#35=B_SPLINE_CURVE_WITH_KNOTS('',3,(#4869,#4870,#4871,#4872),
 .UNSPECIFIED.,.F.,.F.,(4,4),(-5.99999973039719E-8,5.86142263155973E-5),
 .UNSPECIFIED.);
#36=B_SPLINE_CURVE_WITH_KNOTS('',3,(#4874,#4875,#4876,#4877),
 .UNSPECIFIED.,.F.,.F.,(4,4),(-5.99999908665035E-8,9.80508609166515E-5),
 .UNSPECIFIED.);
#37=B_SPLINE_CURVE_WITH_KNOTS('',3,(#4879,#4880,#4881,#4882,#4883,#4884,
#4885,#4886,#4887,#4888),.UNSPECIFIED.,.F.,.F.,(4,1,1,1,1,1,1,4),(-5.99999995434038E-8,
0.000555279927315707,0.00111061985463096,0.00222129970926146,0.00333197956389196,
0.00444265941852246,0.00666401912778346,0.00888537883704447),
 .UNSPECIFIED.);
#38=B_SPLINE_CURVE_WITH_KNOTS('',3,(#4889,#4890,#4891,#4892,#4893,#4894,
#4895,#4896,#4897,#4898,#4899,#4900,#4901,#4902,#4903,#4904,#4905,#4906,
#4907,#4908,#4909,#4910,#4911,#4912,#4913,#4914,#4915,#4916,#4917,#4918,
#4919,#4920,#4921,#4922,#4923,#4924,#4925,#4926,#4927,#4928,#4929,#4930,
#4931,#4932,#4933,#4934,#4935,#4936,#4937,#4938,#4939,#4940,#4941,#4942,
#4943,#4944,#4945,#4946,#4947,#4948,#4949,#4950,#4951,#4952,#4953,#4954,
#4955,#4956,#4957,#4958,#4959,#4960,#4961,#4962),.UNSPECIFIED.,.T.,.F.,
(1,1,1,1,1,1,1,1,1,1,1,1,1,1,1,1,1,1,1,1,1,1,1,1,1,1,1,1,1,1,1,1,1,1,1,
1,1,1,1,1,1,1,1,1,1,1,1,1,1,1,1,1,1,1,1,1,1,1,1,1,1,1,1,1,1,1,1,1,1,1,1,
1,1,1,1,1,1,1),(-0.0291858532689557,-0.0194572355126372,-0.00972861775631861,
0.,0.007421875,0.0111328125,0.01484375,0.02263671875,0.0304296875,0.0456630859375,
0.060896484375,0.0761210693359375,0.091345654296875,0.12179482421875,0.152243553466797,
0.182692282714844,0.213141011962891,0.243589741210937,0.25253405267334,
0.261478364135742,0.279366987060547,0.295105168206787,0.310843349353027,
0.341317758410339,0.371792167467651,0.403003387920517,0.434214608373383,
0.450618919396026,0.467023230418669,0.482687195969801,0.498351161520933,
0.518522114900531,0.52860759159033,0.538693068280128,0.546467750277884,
0.554242432275639,0.569791796271149,0.596015693042353,0.609127641427955,
0.622239589813557,0.639859472947123,0.657479356080689,0.675099239214255,
0.692719122347821,0.699521226569017,0.706323330790213,0.719927539232606,
0.747135956117391,0.762659916539511,0.77818387696163,0.79370783738375,0.80146981759481,
0.80923179780587,0.813136784811146,0.817041771816422,0.824851745826976,
0.840471693848081,0.856091641869187,0.871711589890293,0.879523963590821,
0.887336337291349,0.902961084692404,0.918585832093459,0.934210579494515,
0.94764805423462,0.954366791604673,0.957726160289699,0.961085528974726,
0.962301606194266,0.963517683413805,0.965949837852885,0.970814146731044,
0.980542764487363,0.990271382243681,1.,1.007421875,1.0111328125,1.01484375),
 .UNSPECIFIED.);
#39=B_SPLINE_CURVE_WITH_KNOTS('',3,(#5493,#5494,#5495,#5496,#5497),
 .UNSPECIFIED.,.F.,.F.,(4,1,4),(0.,0.5,1.),.UNSPECIFIED.);
#40=B_SPLINE_CURVE_WITH_KNOTS('',3,(#5498,#5499,#5500,#5501,#5502),
 .UNSPECIFIED.,.F.,.F.,(4,1,4),(0.,0.5,1.),.UNSPECIFIED.);
#41=B_SPLINE_CURVE_WITH_KNOTS('',3,(#6073,#6074,#6075,#6076,#6077),
 .UNSPECIFIED.,.F.,.F.,(4,1,4),(0.,0.5,1.),.UNSPECIFIED.);
#42=B_SPLINE_CURVE_WITH_KNOTS('',3,(#6078,#6079,#6080,#6081,#6082),
 .UNSPECIFIED.,.F.,.F.,(4,1,4),(0.,0.5,1.),.UNSPECIFIED.);
#43=ORIENTED_EDGE('',*,*,#95,.T.);
#44=ORIENTED_EDGE('',*,*,#96,.F.);
#45=ORIENTED_EDGE('',*,*,#97,.T.);
#46=ORIENTED_EDGE('',*,*,#98,.T.);
#47=ORIENTED_EDGE('',*,*,#99,.T.);
#48=ORIENTED_EDGE('',*,*,#100,.T.);
#49=ORIENTED_EDGE('',*,*,#101,.T.);
#50=ORIENTED_EDGE('',*,*,#102,.T.);
#51=ORIENTED_EDGE('',*,*,#95,.F.);
#52=ORIENTED_EDGE('',*,*,#96,.T.);
#53=ORIENTED_EDGE('',*,*,#101,.F.);
#54=ORIENTED_EDGE('',*,*,#99,.F.);
#55=ORIENTED_EDGE('',*,*,#103,.T.);
#56=ORIENTED_EDGE('',*,*,#97,.F.);
#57=ORIENTED_EDGE('',*,*,#104,.T.);
#58=ORIENTED_EDGE('',*,*,#102,.F.);
#59=ORIENTED_EDGE('',*,*,#105,.T.);
#60=ORIENTED_EDGE('',*,*,#106,.T.);
#61=ORIENTED_EDGE('',*,*,#107,.T.);
#62=ORIENTED_EDGE('',*,*,#108,.T.);
#63=ORIENTED_EDGE('',*,*,#109,.T.);
#64=ORIENTED_EDGE('',*,*,#110,.F.);
#65=ORIENTED_EDGE('',*,*,#110,.T.);
#66=ORIENTED_EDGE('',*,*,#111,.T.);
#67=ORIENTED_EDGE('',*,*,#112,.T.);
#68=ORIENTED_EDGE('',*,*,#113,.T.);
#69=ORIENTED_EDGE('',*,*,#114,.T.);
#70=ORIENTED_EDGE('',*,*,#115,.T.);
#71=ORIENTED_EDGE('',*,*,#116,.F.);
#72=ORIENTED_EDGE('',*,*,#116,.T.);
#73=ORIENTED_EDGE('',*,*,#117,.F.);
#74=ORIENTED_EDGE('',*,*,#100,.F.);
#75=ORIENTED_EDGE('',*,*,#118,.F.);
#76=ORIENTED_EDGE('',*,*,#105,.F.);
#77=ORIENTED_EDGE('',*,*,#118,.T.);
#78=ORIENTED_EDGE('',*,*,#104,.F.);
#79=ORIENTED_EDGE('',*,*,#117,.T.);
#80=ORIENTED_EDGE('',*,*,#109,.F.);
#81=ORIENTED_EDGE('',*,*,#108,.F.);
#82=ORIENTED_EDGE('',*,*,#107,.F.);
#83=ORIENTED_EDGE('',*,*,#106,.F.);
#84=ORIENTED_EDGE('',*,*,#119,.F.);
#85=ORIENTED_EDGE('',*,*,#98,.F.);
#86=ORIENTED_EDGE('',*,*,#120,.F.);
#87=ORIENTED_EDGE('',*,*,#111,.F.);
#88=ORIENTED_EDGE('',*,*,#120,.T.);
#89=ORIENTED_EDGE('',*,*,#103,.F.);
#90=ORIENTED_EDGE('',*,*,#119,.T.);
#91=ORIENTED_EDGE('',*,*,#115,.F.);
#92=ORIENTED_EDGE('',*,*,#114,.F.);
#93=ORIENTED_EDGE('',*,*,#113,.F.);
#94=ORIENTED_EDGE('',*,*,#112,.F.);
#95=EDGE_CURVE('',#121,#121,#141,.T.);
#96=EDGE_CURVE('',#122,#122,#142,.T.);
#97=EDGE_CURVE('',#123,#124,#143,.F.);
#98=EDGE_CURVE('',#124,#125,#23,.T.);
#99=EDGE_CURVE('',#125,#126,#144,.F.);
#100=EDGE_CURVE('',#126,#123,#24,.T.);
#101=EDGE_CURVE('',#127,#127,#145,.T.);
#102=EDGE_CURVE('',#128,#128,#146,.T.);
#103=EDGE_CURVE('',#125,#124,#25,.T.);
#104=EDGE_CURVE('',#123,#126,#26,.T.);
#105=EDGE_CURVE('',#129,#130,#27,.T.);
#106=EDGE_CURVE('',#130,#131,#28,.T.);
#107=EDGE_CURVE('',#131,#132,#29,.T.);
#108=EDGE_CURVE('',#132,#133,#30,.T.);
#109=EDGE_CURVE('',#133,#129,#31,.T.);
#110=EDGE_CURVE('',#134,#134,#32,.T.);
#111=EDGE_CURVE('',#135,#136,#33,.T.);
#112=EDGE_CURVE('',#136,#137,#34,.T.);
#113=EDGE_CURVE('',#137,#138,#35,.T.);
#114=EDGE_CURVE('',#138,#139,#36,.T.);
#115=EDGE_CURVE('',#139,#135,#37,.T.);
#116=EDGE_CURVE('',#140,#140,#38,.T.);
#117=EDGE_CURVE('',#123,#129,#39,.T.);
#118=EDGE_CURVE('',#130,#126,#40,.F.);
#119=EDGE_CURVE('',#125,#135,#41,.T.);
#120=EDGE_CURVE('',#136,#124,#42,.F.);
#121=VERTEX_POINT('',#259);
#122=VERTEX_POINT('',#261);
#123=VERTEX_POINT('',#264);
#124=VERTEX_POINT('',#265);
#125=VERTEX_POINT('',#380);
#126=VERTEX_POINT('',#382);
#127=VERTEX_POINT('',#499);
#128=VERTEX_POINT('',#502);
#129=VERTEX_POINT('',#2643);
#130=VERTEX_POINT('',#2644);
#131=VERTEX_POINT('',#2651);
#132=VERTEX_POINT('',#2656);
#133=VERTEX_POINT('',#2661);
#134=VERTEX_POINT('',#2746);
#135=VERTEX_POINT('',#4860);
#136=VERTEX_POINT('',#4861);
#137=VERTEX_POINT('',#4868);
#138=VERTEX_POINT('',#4873);
#139=VERTEX_POINT('',#4878);
#140=VERTEX_POINT('',#4963);
#141=CIRCLE('',#216,0.01);
#142=CIRCLE('',#217,0.01);
#143=CIRCLE('',#219,0.03);
#144=CIRCLE('',#220,0.03);
#145=CIRCLE('',#221,0.03);
#146=CIRCLE('',#223,0.022);
#147=EDGE_LOOP('',(#43));
#148=EDGE_LOOP('',(#44));
#149=EDGE_LOOP('',(#45,#46,#47,#48));
#150=EDGE_LOOP('',(#49));
#151=EDGE_LOOP('',(#50));
#152=EDGE_LOOP('',(#51));
#153=EDGE_LOOP('',(#52));
#154=EDGE_LOOP('',(#53));
#155=EDGE_LOOP('',(#54,#55,#56,#57));
#156=EDGE_LOOP('',(#58));
#157=EDGE_LOOP('',(#59,#60,#61,#62,#63));
#158=EDGE_LOOP('',(#64));
#159=EDGE_LOOP('',(#65));
#160=EDGE_LOOP('',(#66,#67,#68,#69,#70));
#161=EDGE_LOOP('',(#71));
#162=EDGE_LOOP('',(#72));
#163=EDGE_LOOP('',(#73,#74,#75,#76));
#164=EDGE_LOOP('',(#77,#78,#79,#80,#81,#82,#83));
#165=EDGE_LOOP('',(#84,#85,#86,#87));
#166=EDGE_LOOP('',(#88,#89,#90,#91,#92,#93,#94));
#167=FACE_BOUND('',#147,.T.);
#168=FACE_BOUND('',#148,.T.);
#169=FACE_BOUND('',#149,.T.);
#170=FACE_BOUND('',#150,.T.);
#171=FACE_BOUND('',#151,.T.);
#172=FACE_BOUND('',#152,.T.);
#173=FACE_BOUND('',#153,.T.);
#174=FACE_BOUND('',#154,.T.);
#175=FACE_BOUND('',#155,.T.);
#176=FACE_BOUND('',#156,.T.);
#177=FACE_BOUND('',#157,.T.);
#178=FACE_BOUND('',#158,.T.);
#179=FACE_BOUND('',#159,.T.);
#180=FACE_BOUND('',#160,.T.);
#181=FACE_BOUND('',#161,.T.);
#182=FACE_BOUND('',#162,.T.);
#183=FACE_BOUND('',#163,.T.);
#184=FACE_BOUND('',#164,.T.);
#185=FACE_BOUND('',#165,.T.);
#186=FACE_BOUND('',#166,.T.);
#187=CYLINDRICAL_SURFACE('',#215,0.01);
#188=CYLINDRICAL_SURFACE('',#218,0.03);
#189=ADVANCED_FACE('',(#167,#168),#187,.F.);
#190=ADVANCED_FACE('',(#169,#170),#188,.T.);
#191=ADVANCED_FACE('',(#171,#172),#19,.T.);
#192=ADVANCED_FACE('',(#173,#174),#20,.F.);
#193=ADVANCED_FACE('',(#175,#176),#18,.T.);
#194=ADVANCED_FACE('',(#177,#178),#16,.T.);
#195=ADVANCED_FACE('',(#179),#21,.T.);
#196=ADVANCED_FACE('',(#180,#181),#17,.T.);
#197=ADVANCED_FACE('',(#182),#22,.T.);
#198=ADVANCED_FACE('',(#183),#12,.T.);
#199=ADVANCED_FACE('',(#184),#13,.F.);
#200=ADVANCED_FACE('',(#185),#14,.T.);
#201=ADVANCED_FACE('',(#186),#15,.F.);
#202=CLOSED_SHELL('',(#189,#190,#191,#192,#193,#194,#195,#196,#197,#198,
#199,#200,#201));
#203=STYLED_ITEM('',(#204),#211);
#204=PRESENTATION_STYLE_ASSIGNMENT((#205));
#205=SURFACE_STYLE_USAGE(.BOTH.,#206);
#206=SURFACE_SIDE_STYLE('',(#207));
#207=SURFACE_STYLE_FILL_AREA(#208);
#208=FILL_AREA_STYLE('',(#209));
#209=FILL_AREA_STYLE_COLOUR('',#210);
#210=COLOUR_RGB('',0.627450980392157,0.945098039215686,0.47843137254902);
#211=MANIFOLD_SOLID_BREP('Part 1',#202);
#212=SHAPE_DEFINITION_REPRESENTATION(#6131,#213);
#213=SHAPE_REPRESENTATION('Part 1',(#214),#6126);
#214=AXIS2_PLACEMENT_3D('',#256,#228,#229);
#215=AXIS2_PLACEMENT_3D('',#257,#230,#231);
#216=AXIS2_PLACEMENT_3D('',#258,#232,#233);
#217=AXIS2_PLACEMENT_3D('',#260,#234,#235);
#218=AXIS2_PLACEMENT_3D('',#262,#236,#237);
#219=AXIS2_PLACEMENT_3D('',#263,#238,#239);
#220=AXIS2_PLACEMENT_3D('',#381,#240,#241);
#221=AXIS2_PLACEMENT_3D('',#498,#242,#243);
#222=AXIS2_PLACEMENT_3D('',#500,#244,#245);
#223=AXIS2_PLACEMENT_3D('',#501,#246,#247);
#224=AXIS2_PLACEMENT_3D('',#503,#248,#249);
#225=AXIS2_PLACEMENT_3D('',#504,#250,#251);
#226=AXIS2_PLACEMENT_3D('',#2747,#252,#253);
#227=AXIS2_PLACEMENT_3D('',#4964,#254,#255);
#228=DIRECTION('',(0.,0.,1.));
#229=DIRECTION('',(1.,0.,0.));
#230=DIRECTION('',(0.,0.,-1.));
#231=DIRECTION('',(-1.,0.,0.));
#232=DIRECTION('',(0.,0.,1.));
#233=DIRECTION('',(1.,0.,0.));
#234=DIRECTION('',(0.,0.,1.));
#235=DIRECTION('',(1.,0.,0.));
#236=DIRECTION('',(0.,0.,-1.));
#237=DIRECTION('',(-1.,0.,0.));
#238=DIRECTION('',(0.,0.,1.));
#239=DIRECTION('',(1.,0.,0.));
#240=DIRECTION('',(0.,0.,1.));
#241=DIRECTION('',(1.,0.,0.));
#242=DIRECTION('',(0.,0.,1.));
#243=DIRECTION('',(1.,0.,0.));
#244=DIRECTION('',(0.,0.,1.));
#245=DIRECTION('',(1.,0.,0.));
#246=DIRECTION('',(0.,0.,1.));
#247=DIRECTION('',(1.,0.,0.));
#248=DIRECTION('',(0.,0.,1.));
#249=DIRECTION('',(1.,0.,0.));
#250=DIRECTION('',(0.,0.,1.));
#251=DIRECTION('',(1.,0.,0.));
#252=DIRECTION('',(-1.,-1.22464679914735E-16,0.));
#253=DIRECTION('',(-1.22464679914735E-16,1.,-6.12323399573677E-17));
#254=DIRECTION('',(1.,0.,0.));
#255=DIRECTION('',(0.,-1.,-6.12323399573677E-17));
#256=CARTESIAN_POINT('',(0.,0.,0.));
#257=CARTESIAN_POINT('',(0.,6.12323399573677E-19,0.015));
#258=CARTESIAN_POINT('',(0.,6.12323399573677E-19,0.015));
#259=CARTESIAN_POINT('',(0.01,6.12323399573677E-19,0.015));
#260=CARTESIAN_POINT('',(0.,6.12323399573677E-19,-0.015));
#261=CARTESIAN_POINT('',(0.01,6.12323399573677E-19,-0.015));
#262=CARTESIAN_POINT('',(0.,1.83697019872103E-18,0.015));
#263=CARTESIAN_POINT('',(0.,1.83697019872103E-18,0.007));
#264=CARTESIAN_POINT('',(-0.0288331939241463,-0.00828534417707412,0.007));
#265=CARTESIAN_POINT('',(0.0250935943417421,0.0164411533358244,0.007));
#266=CARTESIAN_POINT('',(0.0250935943417421,0.0164411533358243,0.007));
#267=CARTESIAN_POINT('',(0.0251740099831813,0.0163184175736921,0.00675953628611369));
#268=CARTESIAN_POINT('',(0.0253339200938801,0.0160720697697398,0.00637317416342386));
#269=CARTESIAN_POINT('',(0.025589548433117,0.0156591884944939,0.00586495951049635));
#270=CARTESIAN_POINT('',(0.0257457751802778,0.0154006376138184,0.00557246847063653));
#271=CARTESIAN_POINT('',(0.0258900871050863,0.0151565450245642,0.00531263995706591));
#272=CARTESIAN_POINT('',(0.0259692637834925,0.0150201705561419,0.00517361034739637));
#273=CARTESIAN_POINT('',(0.0261025846196667,0.0147881625568911,0.0049419605739071));
#274=CARTESIAN_POINT('',(0.0262692577886749,0.0144907240150079,0.00465916598370177));
#275=CARTESIAN_POINT('',(0.0264785046515725,0.0141056598964566,0.00431076852672196));
#276=CARTESIAN_POINT('',(0.0267126255536203,0.013656680409711,0.00392641895312155));
#277=CARTESIAN_POINT('',(0.0268919774503069,0.0132995402067658,0.00363362208583265));
#278=CARTESIAN_POINT('',(0.0270894759468335,0.0128930079661681,0.00331149950297493));
#279=CARTESIAN_POINT('',(0.0272819773974966,0.0124808353158416,0.00299688158178726));
#280=CARTESIAN_POINT('',(0.0274846729874457,0.0120277289257741,0.00266332523519445));
#281=CARTESIAN_POINT('',(0.0276552527841833,0.0116296467887741,0.00237977243425841));
#282=CARTESIAN_POINT('',(0.0278891545382275,0.0110622779908932,0.00198660263098024));
#283=CARTESIAN_POINT('',(0.0281808361631866,0.0103018990217471,0.00148393909468187));
#284=CARTESIAN_POINT('',(0.0284734905643662,0.00946223531182377,0.000957832588790849));
#285=CARTESIAN_POINT('',(0.0287582001495278,0.00855971077325604,0.000419200579268265));
#286=CARTESIAN_POINT('',(0.0290171146391085,0.00763774170840901,-0.000104415375666738));
#287=CARTESIAN_POINT('',(0.0292569678936183,0.0066593010902631,-0.000633566267592151));
#288=CARTESIAN_POINT('',(0.0294529718230296,0.00573088756739559,-0.00111358968841517));
#289=CARTESIAN_POINT('',(0.0296280392426019,0.0047421759435745,-0.00160230499470054));
#290=CARTESIAN_POINT('',(0.0297626124381806,0.00381093297314639,-0.00204549992941599));
#291=CARTESIAN_POINT('',(0.0298782799851346,0.00276228442738112,-0.00253004766852805));
#292=CARTESIAN_POINT('',(0.029949658766641,0.00182103146295341,-0.00295283672767482));
#293=CARTESIAN_POINT('',(0.0300087849594503,0.000503624967617674,-0.00353047863167143));
#294=CARTESIAN_POINT('',(0.0299997641929364,-0.00116542385211689,-0.00423542618835484));
#295=CARTESIAN_POINT('',(0.0298528778177837,-0.00320941314591974,-0.00506208826891027));
#296=CARTESIAN_POINT('',(0.0295475087631542,-0.00532963025295747,-0.00588589348107411));
#297=CARTESIAN_POINT('',(0.0291176088230564,-0.00731778067646659,-0.00663307661871897));
#298=CARTESIAN_POINT('',(0.0285423648228921,-0.00931619780420548,-0.00736300334537099));
#299=CARTESIAN_POINT('',(0.0279462375391957,-0.0109478110400458,-0.00794372552297113));
#300=CARTESIAN_POINT('',(0.0273995738895815,-0.0122324652968264,-0.00839369778160024));
#301=CARTESIAN_POINT('',(0.0270277527230063,-0.0130273245848394,-0.00866937300166893));
#302=CARTESIAN_POINT('',(0.0267546336736052,-0.0135737889804691,-0.00885766506340095));
#303=CARTESIAN_POINT('',(0.0265902055706975,-0.0138917192288441,-0.00896685728221516));
#304=CARTESIAN_POINT('',(0.0264777407224799,-0.0141053019597678,-0.00904004603447524));
#305=CARTESIAN_POINT('',(0.0263142061634792,-0.0144082437396695,-0.00914375641729469));
#306=CARTESIAN_POINT('',(0.026182323067068,-0.0146460755091453,-0.0092250705634322));
#307=CARTESIAN_POINT('',(0.0260784431497609,-0.0148298187497057,-0.00928760009275584));
#308=CARTESIAN_POINT('',(0.0260089970360545,-0.0149511653117306,-0.00932870824289519));
#309=CARTESIAN_POINT('',(0.0259570798784607,-0.0150409335332244,-0.00935888626611909));
#310=CARTESIAN_POINT('',(0.0259443582627235,-0.0150629542598525,-0.00936632476911006));
#311=CARTESIAN_POINT('',(0.0258668497133901,-0.0151958800261993,-0.00941294558993731));
#312=CARTESIAN_POINT('',(0.0258085022396479,-0.0152946691079584,-0.00944139182060232));
#313=CARTESIAN_POINT('',(0.0256322948950324,-0.0155902451440133,-0.00948765029113404));
#314=CARTESIAN_POINT('',(0.0253082264513454,-0.016115705921812,-0.00940340195541845));
#315=CARTESIAN_POINT('',(0.0249467780505936,-0.0166640510174141,-0.00890289405447988));
#316=CARTESIAN_POINT('',(0.0249085064847619,-0.0167201525747393,-0.00810825472614894));
#317=CARTESIAN_POINT('',(0.0250540699894098,-0.0165026333845004,-0.00759078769626829));
#318=CARTESIAN_POINT('',(0.0252519688234606,-0.0161983889844809,-0.00730138865224505));
#319=CARTESIAN_POINT('',(0.0254092704362035,-0.0159492567046562,-0.00715614231659945));
#320=CARTESIAN_POINT('',(0.0254909173054884,-0.0158183379602695,-0.00707133556819235));
#321=CARTESIAN_POINT('',(0.0255675383159395,-0.015694083034931,-0.00699400746091896));
#322=CARTESIAN_POINT('',(0.0255842099906415,-0.015666800979177,-0.00697694355733562));
#323=CARTESIAN_POINT('',(0.0256428650048129,-0.015570804978704,-0.00691671789851876));
#324=CARTESIAN_POINT('',(0.0257296451910164,-0.0154274307132091,-0.00682643887732347));
#325=CARTESIAN_POINT('',(0.0258513445383624,-0.0152225031906949,-0.00669760003729829));
#326=CARTESIAN_POINT('',(0.0259582561345073,-0.0150393583160262,-0.00658275821361543));
#327=CARTESIAN_POINT('',(0.0260638170434774,-0.0148555174780945,-0.00646784108589407));
#328=CARTESIAN_POINT('',(0.0261110838940263,-0.0147720681188341,-0.006415796436344));
#329=CARTESIAN_POINT('',(0.0261940281817688,-0.0146248506429127,-0.00632401366962657));
#330=CARTESIAN_POINT('',(0.0263281451246243,-0.0143830899421258,-0.00617356948647053));
#331=CARTESIAN_POINT('',(0.0265267735703755,-0.0140145397743029,-0.00594496722576352));
#332=CARTESIAN_POINT('',(0.0267353597206961,-0.0136121181315484,-0.00569638074712597));
#333=CARTESIAN_POINT('',(0.0270170092378134,-0.0130482695820833,-0.00534933535659035));
#334=CARTESIAN_POINT('',(0.0273544449811957,-0.0123307398437799,-0.00491013307813945));
#335=CARTESIAN_POINT('',(0.027678089033646,-0.0115803754096072,-0.0044539783038586));
#336=CARTESIAN_POINT('',(0.0279220423447368,-0.0109749578291682,-0.00408763242873433));
#337=CARTESIAN_POINT('',(0.0281091650908934,-0.0104856651456501,-0.00379249232855042));
#338=CARTESIAN_POINT('',(0.0282521958231148,-0.0100932131684084,-0.00355637379262088));
#339=CARTESIAN_POINT('',(0.0284539838389276,-0.00951532076668841,-0.00320942034634796));
#340=CARTESIAN_POINT('',(0.028693466110165,-0.00877414417617673,-0.00276605075652171));
#341=CARTESIAN_POINT('',(0.0289202273372033,-0.00798889397903077,-0.00229846385016053));
#342=CARTESIAN_POINT('',(0.0290705569723107,-0.00741286773094529,-0.0019566212764502));
#343=CARTESIAN_POINT('',(0.0291517346901084,-0.00708532542101529,-0.0017625326031446));
#344=CARTESIAN_POINT('',(0.0292162454561135,-0.00681395091818813,-0.00160190479907296));
#345=CARTESIAN_POINT('',(0.029259401162488,-0.00662571813738613,-0.00149058828533947));
#346=CARTESIAN_POINT('',(0.0293246684815834,-0.00633293868241023,-0.00131756810356974));
#347=CARTESIAN_POINT('',(0.0294039218258485,-0.00595652617173383,-0.00109543724893281));
#348=CARTESIAN_POINT('',(0.029497287569076,-0.00547773183652837,-0.000813408127174069));
#349=CARTESIAN_POINT('',(0.0295925027727744,-0.00493660547172918,-0.000495334590044698));
#350=CARTESIAN_POINT('',(0.0296642530242119,-0.00448355834824306,-0.000229609006564346));
#351=CARTESIAN_POINT('',(0.0297328519729954,-0.00400437449444966,5.08928264777672E-5));
#352=CARTESIAN_POINT('',(0.0297824184453896,-0.00361309165700867,0.000279532480143025));
#353=CARTESIAN_POINT('',(0.0298192394800406,-0.00329079368852975,0.00046763597355905));
#354=CARTESIAN_POINT('',(0.0298428976229906,-0.00307000041839431,0.000596438954974337));
#355=CARTESIAN_POINT('',(0.0298724458880997,-0.00276886761867775,0.0007719003047232));
#356=CARTESIAN_POINT('',(0.0299043317622974,-0.00240553047975167,0.000983210717028578));
#357=CARTESIAN_POINT('',(0.0299510195795321,-0.00177704909238967,0.00134790337643006));
#358=CARTESIAN_POINT('',(0.0299899450804636,-0.000947416655651168,0.00182715646736431));
#359=CARTESIAN_POINT('',(0.0300016641692293,-0.000201312898428497,0.00225593963260505));
#360=CARTESIAN_POINT('',(0.0299987903237412,0.000350531002686784,0.00257177834676087));
#361=CARTESIAN_POINT('',(0.029989854638942,0.000846688684267079,0.00285503949592024));
#362=CARTESIAN_POINT('',(0.0299645071843298,0.00156089517273037,0.00326030147026591));
#363=CARTESIAN_POINT('',(0.0299050082061218,0.00243554258436902,0.00375348589652862));
#364=CARTESIAN_POINT('',(0.0298339203815488,0.00316711115687433,0.00416546338777567));
#365=CARTESIAN_POINT('',(0.0297772727657857,0.00365861578084967,0.00444211696827463));
#366=CARTESIAN_POINT('',(0.0297286923129165,0.00403052970986661,0.00465126915366772));
#367=CARTESIAN_POINT('',(0.0296877394151777,0.00431838253340519,0.00481296051967779));
#368=CARTESIAN_POINT('',(0.0296624672052498,0.00448966271690783,0.00490910286961688));
#369=CARTESIAN_POINT('',(0.0296171757640003,0.00478021796436046,0.00507199657531849));
#370=CARTESIAN_POINT('',(0.0295619847017669,0.00511230005168988,0.00525789779600444));
#371=CARTESIAN_POINT('',(0.0294884196727269,0.00552365162370574,0.00548767865030048));
#372=CARTESIAN_POINT('',(0.0294150227866476,0.00589895034432395,0.00569655999046078));
#373=CARTESIAN_POINT('',(0.0293540633165284,0.00619289929209307,0.00585958428654265));
#374=CARTESIAN_POINT('',(0.0293135605662856,0.0063823056052631,0.00596439743480871));
#375=CARTESIAN_POINT('',(0.0292537452650325,0.00665155509780858,0.00611291319266867));
#376=CARTESIAN_POINT('',(0.0291786122910897,0.00697530814508167,0.00629079551419038));
#377=CARTESIAN_POINT('',(0.029040221484199,0.00754030302244156,0.00659953785418322));
#378=CARTESIAN_POINT('',(0.0289170202592546,0.00799362654598053,0.0068441179968687));
#379=CARTESIAN_POINT('',(0.0288331939241471,0.00828534417707098,0.007));
#380=CARTESIAN_POINT('',(0.0288331939241472,0.00828534417707103,0.007));
#381=CARTESIAN_POINT('',(0.,1.83697019872103E-18,0.007));
#382=CARTESIAN_POINT('',(-0.0250935943417421,-0.0164411533358244,0.007));
#383=CARTESIAN_POINT('',(-0.0250935943417422,-0.0164411533358243,0.007));
#384=CARTESIAN_POINT('',(-0.0251740099831464,-0.0163184175737453,0.00675953628620862));
#385=CARTESIAN_POINT('',(-0.0253339200938183,-0.0160720697698377,0.00637317416359421));
#386=CARTESIAN_POINT('',(-0.0255895484330778,-0.0156591884945579,0.00586495951061275));
#387=CARTESIAN_POINT('',(-0.0257457751802515,-0.0154006376138628,0.00557246847070978));
#388=CARTESIAN_POINT('',(-0.0258900871051091,-0.0151565450245252,0.005312639957023));
#389=CARTESIAN_POINT('',(-0.0259692637834411,-0.0150201705562304,0.00517361034747111));
#390=CARTESIAN_POINT('',(-0.0261025846195825,-0.0147881625570395,0.00494196057402621));
#391=CARTESIAN_POINT('',(-0.0262692577885695,-0.0144907240151983,0.00465916598385654));
#392=CARTESIAN_POINT('',(-0.0264785046514896,-0.0141056598966153,0.00431076852684866));
#393=CARTESIAN_POINT('',(-0.0267126255536398,-0.01365668040967,0.00392641895308903));
#394=CARTESIAN_POINT('',(-0.0268919774503393,-0.0132995402067172,0.00363362208579018));
#395=CARTESIAN_POINT('',(-0.0270894759468682,-0.0128930079660313,0.00331149950289576));
#396=CARTESIAN_POINT('',(-0.0272819773975565,-0.0124808353159514,0.00299688158178379));
#397=CARTESIAN_POINT('',(-0.0274846729873505,-0.01202772892508,0.00266332523499851));
#398=CARTESIAN_POINT('',(-0.0276552527845414,-0.0116296467913563,0.00237977243498494));
#399=CARTESIAN_POINT('',(-0.0278891545407234,-0.0110622779667234,0.00198660261959869));
#400=CARTESIAN_POINT('',(-0.0281808361495041,-0.0103018992000978,0.00148393917471104));
#401=CARTESIAN_POINT('',(-0.0284734906134111,-0.00946223466296846,0.000957832298257211));
#402=CARTESIAN_POINT('',(-0.0287581999718308,-0.00855971317586686,0.000419201653081818));
#403=CARTESIAN_POINT('',(-0.0290171153066358,-0.00763773272738267,-0.000104419391420267));
#404=CARTESIAN_POINT('',(-0.0292569654050887,-0.0066593345969895,-0.000633551286695603));
#405=CARTESIAN_POINT('',(-0.0294529811096657,-0.00573076252131763,-0.00111364559635283));
#406=CARTESIAN_POINT('',(-0.0296280045868112,-0.00474264260971119,-0.00160209634958228));
#407=CARTESIAN_POINT('',(-0.0297627417747443,-0.0038091913544472,-0.00204627860206293));
#408=CARTESIAN_POINT('',(-0.029877797294309,-0.00276878423887973,-0.00252714162153968));
#409=CARTESIAN_POINT('',(-0.0299514601934035,-0.00179677383540155,-0.00296368224309803));
#410=CARTESIAN_POINT('',(-0.0299956480362802,-0.000784425121142277,-0.0034070250757712));
#411=CARTESIAN_POINT('',(-0.0300046212804055,0.000236204823636616,-0.00384258900192163));
#412=CARTESIAN_POINT('',(-0.0299564584394884,0.00221261705302853,-0.00466725189023665));
#413=CARTESIAN_POINT('',(-0.0297031958288384,0.00459890168988069,-0.00561115463848863));
#414=CARTESIAN_POINT('',(-0.029114820695662,0.00733261379574388,-0.00663859905682952));
#415=CARTESIAN_POINT('',(-0.0285420387685844,0.00931563263711339,-0.00736264780691193));
#416=CARTESIAN_POINT('',(-0.0279452746559367,0.0109504682256846,-0.00794463581650092));
#417=CARTESIAN_POINT('',(-0.0273989764185391,0.0122337069920048,-0.00839411948705616));
#418=CARTESIAN_POINT('',(-0.0270278293552436,0.0130271653237144,-0.00866931891328471));
#419=CARTESIAN_POINT('',(-0.0267546271142416,0.0135738026125504,-0.00885766969313991));
#420=CARTESIAN_POINT('',(-0.0265902068069184,0.0138917166597823,-0.00896685640970548));
#421=CARTESIAN_POINT('',(-0.026477740391105,0.0141053026483962,-0.00904004626834893));
#422=CARTESIAN_POINT('',(-0.0263142062526547,0.0144082435544113,-0.0091437563543759));
#423=CARTESIAN_POINT('',(-0.0261823230430385,0.0146460755591781,-0.00922507058042162));
#424=CARTESIAN_POINT('',(-0.026078443153041,0.0148298187429694,-0.00928760009046512));
#425=CARTESIAN_POINT('',(-0.0260089970356323,0.0149511653126635,-0.00932870824321011));
#426=CARTESIAN_POINT('',(-0.025957079878469,0.0150409335331846,-0.0093588862661054));
#427=CARTESIAN_POINT('',(-0.0259443582627513,0.0150629542598094,-0.00936632476909601));
#428=CARTESIAN_POINT('',(-0.0258668497133544,0.0151958800262578,-0.00941294558995712));
#429=CARTESIAN_POINT('',(-0.0258085022396499,0.0152946691079564,-0.00944139182059858));
#430=CARTESIAN_POINT('',(-0.0256322948950037,0.01559024514406,-0.00948765029114023));
#431=CARTESIAN_POINT('',(-0.0253082264513428,0.0161157059218154,-0.00940340195539831));
#432=CARTESIAN_POINT('',(-0.0249467780505855,0.0166640510174262,-0.00890289405449649));
#433=CARTESIAN_POINT('',(-0.024908506484766,0.0167201525747333,-0.00810825472608486));
#434=CARTESIAN_POINT('',(-0.0250540699894211,0.0165026333844831,-0.00759078769625998));
#435=CARTESIAN_POINT('',(-0.0252519688234588,0.0161983889844843,-0.00730138865224551));
#436=CARTESIAN_POINT('',(-0.0254092704362251,0.0159492567046212,-0.00715614231657871));
#437=CARTESIAN_POINT('',(-0.0254909173054735,0.015818337960294,-0.00707133556820545));
#438=CARTESIAN_POINT('',(-0.0255675383160359,0.0156940830347737,-0.00699400746082137));
#439=CARTESIAN_POINT('',(-0.0255842099903191,0.0156668009797028,-0.00697694355766336));
#440=CARTESIAN_POINT('',(-0.0256428650042638,0.0155708049796066,-0.00691671789908037));
#441=CARTESIAN_POINT('',(-0.0257296451902903,0.015427430714422,-0.00682643887807538));
#442=CARTESIAN_POINT('',(-0.0258513445378776,0.0152225031915164,-0.00669760003780401));
#443=CARTESIAN_POINT('',(-0.0259582561341075,0.0150393583167226,-0.00658275821404446));
#444=CARTESIAN_POINT('',(-0.0260638170439195,0.0148555174773175,-0.00646784108540995));
#445=CARTESIAN_POINT('',(-0.0261110838927003,0.0147720681211707,-0.00641579643780462));
#446=CARTESIAN_POINT('',(-0.0261940281796075,0.0146248506467738,-0.00632401367203316));
#447=CARTESIAN_POINT('',(-0.0263281451213043,0.0143830899482243,-0.00617356949024821));
#448=CARTESIAN_POINT('',(-0.0265267735719978,0.0140145397712738,-0.00594496722388167));
#449=CARTESIAN_POINT('',(-0.0267353597185544,0.0136121181356672,-0.0056963807496982));
#450=CARTESIAN_POINT('',(-0.0270170092349791,0.0130482695879445,-0.00534933536021083));
#451=CARTESIAN_POINT('',(-0.0273544449774502,0.0123307398520841,-0.00491013308320013));
#452=CARTESIAN_POINT('',(-0.0276780890311088,0.0115803754156927,-0.00445397830751771));
#453=CARTESIAN_POINT('',(-0.0279220423431246,0.010974957833369,-0.00408763243124021));
#454=CARTESIAN_POINT('',(-0.0281091650918988,0.0104856651429589,-0.0037924923269311));
#455=CARTESIAN_POINT('',(-0.0282521958207263,0.0100932131749171,-0.0035563737965593));
#456=CARTESIAN_POINT('',(-0.0284539838352825,0.00951532077776375,-0.00320942035299064));
#457=CARTESIAN_POINT('',(-0.0286934661061251,0.00877414418742644,-0.00276605076325252));
#458=CARTESIAN_POINT('',(-0.0289202273332841,0.00798889399863704,-0.00229846386165029));
#459=CARTESIAN_POINT('',(-0.0290705569717851,0.00741286772615435,-0.00195662127370074));
#460=CARTESIAN_POINT('',(-0.0291517346873253,0.0070853254442512,-0.00176253261666388));
#461=CARTESIAN_POINT('',(-0.0292162454638704,0.0068139508414145,-0.00160190475444061));
#462=CARTESIAN_POINT('',(-0.0292594011342524,0.00662571842120823,-0.0014905884503274));
#463=CARTESIAN_POINT('',(-0.0293246686136245,0.00633293725431727,-0.00131756727427977));
#464=CARTESIAN_POINT('',(-0.0294039207238509,0.00595653785622329,-0.00109544403592421));
#465=CARTESIAN_POINT('',(-0.0294972915710541,0.0054776892833707,-0.000813383410868289));
#466=CARTESIAN_POINT('',(-0.0295924878481469,0.00493676410083123,-0.000495426727609452));
#467=CARTESIAN_POINT('',(-0.0296643087207477,0.00448296638496996,-0.000229265172597901));
#468=CARTESIAN_POINT('',(-0.0297326441114833,0.00400658371841645,4.96096280691897E-5));
#469=CARTESIAN_POINT('',(-0.0297931074893844,0.00352659015690215,0.000330049370396038));
#470=CARTESIAN_POINT('',(-0.029843252083664,0.00307752279402149,0.000592138896462944));
#471=CARTESIAN_POINT('',(-0.0298971600360646,0.00250298164777371,0.000926687141944503));
#472=CARTESIAN_POINT('',(-0.0299477286971229,0.00182330010525128,0.00132111041285842));
#473=CARTESIAN_POINT('',(-0.0299794746762844,0.00117843246235616,0.00169382738017997));
#474=CARTESIAN_POINT('',(-0.0299951699101736,0.000593863773689267,0.00203041764822573));
#475=CARTESIAN_POINT('',(-0.0299994720467356,0.000241884655044599,0.0022325448983133));
#476=CARTESIAN_POINT('',(-0.0300002656414511,-9.07623700046102E-6,0.00237639957427776));
#477=CARTESIAN_POINT('',(-0.0299988808651542,-0.000347286267084407,0.0025699643713245));
#478=CARTESIAN_POINT('',(-0.0299917101449545,-0.00074442044015992,0.00279663297781519));
#479=CARTESIAN_POINT('',(-0.0299797046323926,-0.00112795814474403,0.00301465690566852));
#480=CARTESIAN_POINT('',(-0.0299526138349917,-0.00173840549798251,0.00336039299879354));
#481=CARTESIAN_POINT('',(-0.0299050071740514,-0.00243512935072251,0.00375325298521094));
#482=CARTESIAN_POINT('',(-0.0298339205760951,-0.0031671891050361,0.00416550732176945));
#483=CARTESIAN_POINT('',(-0.0297772727122458,-0.00365859443367836,0.00444210493633307));
#484=CARTESIAN_POINT('',(-0.029728692319348,-0.00403053236050912,0.00465127064764349));
#485=CARTESIAN_POINT('',(-0.0296877394138085,-0.00431838203530868,0.0048129602389309));
#486=CARTESIAN_POINT('',(-0.0296624672056304,-0.00448966285006974,0.00490910294467167));
#487=CARTESIAN_POINT('',(-0.029617175763844,-0.00478021792982861,0.00507199655585666));
#488=CARTESIAN_POINT('',(-0.0295619847017106,-0.00511230007251794,0.00525789780774767));
#489=CARTESIAN_POINT('',(-0.0294884196725494,-0.00552365161753377,0.00548767864682754));
#490=CARTESIAN_POINT('',(-0.0294150227865228,-0.00589895034582588,0.00569655999131354));
#491=CARTESIAN_POINT('',(-0.0293540633164408,-0.006192899292336,0.00585958428668222));
#492=CARTESIAN_POINT('',(-0.0293135605663303,-0.00638230560510298,0.00596439743472102));
#493=CARTESIAN_POINT('',(-0.0292537452649387,-0.0066515550982173,0.00611291319288444));
#494=CARTESIAN_POINT('',(-0.0291786122909339,-0.00697530814574245,0.00629079551453862));
#495=CARTESIAN_POINT('',(-0.0290402214839577,-0.00754030302337327,0.00659953785467764));
#496=CARTESIAN_POINT('',(-0.0289170202591057,-0.0079936265464987,0.00684411799714561));
#497=CARTESIAN_POINT('',(-0.0288331939241465,-0.00828534417707336,0.00700000000000132));
#498=CARTESIAN_POINT('',(0.,1.83697019872103E-18,-0.015));
#499=CARTESIAN_POINT('',(0.03,1.83697019872103E-18,-0.015));
#500=CARTESIAN_POINT('',(0.,0.,0.015));
#501=CARTESIAN_POINT('',(0.,1.83697019872103E-18,0.015));
#502=CARTESIAN_POINT('',(0.022,1.83697019872103E-18,0.015));
#503=CARTESIAN_POINT('',(0.,0.,-0.015));
#504=CARTESIAN_POINT('',(0.,1.83697019872103E-18,0.007));
#505=CARTESIAN_POINT('',(0.0288331939241472,0.00828534417707103,0.007));
#506=CARTESIAN_POINT('',(0.028588088094215,0.00913831826907427,0.00739634309714829));
#507=CARTESIAN_POINT('',(0.0281203564573455,0.0103925708554505,0.00796304674685014));
#508=CARTESIAN_POINT('',(0.0273147515332925,0.0120327263442497,0.00862950073279866));
#509=CARTESIAN_POINT('',(0.0266368310148994,0.0132387151202328,0.00905705267149285));
#510=CARTESIAN_POINT('',(0.0260160990664509,0.0142473548745697,0.00932565043632314));
#511=CARTESIAN_POINT('',(0.0255099523545767,0.0150792673460018,0.00940333600346114));
#512=CARTESIAN_POINT('',(0.0251490664949021,0.0157173909940908,0.00932975222657443));
#513=CARTESIAN_POINT('',(0.0248562989243189,0.0163408303220258,0.00902451934361865));
#514=CARTESIAN_POINT('',(0.0247453930105767,0.0167666428811447,0.00838782687024486));
#515=CARTESIAN_POINT('',(0.0248672034077067,0.0167569945672165,0.00763020873214778));
#516=CARTESIAN_POINT('',(0.0250162031325231,0.0165592730060259,0.00720123471185492));
#517=CARTESIAN_POINT('',(0.0250935943417421,0.0164411533358244,0.007));
#518=CARTESIAN_POINT('',(-0.0288331939241463,-0.00828534417707412,0.007));
#519=CARTESIAN_POINT('',(-0.0285880880942144,-0.00913831826907622,0.00739634309714773));
#520=CARTESIAN_POINT('',(-0.0281203564573455,-0.0103925708554501,0.00796304674685025));
#521=CARTESIAN_POINT('',(-0.0273147515332937,-0.0120327263442474,0.00862950073279767));
#522=CARTESIAN_POINT('',(-0.0266368310149016,-0.013238715120229,0.00905705267149163));
#523=CARTESIAN_POINT('',(-0.0260160990664542,-0.0142473548745644,0.0093256504363219));
#524=CARTESIAN_POINT('',(-0.0255099523545805,-0.0150792673459954,0.00940333600346108));
#525=CARTESIAN_POINT('',(-0.025149066494906,-0.0157173909940833,0.00932975222657611));
#526=CARTESIAN_POINT('',(-0.0248562989243218,-0.0163408303220184,0.00902451934362506));
#527=CARTESIAN_POINT('',(-0.024745393010577,-0.0167666428811408,0.00838782687025388));
#528=CARTESIAN_POINT('',(-0.0248672034077018,-0.0167569945672218,0.00763020873216486));
#529=CARTESIAN_POINT('',(-0.0250162031325225,-0.0165592730060267,0.00720123471185627));
#530=CARTESIAN_POINT('',(-0.0250935943417421,-0.0164411533358244,0.007));
#531=CARTESIAN_POINT('',(-0.0249989543853168,0.0162017782876138,-0.00837523801606541));
#532=CARTESIAN_POINT('',(-0.0399994216096,0.0155202979971507,-0.00739205225797847));
#533=CARTESIAN_POINT('',(-0.0783338061516146,0.0137095670952954,-0.00482013460959938));
#534=CARTESIAN_POINT('',(-0.116666834198748,0.0114038760674019,-0.00182366580559979));
#535=CARTESIAN_POINT('',(-0.14,0.0100004108630839,2.73157323549612E-7));
#536=CARTESIAN_POINT('',(-0.0249989543853168,0.0162010251202071,-0.00837618448068053));
#537=CARTESIAN_POINT('',(-0.0399994216096,0.0155194368623677,-0.00739288862777298));
#538=CARTESIAN_POINT('',(-0.0783338061516146,0.0137084765569042,-0.00482073196426149));
#539=CARTESIAN_POINT('',(-0.116666834198748,0.0114028889707236,-0.00182432711656762));
#540=CARTESIAN_POINT('',(-0.14,0.00999948673097581,-4.27083600017674E-7));
#541=CARTESIAN_POINT('',(-0.0249989543853168,0.0161953326468793,-0.0083743446972535));
#542=CARTESIAN_POINT('',(-0.0399994216096,0.0155139446763963,-0.0073913016469038));
#543=CARTESIAN_POINT('',(-0.0783338061516146,0.0137035391157245,-0.00481982430065329));
#544=CARTESIAN_POINT('',(-0.116666834198748,0.0113988132535098,-0.00182433681503284));
#545=CARTESIAN_POINT('',(-0.14,0.0099959355418048,-9.95176808599877E-7));
#546=CARTESIAN_POINT('',(-0.0249989543853168,0.0161818683671635,-0.00836995975151492));
#547=CARTESIAN_POINT('',(-0.0399994216096,0.0155010422538747,-0.00738755712976709));
#548=CARTESIAN_POINT('',(-0.0783338061516146,0.0136921536614041,-0.00481777201592547));
#549=CARTESIAN_POINT('',(-0.116666834198748,0.0113895251772239,-0.00182437448482068));
#550=CARTESIAN_POINT('',(-0.14,0.00998792413141038,-2.30499382078806E-6));
#551=CARTESIAN_POINT('',(-0.0249989543853168,0.0161765705221847,-0.00836823690020528));
#552=CARTESIAN_POINT('',(-0.0399994216096,0.0154959757310321,-0.00738609109483507));
#553=CARTESIAN_POINT('',(-0.0783338061516146,0.013687707924996,-0.00481698139218179));
#554=CARTESIAN_POINT('',(-0.116666834198748,0.0113859122506854,-0.00182439596347795));
#555=CARTESIAN_POINT('',(-0.14,0.00998481813301604,-2.82079606620516E-6));
#556=CARTESIAN_POINT('',(-0.0249989543853168,0.0161647843821801,-0.00836450771546177));
#557=CARTESIAN_POINT('',(-0.0399994216096,0.0154847161306264,-0.00738292935821271));
#558=CARTESIAN_POINT('',(-0.0783338061516146,0.0136778575590206,-0.00481531001690942));
#559=CARTESIAN_POINT('',(-0.116666834198748,0.0113779264609833,-0.00182450271999552));
#560=CARTESIAN_POINT('',(-0.14,0.00997796730367454,-4.00989452192105E-6));
#561=CARTESIAN_POINT('',(-0.0249989543853168,0.0161582749170467,-0.00836248295312455));
#562=CARTESIAN_POINT('',(-0.0399994216096,0.0154785026096349,-0.00738121702384227));
#563=CARTESIAN_POINT('',(-0.0783338061516146,0.0136724344984781,-0.00481441732039921));
#564=CARTESIAN_POINT('',(-0.116666834198748,0.0113735382911978,-0.00182458143716226));
#565=CARTESIAN_POINT('',(-0.14,0.00997420906788715,-4.67990743387802E-6));
#566=CARTESIAN_POINT('',(-0.0249989543853168,0.0161231968251518,-0.00835169958300804));
#567=CARTESIAN_POINT('',(-0.0399994216096,0.0154450400082163,-0.00737211418653834));
#568=CARTESIAN_POINT('',(-0.0783338061516146,0.013643280359692,-0.00480971942661601));
#569=CARTESIAN_POINT('',(-0.116666834198748,0.0113499805492873,-0.00182507737797994));
#570=CARTESIAN_POINT('',(-0.14,0.00995405783109364,-8.33731526995831E-6));
#571=CARTESIAN_POINT('',(-0.0249989543853168,0.016087035899707,-0.00834096229993743));
#572=CARTESIAN_POINT('',(-0.0399994216096,0.0154106059384068,-0.00736310018724946));
#573=CARTESIAN_POINT('',(-0.0783338061516146,0.0136134327732271,-0.00480521099564657));
#574=CARTESIAN_POINT('',(-0.116666834198748,0.0113259602982139,-0.00182580166658289));
#575=CARTESIAN_POINT('',(-0.14,0.00993358465651777,-1.2246740022968E-5));
#576=CARTESIAN_POINT('',(-0.0249989543853168,0.0160312300546614,-0.00832440328968479));
#577=CARTESIAN_POINT('',(-0.0399994216096,0.015357512114349,-0.00734921195916073));
#578=CARTESIAN_POINT('',(-0.0783338061516146,0.0135675255730205,-0.00479829533152695));
#579=CARTESIAN_POINT('',(-0.116666834198748,0.0112890708837261,-0.00182691208394043));
#580=CARTESIAN_POINT('',(-0.14,0.00990218433329295,-1.82426021100675E-5));
#581=CARTESIAN_POINT('',(-0.0249989543853168,0.0160123750260816,-0.00831881004307838));
#582=CARTESIAN_POINT('',(-0.0399994216096,0.015339582435146,-0.00734452332186073));
#583=CARTESIAN_POINT('',(-0.0783338061516146,0.0135520449786603,-0.0047959663375779));
#584=CARTESIAN_POINT('',(-0.116666834198748,0.0112766426188461,-0.00182728522365435));
#585=CARTESIAN_POINT('',(-0.14,0.00989161400955322,-2.02605201258028E-5));
#586=CARTESIAN_POINT('',(-0.0249989543853168,0.0159758751767076,-0.00830791648999428));
#587=CARTESIAN_POINT('',(-0.0399994216096,0.0153048809625336,-0.00733538698392419));
#588=CARTESIAN_POINT('',(-0.0783338061516146,0.0135220997099752,-0.00479141194833676));
#589=CARTESIAN_POINT('',(-0.116666834198748,0.0112526009796558,-0.00182796599078381));
#590=CARTESIAN_POINT('',(-0.14,0.00987116588678608,-2.41279066749585E-5));
#591=CARTESIAN_POINT('',(-0.0249989543853168,0.0159581516241078,-0.00830259640711248));
#592=CARTESIAN_POINT('',(-0.0399994216096,0.0152880281441415,-0.0073309215192501));
#593=CARTESIAN_POINT('',(-0.0783338061516146,0.0135075503264113,-0.00478917530863157));
#594=CARTESIAN_POINT('',(-0.116666834198748,0.0112409147837672,-0.00182827874640772));
#595=CARTESIAN_POINT('',(-0.14,0.00986122250215317,-2.5992469368054E-5));
#596=CARTESIAN_POINT('',(-0.0249989543853168,0.0159059098688991,-0.00828684956742541));
#597=CARTESIAN_POINT('',(-0.0399994216096,0.0152383457885544,-0.00731769620585699));
#598=CARTESIAN_POINT('',(-0.0783338061516146,0.0134646404512052,-0.00478252732448741));
#599=CARTESIAN_POINT('',(-0.116666834198748,0.0112064360174623,-0.00182916283897024));
#600=CARTESIAN_POINT('',(-0.14,0.00983187571920312,-3.14613078684442E-5));
#601=CARTESIAN_POINT('',(-0.0249989543853168,0.0158723205688809,-0.00827663621957849));
#602=CARTESIAN_POINT('',(-0.0399994216096,0.0152063923509485,-0.00730910743776717));
#603=CARTESIAN_POINT('',(-0.0783338061516146,0.0134370182350483,-0.00477817791501985));
#604=CARTESIAN_POINT('',(-0.116666834198748,0.0111842232684069,-0.00182968000159967));
#605=CARTESIAN_POINT('',(-0.14,0.00981295569183462,-3.49407340968428E-5));
#606=CARTESIAN_POINT('',(-0.0249989543853168,0.0158211935693512,-0.00826107632763514));
#607=CARTESIAN_POINT('',(-0.0399994216096,0.0151577437771052,-0.00729601831787748));
#608=CARTESIAN_POINT('',(-0.0783338061516146,0.013394935554381,-0.00477153875166232));
#609=CARTESIAN_POINT('',(-0.116666834198748,0.0111503675885115,-0.00183046223497841));
#610=CARTESIAN_POINT('',(-0.14,0.00978410775546579,-4.02403429438522E-5));
#611=CARTESIAN_POINT('',(-0.0249989543853168,0.0158040077544415,-0.00825584472349886));
#612=CARTESIAN_POINT('',(-0.0399994216096,0.0151413884178044,-0.00729161664944541));
#613=CARTESIAN_POINT('',(-0.0783338061516146,0.0133807811554035,-0.00476930420176009));
#614=CARTESIAN_POINT('',(-0.116666834198748,0.0111389771931143,-0.00183072518576714));
#615=CARTESIAN_POINT('',(-0.14,0.00977439979834972,-4.20235127363847E-5));
#616=CARTESIAN_POINT('',(-0.0249989543853168,0.0157690526563393,-0.0082452152880027));
#617=CARTESIAN_POINT('',(-0.0399994216096,0.0151081238637536,-0.00728267489891469));
#618=CARTESIAN_POINT('',(-0.0783338061516146,0.0133519967333348,-0.00476476903093795));
#619=CARTESIAN_POINT('',(-0.116666834198748,0.0111158167568862,-0.00183126640026585));
#620=CARTESIAN_POINT('',(-0.14,0.00975466266053468,-4.5654703331354E-5));
#621=CARTESIAN_POINT('',(-0.0249989543853168,0.0157513238710322,-0.0082398278188593));
#622=CARTESIAN_POINT('',(-0.0399994216096,0.0150912531604525,-0.00727814333302293));
#623=CARTESIAN_POINT('',(-0.0783338061516146,0.0133373998485216,-0.0047624721195623));
#624=CARTESIAN_POINT('',(-0.116666834198748,0.0111040728867504,-0.00183154292943239));
#625=CARTESIAN_POINT('',(-0.14,0.00974465540939023,-4.74976757952146E-5));
#626=CARTESIAN_POINT('',(-0.0249989543853168,0.0156975552373494,-0.00822349104582954));
#627=CARTESIAN_POINT('',(-0.0399994216096,0.0150400886166118,-0.00726440264062083));
#628=CARTESIAN_POINT('',(-0.0783338061516146,0.0132931352923152,-0.00475550911205768));
#629=CARTESIAN_POINT('',(-0.116666834198748,0.0110684621114976,-0.0018323826802212));
#630=CARTESIAN_POINT('',(-0.14,0.00971431215710864,-5.30869353560471E-5));
#631=CARTESIAN_POINT('',(-0.0249989543853168,0.0156609331112124,-0.00821236737634363));
#632=CARTESIAN_POINT('',(-0.0399994216096,0.0150052423421348,-0.00725504751938375));
#633=CARTESIAN_POINT('',(-0.0783338061516146,0.013262993719155,-0.00475077074255109));
#634=CARTESIAN_POINT('',(-0.116666834198748,0.0110442160415348,-0.0018329560651327));
#635=CARTESIAN_POINT('',(-0.14,0.00969365465712321,-5.68935646222696E-5));
#636=CARTESIAN_POINT('',(-0.0249989543853168,0.0156055210905112,-0.00819550869526133));
#637=CARTESIAN_POINT('',(-0.0399994216096,0.0149525194421024,-0.00724086715668456));
#638=CARTESIAN_POINT('',(-0.0783338061516146,0.0132173940341589,-0.00474358145960042));
#639=CARTESIAN_POINT('',(-0.116666834198748,0.0110075357717776,-0.00183380605922913));
#640=CARTESIAN_POINT('',(-0.14,0.00966240360089847,-6.26370355405948E-5));
#641=CARTESIAN_POINT('',(-0.0249989543853168,0.0155869772542722,-0.00818986196538186));
#642=CARTESIAN_POINT('',(-0.0399994216096,0.0149348760586687,-0.00723611719443915));
#643=CARTESIAN_POINT('',(-0.0783338061516146,0.0132021356331665,-0.00474117214546936));
#644=CARTESIAN_POINT('',(-0.116666834198748,0.0109952621791135,-0.00183408735870879));
#645=CARTESIAN_POINT('',(-0.14,0.00965194684951089,-6.45561011108678E-5));
#646=CARTESIAN_POINT('',(-0.0249989543853168,0.0155498088121158,-0.00817853100681713));
#647=CARTESIAN_POINT('',(-0.0399994216096,0.0148995116979718,-0.00722658433294641));
#648=CARTESIAN_POINT('',(-0.0783338061516146,0.0131715497778254,-0.00473633259010223));
#649=CARTESIAN_POINT('',(-0.116666834198748,0.0109706575179031,-0.0018346435589069));
#650=CARTESIAN_POINT('',(-0.14,0.00963098291801712,-6.83966768368322E-5));
#651=CARTESIAN_POINT('',(-0.0249989543853168,0.0155311742283471,-0.00817284421889235));
#652=CARTESIAN_POINT('',(-0.0399994216096,0.0148817813149825,-0.00722179934926789));
#653=CARTESIAN_POINT('',(-0.0783338061516146,0.0131562144140353,-0.00473390148451209));
#654=CARTESIAN_POINT('',(-0.116666834198748,0.0109583202808245,-0.00183491886312531));
#655=CARTESIAN_POINT('',(-0.14,0.00962047062906341,-7.03193622303292E-5));
#656=CARTESIAN_POINT('',(-0.0249989543853168,0.0154750827788377,-0.00815571046840984));
#657=CARTESIAN_POINT('',(-0.0399994216096,0.0148284107788707,-0.00720738095194004));
#658=CARTESIAN_POINT('',(-0.0783338061516146,0.013110051081194,-0.0047265707607032));
#659=CARTESIAN_POINT('',(-0.116666834198748,0.0109211799590042,-0.0018357379587083));
#660=CARTESIAN_POINT('',(-0.14,0.00958882257912726,-7.60992213326473E-5));
#661=CARTESIAN_POINT('',(-0.0249989543853168,0.015437438214894,-0.00814419011914396));
#662=CARTESIAN_POINT('',(-0.0399994216096,0.0147925912386043,-0.00719768409199843));
#663=CARTESIAN_POINT('',(-0.0783338061516146,0.0130790658706722,-0.00472163373544596));
#664=CARTESIAN_POINT('',(-0.116666834198748,0.0108962482636778,-0.00183627493300066));
#665=CARTESIAN_POINT('',(-0.14,0.00956757563506981,-7.99681979632953E-5));
#666=CARTESIAN_POINT('',(-0.0249989543853168,0.0153614533044311,-0.0081209032652255));
#667=CARTESIAN_POINT('',(-0.0399994216096,0.0147202883031735,-0.00717807964869137));
#668=CARTESIAN_POINT('',(-0.0783338061516146,0.0130165164957773,-0.00471164167512859));
#669=CARTESIAN_POINT('',(-0.116666834198748,0.0108459144919225,-0.00183733907909777));
#670=CARTESIAN_POINT('',(-0.14,0.00952467745366398,-8.77622141109685E-5));
#671=CARTESIAN_POINT('',(-0.0249989543853168,0.0153230926588964,-0.00810913156697675));
#672=CARTESIAN_POINT('',(-0.0399994216096,0.0146837856154041,-0.00716816779472718));
#673=CARTESIAN_POINT('',(-0.0783338061516146,0.0129849357107355,-0.00470658477726285));
#674=CARTESIAN_POINT('',(-0.116666834198748,0.010820499182316,-0.00183786714666553));
#675=CARTESIAN_POINT('',(-0.14,0.00950301504509097,-9.16898285210576E-5));
#676=CARTESIAN_POINT('',(-0.0249989543853168,0.0152456391681482,-0.00808533214186814));
#677=CARTESIAN_POINT('',(-0.0399994216096,0.0146100833297913,-0.00714812557906475));
#678=CARTESIAN_POINT('',(-0.0783338061516146,0.0129211704985326,-0.0046963502979025));
#679=CARTESIAN_POINT('',(-0.116666834198748,0.0107691802527437,-0.00183891428543575));
#680=CARTESIAN_POINT('',(-0.14,0.00945927211958158,-9.96040445809395E-5));
#681=CARTESIAN_POINT('',(-0.0249989543853168,0.0152065569485004,-0.00807330714422202));
#682=CARTESIAN_POINT('',(-0.0399994216096,0.0145728936313456,-0.00713799741222024));
#683=CARTESIAN_POINT('',(-0.0783338061516146,0.0128889941152828,-0.0046911735598901));
#684=CARTESIAN_POINT('',(-0.116666834198748,0.0107432828231953,-0.00183943295048331));
#685=CARTESIAN_POINT('',(-0.14,0.00943719666484806,-0.0001035894794266));
#686=CARTESIAN_POINT('',(-0.0249989543853168,0.0150883624728718,-0.00803688594123968));
#687=CARTESIAN_POINT('',(-0.0399994216096,0.0144604215127318,-0.00710731601716141));
#688=CARTESIAN_POINT('',(-0.0783338061516146,0.012791680497677,-0.0046754751484278));
#689=CARTESIAN_POINT('',(-0.116666834198748,0.0106649538413836,-0.00184096854011849));
#690=CARTESIAN_POINT('',(-0.14,0.00937042355736279,-0.000115615338824245));
#691=CARTESIAN_POINT('',(-0.0249989543853168,0.0150083430440843,-0.00801215398277048));
#692=CARTESIAN_POINT('',(-0.0399994216096,0.0143842745302811,-0.00708647445749663));
#693=CARTESIAN_POINT('',(-0.0783338061516146,0.0127257915263986,-0.00466478893496449));
#694=CARTESIAN_POINT('',(-0.116666834198748,0.0106119115121967,-0.00184196333970366));
#695=CARTESIAN_POINT('',(-0.14,0.00932520092949303,-0.000123720325839725));
#696=CARTESIAN_POINT('',(-0.0249989543853168,0.0147647942785329,-0.00793664390494049));
#697=CARTESIAN_POINT('',(-0.0399994216096,0.0141525045491248,-0.00702281886795964));
#698=CARTESIAN_POINT('',(-0.0783338061516146,0.0125252237352637,-0.0046320782863651));
#699=CARTESIAN_POINT('',(-0.116666834198748,0.0104504232453227,-0.00184484969219594));
#700=CARTESIAN_POINT('',(-0.14,0.00918750021777627,-0.000148274435115468));
#701=CARTESIAN_POINT('',(-0.0249989543853168,0.0145976810795884,-0.00788452774587758));
#702=CARTESIAN_POINT('',(-0.0399994216096,0.013993464870731,-0.00697885461223856));
#703=CARTESIAN_POINT('',(-0.0783338061516146,0.0123875712132543,-0.00460939409114857));
#704=CARTESIAN_POINT('',(-0.116666834198748,0.0103395591659695,-0.00184664706240418));
#705=CARTESIAN_POINT('',(-0.14,0.00909294215978107,-0.000164973639439924));
#706=CARTESIAN_POINT('',(-0.0249989543853168,0.0142550917432625,-0.00777699446273561));
#707=CARTESIAN_POINT('',(-0.0399994216096,0.0136674070047476,-0.00688807369079326));
#708=CARTESIAN_POINT('',(-0.0783338061516146,0.0121053066442855,-0.00456234500646289));
#709=CARTESIAN_POINT('',(-0.116666834198748,0.0101121520347956,-0.00184991463517706));
#710=CARTESIAN_POINT('',(-0.14,0.00889892653866286,-0.000198868766853196));
#711=CARTESIAN_POINT('',(-0.0249989543853168,0.0140795985427619,-0.00772157289950974));
#712=CARTESIAN_POINT('',(-0.0399994216096,0.0135003724539663,-0.00684125332891741));
#713=CARTESIAN_POINT('',(-0.0783338061516146,0.0119606801401256,-0.00453797839147888));
#714=CARTESIAN_POINT('',(-0.116666834198748,0.00999559727105174,-0.00185138559715154));
#715=CARTESIAN_POINT('',(-0.14,0.00879945893465623,-0.000216066961915908));
#716=CARTESIAN_POINT('',(-0.0249989543853168,0.0137210224456723,-0.00760758581270852));
#717=CARTESIAN_POINT('',(-0.0399994216096,0.0131590576791897,-0.00674488423139619));
#718=CARTESIAN_POINT('',(-0.0783338061516146,0.0116650937103161,-0.00448760268578214));
#719=CARTESIAN_POINT('',(-0.116666834198748,0.009757303299002,-0.00185394155566995));
#720=CARTESIAN_POINT('',(-0.14,0.00859603865988989,-0.000250842219565861));
#721=CARTESIAN_POINT('',(-0.0249989543853168,0.0135379384047845,-0.00754901995889314));
#722=CARTESIAN_POINT('',(-0.0399994216096,0.0129847763435991,-0.00669533521385596));
#723=CARTESIAN_POINT('',(-0.0783338061516146,0.0115141327678993,-0.004461593444371));
#724=CARTESIAN_POINT('',(-0.116666834198748,0.00963556324928074,-0.00185502658743721));
#725=CARTESIAN_POINT('',(-0.14,0.0084920852544506,-0.000268419430546274));
#726=CARTESIAN_POINT('',(-0.0249989543853168,0.0131648281692111,-0.00742886834868633));
#727=CARTESIAN_POINT('',(-0.0399994216096,0.0126295816605902,-0.00659360573179529));
#728=CARTESIAN_POINT('',(-0.0783338061516146,0.0112064015749949,-0.00440795876573046));
#729=CARTESIAN_POINT('',(-0.116666834198748,0.00938731206542102,-0.00185675692961257));
#730=CARTESIAN_POINT('',(-0.14,0.00828003932187427,-0.000303850246597541));
#731=CARTESIAN_POINT('',(-0.0249989543853168,0.0129748017425483,-0.00736728252014097));
#732=CARTESIAN_POINT('',(-0.0399994216096,0.0124486680937091,-0.00654142520676313));
#733=CARTESIAN_POINT('',(-0.0783338061516146,0.0110496311377106,-0.0043803332981059));
#734=CARTESIAN_POINT('',(-0.116666834198748,0.00926080078205588,-0.00185740224234822));
#735=CARTESIAN_POINT('',(-0.14,0.00817194666837927,-0.000321703873914143));
#736=CARTESIAN_POINT('',(-0.0249989543853168,0.0125883457413784,-0.00724118713224189));
#737=CARTESIAN_POINT('',(-0.0399994216096,0.0120807195599336,-0.00643450671586849));
#738=CARTESIAN_POINT('',(-0.0783338061516146,0.0107307165224985,-0.00432348246472187));
#739=CARTESIAN_POINT('',(-0.116666834198748,0.00900334989657432,-0.00185820412944929));
#740=CARTESIAN_POINT('',(-0.14,0.00795190851728439,-0.000357598748825058));
#741=CARTESIAN_POINT('',(-0.0249989543853168,0.0123919150593411,-0.00717667728792549));
#742=CARTESIAN_POINT('',(-0.0399994216096,0.0118936835450549,-0.00637976851665534));
#743=CARTESIAN_POINT('',(-0.0783338061516146,0.0105685714528021,-0.00429425699931528));
#744=CARTESIAN_POINT('',(-0.116666834198748,0.00887240958783148,-0.00185836075079511));
#745=CARTESIAN_POINT('',(-0.14,0.00783996242575349,-0.000375640132651351));
#746=CARTESIAN_POINT('',(-0.0249989543853168,0.0117937000833096,-0.00697887410514211));
#747=CARTESIAN_POINT('',(-0.0399994216096,0.0113240390169702,-0.00621180223901578));
#748=CARTESIAN_POINT('',(-0.0783338061516146,0.0100746256416502,-0.00420419374305191));
#749=CARTESIAN_POINT('',(-0.116666834198748,0.0084733779746944,-0.00185802965954304));
#750=CARTESIAN_POINT('',(-0.14,0.00749870471757504,-0.00042992866292617));
#751=CARTESIAN_POINT('',(-0.0249989543853168,0.0113830174438653,-0.0068413135488233));
#752=CARTESIAN_POINT('',(-0.0399994216096,0.0109329173754657,-0.00609482778403456));
#753=CARTESIAN_POINT('',(-0.0783338061516146,0.00973533440005411,-0.00414097145249509));
#754=CARTESIAN_POINT('',(-0.116666834198748,0.00819909203326491,-0.00185673998627602));
#755=CARTESIAN_POINT('',(-0.14,0.00726398725074876,-0.000466337134088311));
#756=CARTESIAN_POINT('',(-0.0249989543853168,0.0105408414354639,-0.00655522545213846));
#757=CARTESIAN_POINT('',(-0.0399994216096,0.0101307337189362,-0.00585118711771858));
#758=CARTESIAN_POINT('',(-0.0783338061516146,0.00903912400923662,-0.00400817100315881));
#759=CARTESIAN_POINT('',(-0.116666834198748,0.00763583600356139,-0.00185169144232755));
#760=CARTESIAN_POINT('',(-0.14,0.00678166002604489,-0.000539050680475489));
#761=CARTESIAN_POINT('',(-0.0249989543853168,0.0101093435404687,-0.00640669765157352));
#762=CARTESIAN_POINT('',(-0.0399994216096,0.00971966742352379,-0.00572452079610885));
#763=CARTESIAN_POINT('',(-0.0783338061516146,0.00868220123083408,-0.00393859312608474));
#764=CARTESIAN_POINT('',(-0.116666834198748,0.00734686310498826,-0.00184793330859705));
#765=CARTESIAN_POINT('',(-0.14,0.0065340479563185,-0.000575356769757657));
#766=CARTESIAN_POINT('',(-0.0249989543853168,0.009448178818832,-0.00617585398768104));
#767=CARTESIAN_POINT('',(-0.0399994216096,0.00908971009889292,-0.00552736375441151));
#768=CARTESIAN_POINT('',(-0.0783338061516146,0.00813494847308193,-0.0038294094270947));
#769=CARTESIAN_POINT('',(-0.116666834198748,0.00690344082172582,-0.00184021329381587));
#770=CARTESIAN_POINT('',(-0.14,0.00615382688099382,-0.000629397306831145));
#771=CARTESIAN_POINT('',(-0.0249989543853168,0.00922549310767705,-0.00609757265762342));
#772=CARTESIAN_POINT('',(-0.0399994216096,0.00887751924570831,-0.00546045921851198));
#773=CARTESIAN_POINT('',(-0.0783338061516146,0.00795057150266701,-0.00379221643346364));
#774=CARTESIAN_POINT('',(-0.116666834198748,0.00675398825590006,-0.00183729357157283));
#775=CARTESIAN_POINT('',(-0.14,0.00602563266506379,-0.000647339592224561));
#776=CARTESIAN_POINT('',(-0.0249989543853168,0.00888813483073865,-0.00597813893222731));
#777=CARTESIAN_POINT('',(-0.0399994216096,0.00855603430512419,-0.00535830949619886));
#778=CARTESIAN_POINT('',(-0.0783338061516146,0.00767115618305116,-0.00373520685002396));
#779=CARTESIAN_POINT('',(-0.116666834198748,0.00652740775262489,-0.00183236431983715));
#780=CARTESIAN_POINT('',(-0.14,0.00583121250999383,-0.000674111436816031));
#781=CARTESIAN_POINT('',(-0.0249989543853168,0.00877511337701955,-0.00593798733988729));
#782=CARTESIAN_POINT('',(-0.0399994216096,0.00844832640617323,-0.00532395640787826));
#783=CARTESIAN_POINT('',(-0.0783338061516146,0.00757753123063745,-0.00371599778680176));
#784=CARTESIAN_POINT('',(-0.116666834198748,0.00645147121948142,-0.00183062930176628));
#785=CARTESIAN_POINT('',(-0.14,0.00576604284919572,-0.000683012802394083));
#786=CARTESIAN_POINT('',(-0.0249989543853168,0.0085479876220089,-0.00585701451685753));
#787=CARTESIAN_POINT('',(-0.0399994216096,0.00823187030540982,-0.00525465279242729));
#788=CARTESIAN_POINT('',(-0.0783338061516146,0.00738935415529114,-0.00367717114737655));
#789=CARTESIAN_POINT('',(-0.116666834198748,0.00629881564994437,-0.00182697127659227));
#790=CARTESIAN_POINT('',(-0.14,0.00563500908275594,-0.000700761776591861));
#791=CARTESIAN_POINT('',(-0.0249989543853168,0.00843389423437915,-0.0058161973178419));
#792=CARTESIAN_POINT('',(-0.0399994216096,0.00812313248376993,-0.00521970571866537));
#793=CARTESIAN_POINT('',(-0.0783338061516146,0.00729481100612387,-0.00365755552054106));
#794=CARTESIAN_POINT('',(-0.116666834198748,0.00622210387288853,-0.00182504852803687));
#795=CARTESIAN_POINT('',(-0.14,0.00556915119288658,-0.000709608614563854));
#796=CARTESIAN_POINT('',(-0.0249989543853168,0.00820479660534819,-0.00573394774771045));
#797=CARTESIAN_POINT('',(-0.0399994216095999,0.00790478018792258,-0.00514926013827542));
#798=CARTESIAN_POINT('',(-0.0783338061516146,0.00710493910241606,-0.00361793968892996));
#799=CARTESIAN_POINT('',(-0.116666834198748,0.00606801183680684,-0.00182101368519336));
#800=CARTESIAN_POINT('',(-0.14,0.00543683822374009,-0.000727231781864122));
#801=CARTESIAN_POINT('',(-0.0249989543853168,0.00808982359658525,-0.00569252692657218));
#802=CARTESIAN_POINT('',(-0.0399994216096,0.0077951952092519,-0.00511377144763214));
#803=CARTESIAN_POINT('',(-0.0783338061516146,0.00700963532815569,-0.00359794484453506));
#804=CARTESIAN_POINT('',(-0.116666834198748,0.00599065149901453,-0.0018189023219098));
#805=CARTESIAN_POINT('',(-0.14,0.00537039998627438,-0.000736006024313606));
#806=CARTESIAN_POINT('',(-0.0249989543853168,0.00791643795648416,-0.00562983781374344));
#807=CARTESIAN_POINT('',(-0.0399994216096,0.00762992725571418,-0.00506004097921967));
#808=CARTESIAN_POINT('',(-0.0783338061516146,0.00686588433641034,-0.00356761361350955));
#809=CARTESIAN_POINT('',(-0.116666834198748,0.00587393995188667,-0.00181558331748306));
#810=CARTESIAN_POINT('',(-0.14,0.00527014724442687,-0.000749129257664566));
#811=CARTESIAN_POINT('',(-0.0249989543853168,0.00785848699084229,-0.00560884794430474));
#812=CARTESIAN_POINT('',(-0.0399994216096,0.00757468822646286,-0.00504204748541212));
#813=CARTESIAN_POINT('',(-0.0783338061516146,0.00681783374156676,-0.00355744649253069));
#814=CARTESIAN_POINT('',(-0.116666834198748,0.00583492345655385,-0.0018144516251665));
#815=CARTESIAN_POINT('',(-0.14,0.00523662977049905,-0.000753497395802395));
#816=CARTESIAN_POINT('',(-0.0249989543853168,0.00774222080529572,-0.00556666058917703));
#817=CARTESIAN_POINT('',(-0.0399994216096,0.00746386041877451,-0.00500587601910289));
#818=CARTESIAN_POINT('',(-0.0783338061516146,0.00672142145606286,-0.00353698838291604));
#819=CARTESIAN_POINT('',(-0.116666834198748,0.00575662936407602,-0.00181213558650007));
#820=CARTESIAN_POINT('',(-0.14,0.00516936415198827,-0.000762224365501821));
#821=CARTESIAN_POINT('',(-0.0249989543853168,0.00768388923945356,-0.00554545707660786));
#822=CARTESIAN_POINT('',(-0.0399994216096,0.00740825592080629,-0.00498769282172468));
#823=CARTESIAN_POINT('',(-0.0783338061516146,0.00667304575382486,-0.00352669429849329));
#824=CARTESIAN_POINT('',(-0.116666834198748,0.00571734022995907,-0.00181095084250663));
#825=CARTESIAN_POINT('',(-0.14,0.00513560597671633,-0.000766584441769265));
#826=CARTESIAN_POINT('',(-0.0249989543853168,0.00750841684471697,-0.00548155865307799));
#827=CARTESIAN_POINT('',(-0.0399994216096,0.00724098530929811,-0.00493288734366558));
#828=CARTESIAN_POINT('',(-0.0783338061516146,0.006527515707573,-0.00349563947286646));
#829=CARTESIAN_POINT('',(-0.116666834198748,0.00559913541307104,-0.00180731834284625));
#830=CARTESIAN_POINT('',(-0.14,0.00503403392117758,-0.000779643805784379));
#831=CARTESIAN_POINT('',(-0.0249989543853168,0.00739086284213796,-0.00543859970334735));
#832=CARTESIAN_POINT('',(-0.0399994216096,0.00712892303308348,-0.00489602945032778));
#833=CARTESIAN_POINT('',(-0.0783338061516146,0.00643001009720694,-0.00347471724460724));
#834=CARTESIAN_POINT('',(-0.116666834198748,0.00551992354805518,-0.00180479382364127));
#835=CARTESIAN_POINT('',(-0.14,0.00496595738814899,-0.000788317900870897));
#836=CARTESIAN_POINT('',(-0.0249989543853168,0.0072149160212647,-0.00537407325002433));
#837=CARTESIAN_POINT('',(-0.0399994216096,0.00696119147451669,-0.00484064883751481));
#838=CARTESIAN_POINT('',(-0.0783338061516146,0.0062840538844158,-0.00344322481640173));
#839=CARTESIAN_POINT('',(-0.116666834198748,0.00540132973482349,-0.00180087811145791));
#840=CARTESIAN_POINT('',(-0.14,0.00486401896162078,-0.000801188028992353));
#841=CARTESIAN_POINT('',(-0.0249989543853169,0.00715633774291244,-0.00535255215343619));
#842=CARTESIAN_POINT('',(-0.0399994216096,0.00690534776272837,-0.00482217511913905));
#843=CARTESIAN_POINT('',(-0.0783338061516147,0.006235458268365,-0.00343271050261538));
#844=CARTESIAN_POINT('',(-0.116666834198748,0.00536184096486362,-0.00179955151945246));
#845=CARTESIAN_POINT('',(-0.14,0.00483007349362769,-0.000805453967673131));
#846=CARTESIAN_POINT('',(-0.0249989543853169,0.00703948514975973,-0.00530954468066514));
#847=CARTESIAN_POINT('',(-0.0399994216096,0.00679394769297538,-0.00478525102707947));
#848=CARTESIAN_POINT('',(-0.0783338061516147,0.00613851050883499,-0.00341167564762277));
#849=CARTESIAN_POINT('',(-0.116666834198748,0.0052830527538519,-0.0017968589521655));
#850=CARTESIAN_POINT('',(-0.14,0.00476233892951107,-0.000813926279917305));
#851=CARTESIAN_POINT('',(-0.0249989543853168,0.00698119211096941,-0.00528805153115798));
#852=CARTESIAN_POINT('',(-0.0399994216096,0.00673837340045177,-0.00476679481736407));
#853=CARTESIAN_POINT('',(-0.0783338061516146,0.00609014255776404,-0.00340115173924462));
#854=CARTESIAN_POINT('',(-0.116666834198748,0.00524374041596315,-0.00179549260491281));
#855=CARTESIAN_POINT('',(-0.14,0.00472853870831586,-0.00081813410467662));
#856=CARTESIAN_POINT('',(-0.0249989543853168,0.00680662937587556,-0.00522357413240822));
#857=CARTESIAN_POINT('',(-0.0399994216096,0.0065719482776068,-0.00471141827070622));
#858=CARTESIAN_POINT('',(-0.0783338061516146,0.00594528740673747,-0.00336954633418535));
#859=CARTESIAN_POINT('',(-0.116666834198748,0.0051259926666098,-0.00179133204248456));
#860=CARTESIAN_POINT('',(-0.14,0.00462729112943965,-0.000830679111730414));
#861=CARTESIAN_POINT('',(-0.0249989543853168,0.00669067594598229,-0.00518059189163139));
#862=CARTESIAN_POINT('',(-0.0399994216096,0.00646139506847132,-0.00467448997173063));
#863=CARTESIAN_POINT('',(-0.0783338061516146,0.00584904873158462,-0.00334843111139742));
#864=CARTESIAN_POINT('',(-0.116666834198748,0.00504774632597246,-0.00178847630571901));
#865=CARTESIAN_POINT('',(-0.14,0.00455999665318112,-0.000838937853431889));
#866=CARTESIAN_POINT('',(-0.0249989543853168,0.00645916847624621,-0.00509447458530268));
#867=CARTESIAN_POINT('',(-0.0399994216096,0.00624065935075654,-0.00460047683298885));
#868=CARTESIAN_POINT('',(-0.0783338061516146,0.00565686685875553,-0.00330603510796792));
#869=CARTESIAN_POINT('',(-0.116666834198748,0.00489146026427252,-0.00178259368804741));
#870=CARTESIAN_POINT('',(-0.14,0.0044255602327779,-0.000855280792343172));
#871=CARTESIAN_POINT('',(-0.0249989543853168,0.00634361988620005,-0.00505134145948197));
#872=CARTESIAN_POINT('',(-0.0399994216096,0.00613048259151173,-0.00456339385291018));
#873=CARTESIAN_POINT('',(-0.0783338061516146,0.00556093001494745,-0.00328475583776522));
#874=CARTESIAN_POINT('',(-0.116666834198748,0.00481342634984739,-0.0017795669329261));
#875=CARTESIAN_POINT('',(-0.14,0.00435842376217346,-0.000863364272504086));
#876=CARTESIAN_POINT('',(-0.0249989543853168,0.00611305706675399,-0.00496497342956983));
#877=CARTESIAN_POINT('',(-0.0399994216096,0.00591062960249152,-0.00448911569230315));
#878=CARTESIAN_POINT('',(-0.0783338061516146,0.00536946762293668,-0.00324205828081578));
#879=CARTESIAN_POINT('',(-0.116666834198748,0.00465766071574326,-0.00177334629050031));
#880=CARTESIAN_POINT('',(-0.14,0.00422438660643995,-0.000879346986762029));
#881=CARTESIAN_POINT('',(-0.0249989543853168,0.00599805068483193,-0.00492174137653695));
#882=CARTESIAN_POINT('',(-0.0399994216096,0.00580096090377623,-0.00445192297486535));
#883=CARTESIAN_POINT('',(-0.0783338061516146,0.00527394875008184,-0.00322064143094467));
#884=CARTESIAN_POINT('',(-0.116666834198748,0.00457993447874085,-0.00177015256526031));
#885=CARTESIAN_POINT('',(-0.14,0.00415749067801311,-0.00088724560695094));
#886=CARTESIAN_POINT('',(-0.0249989543853168,0.00576865361652855,-0.00483520713702165));
#887=CARTESIAN_POINT('',(-0.0399994216096,0.00558220125371834,-0.00437745251429826));
#888=CARTESIAN_POINT('',(-0.0783338061516146,0.00508338872564527,-0.00317768430731143));
#889=CARTESIAN_POINT('',(-0.116666834198748,0.00442483789349766,-0.00176360085823931));
#890=CARTESIAN_POINT('',(-0.14,0.00402398055094287,-0.000902853736111738));
#891=CARTESIAN_POINT('',(-0.0249989543853168,0.0056542520724755,-0.0047919010011282));
#892=CARTESIAN_POINT('',(-0.0399994216096,0.00547309997721016,-0.00434017139333704));
#893=CARTESIAN_POINT('',(-0.0783338061516146,0.00498833865265638,-0.00315614214216515));
#894=CARTESIAN_POINT('',(-0.116666834198748,0.00434746033465204,-0.00176024265574242));
#895=CARTESIAN_POINT('',(-0.14,0.00395736018305338,-0.000910564041297071));
#896=CARTESIAN_POINT('',(-0.0249989543853168,0.00531189407352983,-0.00466185249524005));
#897=CARTESIAN_POINT('',(-0.0399994216095999,0.00514658962457981,-0.0042281794273421));
#898=CARTESIAN_POINT('',(-0.0783338061516146,0.00470384182477557,-0.00309131943448965));
#899=CARTESIAN_POINT('',(-0.116666834198748,0.0041158106100642,-0.00174992194588132));
#900=CARTESIAN_POINT('',(-0.14,0.00375787828569103,-0.000933418486551275));
#901=CARTESIAN_POINT('',(-0.0249989543853168,0.00508477291404507,-0.00457497599772599));
#902=CARTESIAN_POINT('',(-0.0399994216096,0.00492996335154872,-0.00415331657873565));
#903=CARTESIAN_POINT('',(-0.0783338061516146,0.00451503950419798,-0.00304784088822291));
#904=CARTESIAN_POINT('',(-0.116666834198748,0.00396201430061043,-0.00174271316718211));
#905=CARTESIAN_POINT('',(-0.14,0.00362538999971479,-0.00094828697498538));
#906=CARTESIAN_POINT('',(-0.0249989543853168,0.00463285309670058,-0.0044009137084862));
#907=CARTESIAN_POINT('',(-0.0399994216096,0.00449888932321158,-0.00400322819719432));
#908=CARTESIAN_POINT('',(-0.0783338061516146,0.0041392337502883,-0.00296038347779675));
#909=CARTESIAN_POINT('',(-0.116666834198748,0.00365575742060745,-0.00172764912856727));
#910=CARTESIAN_POINT('',(-0.14,0.00336146725006436,-0.00097728850158778));
#911=CARTESIAN_POINT('',(-0.0249989543853168,0.00440805033119903,-0.00431372640427397));
#912=CARTESIAN_POINT('',(-0.0399994216096,0.00428443759513632,-0.0039280013451515));
#913=CARTESIAN_POINT('',(-0.0783338061516146,0.00395222672096988,-0.00291640381399085));
#914=CARTESIAN_POINT('',(-0.116666834198748,0.00350329386061711,-0.00171979376930526));
#915=CARTESIAN_POINT('',(-0.14,0.00323003016615078,-0.000991421866679639));
#916=CARTESIAN_POINT('',(-0.0249989543853168,0.00328986400797944,-0.00387705377949021));
#917=CARTESIAN_POINT('',(-0.0399994216096,0.00321764621862256,-0.00355099462636268));
#918=CARTESIAN_POINT('',(-0.0783338061516146,0.00302170903068211,-0.00269528143451678));
#919=CARTESIAN_POINT('',(-0.116666834198748,0.00274433481403083,-0.00167891884796169));
#920=CARTESIAN_POINT('',(-0.14,0.00257549820195418,-0.00106026287543797));
#921=CARTESIAN_POINT('',(-0.0249989543853168,0.00241398154374325,-0.00352538383131164));
#922=CARTESIAN_POINT('',(-0.0399994216096,0.00238172655643778,-0.00324661910984413));
#923=CARTESIAN_POINT('',(-0.0783338061516146,0.0022917678920277,-0.00251448313321142));
#924=CARTESIAN_POINT('',(-0.116666834198748,0.00214793130650139,-0.00164111546405937));
#925=CARTESIAN_POINT('',(-0.14,0.00206037853362248,-0.00110949994428566));
#926=CARTESIAN_POINT('',(-0.0249989543853168,0.00070177967020339,-0.00281864082496972));
#927=CARTESIAN_POINT('',(-0.0399994216096,0.000747053604429677,-0.00263344673168033));
#928=CARTESIAN_POINT('',(-0.0783338061516146,0.000862730749590014,-0.00214583399971936));
#929=CARTESIAN_POINT('',(-0.116666834198748,0.000978242950454208,-0.00155561727145451));
#930=CARTESIAN_POINT('',(-0.14,0.00104855478002107,-0.00119635463344056));
#931=CARTESIAN_POINT('',(-0.0249989543853168,-0.000134542177366042,-0.00246355983751124));
#932=CARTESIAN_POINT('',(-0.0399994216096,-5.17022208440099E-5,-0.00232464247745891));
#933=CARTESIAN_POINT('',(-0.0783338061516146,0.00016363196355808,-0.00195797718659124));
#934=CARTESIAN_POINT('',(-0.116666834198748,0.000404955084071728,-0.00150791817981024));
#935=CARTESIAN_POINT('',(-0.14,0.000551847533468023,-0.00123396900437188));
#936=CARTESIAN_POINT('',(-0.0249989543853168,-0.00135723288385849,-0.00192924326617758));
#937=CARTESIAN_POINT('',(-0.0399994216096,-0.00121993777334819,-0.00185886251796022));
#938=CARTESIAN_POINT('',(-0.0783338061516146,-0.000860114589561873,-0.00167134497216197));
#939=CARTESIAN_POINT('',(-0.116666834198748,-0.000436192546334834,-0.00142904598273354));
#940=CARTESIAN_POINT('',(-0.14,-0.000178152839446573,-0.001281559525706));
#941=CARTESIAN_POINT('',(-0.0249989543853168,-0.00175949240689637,-0.00175085539906847));
#942=CARTESIAN_POINT('',(-0.0399994216096,-0.0016043615277922,-0.00170317360038914));
#943=CARTESIAN_POINT('',(-0.0783338061516146,-0.0011972089045254,-0.0015749926166473));
#944=CARTESIAN_POINT('',(-0.116666834198748,-0.000713441119963567,-0.00140153369868776));
#945=CARTESIAN_POINT('',(-0.14,-0.000418973541962527,-0.00129594992671235));
#946=CARTESIAN_POINT('',(-0.0249989543853168,-0.00235461467240246,-0.00148296548125464));
#947=CARTESIAN_POINT('',(-0.0399994216096,-0.00217321853358431,-0.00146909598144209));
#948=CARTESIAN_POINT('',(-0.0783338061516146,-0.00169636044887441,-0.00142930838110506));
#949=CARTESIAN_POINT('',(-0.116666834198748,-0.00112440313942027,-0.00135844066830942));
#950=CARTESIAN_POINT('',(-0.14,-0.000776254938961864,-0.00131530376582985));
#951=CARTESIAN_POINT('',(-0.0249989543853168,-0.00255161060157291,-0.00139361757662617));
#952=CARTESIAN_POINT('',(-0.0399994216096,-0.00236154077688368,-0.00139097948112184));
#953=CARTESIAN_POINT('',(-0.0783338061516146,-0.00186166233051177,-0.00138055440746227));
#954=CARTESIAN_POINT('',(-0.116666834198748,-0.00126057173529144,-0.00134377222102919));
#955=CARTESIAN_POINT('',(-0.14,-0.000894690216549856,-0.00132138304651576));
#956=CARTESIAN_POINT('',(-0.0249989543853168,-0.00294278457914825,-0.00121484277882443));
#957=CARTESIAN_POINT('',(-0.0399994216096,-0.00273553307876641,-0.00123458548581697));
#958=CARTESIAN_POINT('',(-0.0783338061516146,-0.0021900511524595,-0.00128267303784317));
#959=CARTESIAN_POINT('',(-0.116666834198748,-0.00153122996211607,-0.00131382903762406));
#960=CARTESIAN_POINT('',(-0.14,-0.00113020805357393,-0.00133279357409891));
#961=CARTESIAN_POINT('',(-0.0249989543853168,-0.0031369802234506,-0.00112540690083356));
#962=CARTESIAN_POINT('',(-0.0399994216096,-0.0029212200260085,-0.00115630004891425));
#963=CARTESIAN_POINT('',(-0.0783338061516146,-0.00235315309064434,-0.00123354043904026));
#964=CARTESIAN_POINT('',(-0.116666834198748,-0.00166573210339876,-0.00129855236658997));
#965=CARTESIAN_POINT('',(-0.14,-0.00124730160918007,-0.00133812487525564));
#966=CARTESIAN_POINT('',(-0.0249989543853168,-0.00352246107525412,-0.000946495329836272));
#967=CARTESIAN_POINT('',(-0.0399994216096,-0.0032898530660304,-0.000999602379232523));
#968=CARTESIAN_POINT('',(-0.0783338061516146,-0.00267706375169579,-0.00113492293223073));
#969=CARTESIAN_POINT('',(-0.116666834198748,-0.00193299286397276,-0.00126739809817879));
#970=CARTESIAN_POINT('',(-0.14,-0.0014800797946014,-0.00134803521893569));
#971=CARTESIAN_POINT('',(-0.0249989543853168,-0.00371371047439433,-0.000857037931534737));
#972=CARTESIAN_POINT('',(-0.0399994216096,-0.00347276542399755,-0.000921205993933094));
#973=CARTESIAN_POINT('',(-0.0783338061516146,-0.00283784407360168,-0.00108544764322506));
#974=CARTESIAN_POINT('',(-0.116666834198748,-0.00206572866501996,-0.00125152407415175));
#975=CARTESIAN_POINT('',(-0.14,-0.00159574500435046,-0.00135261415484477));
#976=CARTESIAN_POINT('',(-0.0249989543853168,-0.00399861202982996,-0.000722708664009474));
#977=CARTESIAN_POINT('',(-0.0399994216096,-0.00374527953467789,-0.000803416226968186));
#978=CARTESIAN_POINT('',(-0.0783338061516146,-0.00307747185926606,-0.00101090485158022));
#979=CARTESIAN_POINT('',(-0.116666834198748,-0.00226367205692243,-0.00122723611925269));
#980=CARTESIAN_POINT('',(-0.14,-0.00176831526711282,-0.00135891612455752));
#981=CARTESIAN_POINT('',(-0.0249989543853168,-0.00409321335531602,-0.000677927301467587));
#982=CARTESIAN_POINT('',(-0.0399994216096,-0.00383577273417733,-0.000764137243103285));
#983=CARTESIAN_POINT('',(-0.0783338061516146,-0.00315705853058499,-0.000986013469010707));
#984=CARTESIAN_POINT('',(-0.116666834198748,-0.00232943279561022,-0.00121906480452191));
#985=CARTESIAN_POINT('',(-0.14,-0.0018256602141224,-0.00136092225040381));
#986=CARTESIAN_POINT('',(-0.0249989543853168,-0.00428137206385385,-0.000588513046506717));
#987=CARTESIAN_POINT('',(-0.0399994216096,-0.0040157704632405,-0.00068568739793765));
#988=CARTESIAN_POINT('',(-0.0783338061516146,-0.00331538950451989,-0.000936233613201473));
#989=CARTESIAN_POINT('',(-0.116666834198748,-0.00246029433655265,-0.00120260482456498));
#990=CARTESIAN_POINT('',(-0.14,-0.00193980121752494,-0.00136474394991096));
#991=CARTESIAN_POINT('',(-0.0249989543853168,-0.00437488064833141,-0.000543908181220447));
#992=CARTESIAN_POINT('',(-0.0399994216096,-0.00410522920829121,-0.00064654083743278));
#993=CARTESIAN_POINT('',(-0.0783338061516146,-0.00339409572348371,-0.000911360035194797));
#994=CARTESIAN_POINT('',(-0.116666834198748,-0.00252536474349848,-0.00119432248846605));
#995=CARTESIAN_POINT('',(-0.14,-0.00199657155847394,-0.00136656063854354));
#996=CARTESIAN_POINT('',(-0.0249989543853168,-0.00451509634499947,-0.000476675204964425));
#997=CARTESIAN_POINT('',(-0.0399994216096,-0.00423938497308936,-0.000587511516493802));
#998=CARTESIAN_POINT('',(-0.0783338061516146,-0.00351216075385933,-0.000873783735281617));
#999=CARTESIAN_POINT('',(-0.116666834198748,-0.00262301527516732,-0.00118169199798401));
#1000=CARTESIAN_POINT('',(-0.14,-0.0020817958637959,-0.00136911456570751));
#1001=CARTESIAN_POINT('',(-0.0249989543853168,-0.00456182963741256,-0.000454208458476385));
#1002=CARTESIAN_POINT('',(-0.0399994216096,-0.00428410068477495,-0.000567782169138852));
#1003=CARTESIAN_POINT('',(-0.0783338061516146,-0.00355151902505161,-0.000861213049335739));
#1004=CARTESIAN_POINT('',(-0.116666834198748,-0.00265557494478684,-0.00117744693977291));
#1005=CARTESIAN_POINT('',(-0.14,-0.00211021725095261,-0.00136993728487355));
#1006=CARTESIAN_POINT('',(-0.0249989543853168,-0.00465541434777329,-0.000409087041454973));
#1007=CARTESIAN_POINT('',(-0.0399994216096,-0.00437364936983367,-0.000528149941139006));
#1008=CARTESIAN_POINT('',(-0.0783338061516146,-0.00363035021059082,-0.000835936033494726));
#1009=CARTESIAN_POINT('',(-0.116666834198748,-0.00272080336813308,-0.00116886703270256));
#1010=CARTESIAN_POINT('',(-0.14,-0.00216716572560257,-0.00137152084328442));
#1011=CARTESIAN_POINT('',(-0.0249989543853168,-0.00470225658530476,-0.000386437560441346));
#1012=CARTESIAN_POINT('',(-0.0399994216096,-0.0044184733491044,-0.000508251771571759));
#1013=CARTESIAN_POINT('',(-0.0783338061516146,-0.00366981469017032,-0.000823233102173225));
#1014=CARTESIAN_POINT('',(-0.116666834198748,-0.00275346484179348,-0.00116453362718955));
#1015=CARTESIAN_POINT('',(-0.14,-0.00219568623589159,-0.00137228193573611));
#1016=CARTESIAN_POINT('',(-0.0249989543853168,-0.00484287455313648,-0.000318250696673553));
#1017=CARTESIAN_POINT('',(-0.0399994216096,-0.00455303833199992,-0.000448335581917906));
#1018=CARTESIAN_POINT('',(-0.0783338061516146,-0.00378830563310636,-0.000784946604050577));
#1019=CARTESIAN_POINT('',(-0.116666834198748,-0.00285155040356932,-0.0011514082511792));
#1020=CARTESIAN_POINT('',(-0.14,-0.00228135112113585,-0.00137447203736739));
#1021=CARTESIAN_POINT('',(-0.0249989543853168,-0.00493673450151379,-0.000272478565922397));
#1022=CARTESIAN_POINT('',(-0.0399994216096,-0.00464286551914982,-0.000408099187012099));
#1023=CARTESIAN_POINT('',(-0.0783338061516146,-0.00386742324301676,-0.000759187642912467));
#1024=CARTESIAN_POINT('',(-0.116666834198748,-0.00291707017342261,-0.00114249200929021));
#1025=CARTESIAN_POINT('',(-0.14,-0.00233859393837791,-0.00137580789349425));
#1026=CARTESIAN_POINT('',(-0.0249989543853168,-0.00512441835882409,-0.000180430580611139));
#1027=CARTESIAN_POINT('',(-0.0399994216096,-0.00482250135214353,-0.000327150763347651));
#1028=CARTESIAN_POINT('',(-0.0783338061516146,-0.00402568541614277,-0.000707268269211449));
#1029=CARTESIAN_POINT('',(-0.116666834198748,-0.00304818772184784,-0.00112434940849143));
#1030=CARTESIAN_POINT('',(-0.14,-0.00245318865881321,-0.00137822508362538));
#1031=CARTESIAN_POINT('',(-0.0249989543853168,-0.00521826775527087,-0.000134141407753038));
#1032=CARTESIAN_POINT('',(-0.0399994216095999,-0.00491233452940279,-0.000286426913458421));
#1033=CARTESIAN_POINT('',(-0.0783338061516146,-0.00410485193220226,-0.000681099986614389));
#1034=CARTESIAN_POINT('',(-0.116666834198748,-0.00311380390716902,-0.00111512002511302));
#1035=CARTESIAN_POINT('',(-0.14,-0.00251055681026161,-0.00137930634263801));
#1036=CARTESIAN_POINT('',(-0.0249989543853169,-0.00540605380393832,-4.09808498034916E-5));
#1037=CARTESIAN_POINT('',(-0.0399994216096,-0.00509210112791003,-0.0002044333130283));
#1038=CARTESIAN_POINT('',(-0.0783338061516147,-0.00426331861507257,-0.000628313299081884));
#1039=CARTESIAN_POINT('',(-0.116666834198748,-0.0032452048711089,-0.00109632825279052));
#1040=CARTESIAN_POINT('',(-0.14,-0.00262548297584857,-0.00138120714362382));
#1041=CARTESIAN_POINT('',(-0.0249989543853168,-0.00549999585485059,5.89331042115337E-6));
#1042=CARTESIAN_POINT('',(-0.0399994216096,-0.00518203966678506,-0.000163161141682877));
#1043=CARTESIAN_POINT('',(-0.0783338061516146,-0.0043426231690031,-0.000601693383590252));
#1044=CARTESIAN_POINT('',(-0.116666834198748,-0.00331099321882047,-0.00108676529746219));
#1045=CARTESIAN_POINT('',(-0.14,-0.0026830440611502,-0.00138202669392655));
#1046=CARTESIAN_POINT('',(-0.0249989543853168,-0.00596988963709055,0.000241738687322491));
#1047=CARTESIAN_POINT('',(-0.0399994216096,-0.00563195028218217,4.45831290413679E-5));
#1048=CARTESIAN_POINT('',(-0.0783338061516146,-0.00473945262711873,-0.000467450683785729));
#1049=CARTESIAN_POINT('',(-0.116666834198748,-0.00364033666206592,-0.00103810008833957));
#1050=CARTESIAN_POINT('',(-0.14,-0.00297130902835418,-0.00138545217214752));
#1051=CARTESIAN_POINT('',(-0.0249989543853168,-0.0063463257566483,0.000435091634604298));
#1052=CARTESIAN_POINT('',(-0.0399994216096,-0.00599251312445184,0.000215168276343756));
#1053=CARTESIAN_POINT('',(-0.0783338061516146,-0.00505784289895175,-0.000356423353620285));
#1054=CARTESIAN_POINT('',(-0.116666834198748,-0.0039050513909604,-0.000996458274122401));
#1055=CARTESIAN_POINT('',(-0.14,-0.00320335166201743,-0.0013860450529259));
#1056=CARTESIAN_POINT('',(-0.0249989543853168,-0.00691134002084586,0.000732701944407862));
#1057=CARTESIAN_POINT('',(-0.0399994216096,-0.00653392941272088,0.000478176871400227));
#1058=CARTESIAN_POINT('',(-0.0783338061516146,-0.00553654899703155,-0.000183938876752648));
#1059=CARTESIAN_POINT('',(-0.116666834198748,-0.00430384322020903,-0.000929506760560286));
#1060=CARTESIAN_POINT('',(-0.14,-0.00355349998514306,-0.00138333104565411));
#1061=CARTESIAN_POINT('',(-0.0249989543853168,-0.00709974463455402,0.000833174149855083));
#1062=CARTESIAN_POINT('',(-0.0399994216096,-0.00671450313451168,0.0005670396587337));
#1063=CARTESIAN_POINT('',(-0.0783338061516146,-0.00569631017193823,-0.000125450030308834));
#1064=CARTESIAN_POINT('',(-0.116666834198748,-0.00443706538168236,-0.000906439573736403));
#1065=CARTESIAN_POINT('',(-0.14,-0.00367056795186089,-0.00138182488593852));
#1066=CARTESIAN_POINT('',(-0.0249989543853168,-0.00738235144267788,0.000985843335613096));
#1067=CARTESIAN_POINT('',(-0.0399994216096,-0.00698542371783221,0.000702181123784849));
#1068=CARTESIAN_POINT('',(-0.0783338061516146,-0.00593616785604571,-3.61692951890013E-5));
#1069=CARTESIAN_POINT('',(-0.116666834198748,-0.00463728691553074,-0.000870659297011476));
#1070=CARTESIAN_POINT('',(-0.14,-0.00384666311446143,-0.00137861013116079));
#1071=CARTESIAN_POINT('',(-0.0249989543853168,-0.00747655233708752,0.00103705914780694));
#1072=CARTESIAN_POINT('',(-0.0399994216096,-0.00707573932136558,0.000747535539904601));
#1073=CARTESIAN_POINT('',(-0.0783338061516146,-0.0060161553960048,-6.15148614915815E-6));
#1074=CARTESIAN_POINT('',(-0.116666834198748,-0.00470409136493222,-0.000858536085499355));
#1075=CARTESIAN_POINT('',(-0.14,-0.00390544306766669,-0.00137737929190133));
#1076=CARTESIAN_POINT('',(-0.0249989543853168,-0.00766497179485555,0.00114017600189195));
#1077=CARTESIAN_POINT('',(-0.0399994216096,-0.00725640827823809,0.000838889421409177));
#1078=CARTESIAN_POINT('',(-0.0783338061516146,-0.00617622023948373,5.4423119344133E-5));
#1079=CARTESIAN_POINT('',(-0.116666834198748,-0.00483784702118159,-0.000833880912429514));
#1080=CARTESIAN_POINT('',(-0.14,-0.00402318442348123,-0.00137458813831862));
#1081=CARTESIAN_POINT('',(-0.0249989543853168,-0.00775920105465516,0.00119208321356637));
#1082=CARTESIAN_POINT('',(-0.0399994216096,-0.00734677192004618,0.000884894383021235));
#1083=CARTESIAN_POINT('',(-0.0783338061516146,-0.00625630673890837,8.49836419135653E-5));
#1084=CARTESIAN_POINT('',(-0.116666834198748,-0.00490480597381077,-0.000821347344070531));
#1085=CARTESIAN_POINT('',(-0.14,-0.00408215268918724,-0.00137302750721277));
#1086=CARTESIAN_POINT('',(-0.0249989543853168,-0.00794762572330098,0.00129657446090213));
#1087=CARTESIAN_POINT('',(-0.0399994216096,-0.00752748773465705,0.000977542774113733));
#1088=CARTESIAN_POINT('',(-0.0783338061516146,-0.00641652649289619,0.000146641981283571));
#1089=CARTESIAN_POINT('',(-0.116666834198748,-0.00503883619861185,-0.0007958666445138));
#1090=CARTESIAN_POINT('',(-0.14,-0.004200241448941,-0.00136956799698194));
#1091=CARTESIAN_POINT('',(-0.0249989543853168,-0.00804180603685688,0.00134914969446249));
#1092=CARTESIAN_POINT('',(-0.0399994216096,-0.00761782531110421,0.00102417831236489));
#1093=CARTESIAN_POINT('',(-0.0783338061516146,-0.00649664651011811,0.000177734326581221));
#1094=CARTESIAN_POINT('',(-0.116666834198748,-0.00510589619324926,-0.000782921907176168));
#1095=CARTESIAN_POINT('',(-0.14,-0.00425935185838108,-0.00136766963836781));
#1096=CARTESIAN_POINT('',(-0.0249989543853168,-0.00823001874979386,0.00145493286860346));
#1097=CARTESIAN_POINT('',(-0.0399994216096,-0.00779838102166746,0.00111805029498926));
#1098=CARTESIAN_POINT('',(-0.0783338061516146,-0.00665684122857624,0.000240435596837248));
#1099=CARTESIAN_POINT('',(-0.116666834198748,-0.00524005475982686,-0.000756622057777176));
#1100=CARTESIAN_POINT('',(-0.14,-0.00437766232008399,-0.0013635271929499));
#1101=CARTESIAN_POINT('',(-0.0249989543853168,-0.0083240847573586,0.00150816064030667));
#1102=CARTESIAN_POINT('',(-0.0399994216096,-0.00788863165087672,0.0011653045205536));
#1103=CARTESIAN_POINT('',(-0.0783338061516146,-0.00673694538907763,0.000272056862136666));
#1104=CARTESIAN_POINT('',(-0.116666834198748,-0.00530717838656565,-0.000743261492648026));
#1105=CARTESIAN_POINT('',(-0.14,-0.00443688474616368,-0.0013612818453349));
#1106=CARTESIAN_POINT('',(-0.0249989543853168,-0.00846544336630686,0.00158871292159757));
#1107=CARTESIAN_POINT('',(-0.0399994216096,-0.00802427466578721,0.00123684776165704));
#1108=CARTESIAN_POINT('',(-0.0783338061516146,-0.0068573872172652,0.000320022186867993));
#1109=CARTESIAN_POINT('',(-0.116666834198748,-0.00540816376129243,-0.000722844079158975));
#1110=CARTESIAN_POINT('',(-0.14,-0.00452602705297664,-0.00135763273879263));
#1111=CARTESIAN_POINT('',(-0.0249989543853168,-0.00851262369909199,0.00161569238889536));
#1112=CARTESIAN_POINT('',(-0.0399994216096,-0.00806955045413937,0.00126081502432933));
#1113=CARTESIAN_POINT('',(-0.0783338061516146,-0.00689759741712912,0.000336105892147134));
#1114=CARTESIAN_POINT('',(-0.116666834198748,-0.0054418885442265,-0.000715972724350625));
#1115=CARTESIAN_POINT('',(-0.14,-0.00455580418772782,-0.00135636890605872));
#1116=CARTESIAN_POINT('',(-0.0249989543853168,-0.00860701194570936,0.00166985683067746));
#1117=CARTESIAN_POINT('',(-0.0399994216096,-0.00816013313383582,0.00130894161209638));
#1118=CARTESIAN_POINT('',(-0.0783338061516146,-0.00697805826856457,0.000368430328501284));
#1119=CARTESIAN_POINT('',(-0.116666834198748,-0.00550939040205015,-0.000702112875432843));
#1120=CARTESIAN_POINT('',(-0.14,-0.0046154179562988,-0.0013537483800448));
#1121=CARTESIAN_POINT('',(-0.0249989543853168,-0.00865420527802835,0.00169703324735023));
#1122=CARTESIAN_POINT('',(-0.0399994216096,-0.00820542618563926,0.00133309341746204));
#1123=CARTESIAN_POINT('',(-0.0783338061516146,-0.00701829700628624,0.000384666203232243));
#1124=CARTESIAN_POINT('',(-0.116666834198748,-0.00554315770014508,-0.000695126499113631));
#1125=CARTESIAN_POINT('',(-0.14,-0.00464524611414115,-0.00135239213760789));
#1126=CARTESIAN_POINT('',(-0.0249989543853168,-0.0087483845812975,0.00175145693758286));
#1127=CARTESIAN_POINT('',(-0.0399994216096,-0.0082958182473359,0.00138146965137374));
#1128=CARTESIAN_POINT('',(-0.0783338061516146,-0.0070986157511908,0.000417215240483628));
#1129=CARTESIAN_POINT('',(-0.116666834198748,-0.00561057798458845,-0.000681070715373675));
#1130=CARTESIAN_POINT('',(-0.14,-0.00470481515562631,-0.00134959312570074));
#1131=CARTESIAN_POINT('',(-0.0249989543853169,-0.00879537055224766,0.00177870421114272));
#1132=CARTESIAN_POINT('',(-0.0399994216096,-0.00834091725722911,0.00140569407991977));
#1133=CARTESIAN_POINT('',(-0.0783338061516147,-0.00713869575837368,0.000433528403004052));
#1134=CARTESIAN_POINT('',(-0.116666834198748,-0.00564423097093688,-0.000674001307952932));
#1135=CARTESIAN_POINT('',(-0.14,-0.00473455603926911,-0.00134815035623048));
#1136=CARTESIAN_POINT('',(-0.0249989543853169,-0.00888892935338964,0.00183315208047317));
#1137=CARTESIAN_POINT('',(-0.0399994216096,-0.00843072376928465,0.0014541111604083));
#1138=CARTESIAN_POINT('',(-0.0783338061516147,-0.00721852168765396,0.000466161990516054));
#1139=CARTESIAN_POINT('',(-0.116666834198748,-0.00571127558177452,-0.000659809334629031));
#1140=CARTESIAN_POINT('',(-0.14,-0.00479382071104183,-0.00134518372208314));
#1141=CARTESIAN_POINT('',(-0.0249989543853168,-0.00893548348048469,0.0018603420701363));
#1142=CARTESIAN_POINT('',(-0.0399994216096,-0.00847541339431324,0.00147829443540826));
#1143=CARTESIAN_POINT('',(-0.0783338061516146,-0.00725825191401903,0.000482476232344065));
#1144=CARTESIAN_POINT('',(-0.116666834198748,-0.00574465419717141,-0.000652689381882694));
#1145=CARTESIAN_POINT('',(-0.14,-0.00482333312542679,-0.00134366029751359));
#1146=CARTESIAN_POINT('',(-0.0249989543853168,-0.00907447609641261,0.00194181222694501));
#1147=CARTESIAN_POINT('',(-0.0399994216096,-0.0086088491201032,0.0015507713004913));
#1148=CARTESIAN_POINT('',(-0.0783338061516146,-0.00737690597315944,0.000531415621559493));
#1149=CARTESIAN_POINT('',(-0.116666834198748,-0.00584437109736811,-0.000631256072393597));
#1150=CARTESIAN_POINT('',(-0.14,-0.00491152305027225,-0.00133896983228943));
#1151=CARTESIAN_POINT('',(-0.0249989543853168,-0.00916627352890913,0.00199600890431511));
#1152=CARTESIAN_POINT('',(-0.0399994216096,-0.00869698890732174,0.00159900602277173));
#1153=CARTESIAN_POINT('',(-0.0783338061516146,-0.00745531526728534,0.000564045920731534));
#1154=CARTESIAN_POINT('',(-0.116666834198748,-0.00591030799773355,-0.000616865696458754));
#1155=CARTESIAN_POINT('',(-0.14,-0.00496986805283109,-0.00133568202703));
#1156=CARTESIAN_POINT('',(-0.0249989543853168,-0.00934856070023755,0.00210440056466836));
#1157=CARTESIAN_POINT('',(-0.0399994216096,-0.00887203741456481,0.00169551454858893));
#1158=CARTESIAN_POINT('',(-0.0783338061516146,-0.00761110477678096,0.000629451055727791));
#1159=CARTESIAN_POINT('',(-0.116666834198748,-0.00604139882429511,-0.000587826001593963));
#1160=CARTESIAN_POINT('',(-0.14,-0.00508592488668889,-0.0013287778348179));
#1161=CARTESIAN_POINT('',(-0.0249989543853168,-0.00943905794061282,0.0021585998461811));
#1162=CARTESIAN_POINT('',(-0.0399994216096,-0.00895895279305972,0.00174379186253121));
#1163=CARTESIAN_POINT('',(-0.0783338061516146,-0.00768848957254679,0.00066222751738882));
#1164=CARTESIAN_POINT('',(-0.116666834198748,-0.00610655579986945,-0.00057317601450109));
#1165=CARTESIAN_POINT('',(-0.14,-0.00514363883544143,-0.0013251613626347));
#1166=CARTESIAN_POINT('',(-0.0249989543853168,-0.00970838953135617,0.00232107069079909));
#1167=CARTESIAN_POINT('',(-0.0399994216096,-0.009217659509793,0.00188857019703765));
#1168=CARTESIAN_POINT('',(-0.0783338061516146,-0.00791892350602201,0.000760694123705084));
#1169=CARTESIAN_POINT('',(-0.116666834198748,-0.00630070022642183,-0.000528874606574392));
#1170=CARTESIAN_POINT('',(-0.14,-0.00531569397959131,-0.00131383010131701));
#1171=CARTESIAN_POINT('',(-0.0249989543853168,-0.00988498728892915,0.0024291724591395));
#1172=CARTESIAN_POINT('',(-0.0399994216096,-0.00938733846576917,0.00198497986042416));
#1173=CARTESIAN_POINT('',(-0.0783338061516146,-0.00807018840208995,0.000826496816959142));
#1174=CARTESIAN_POINT('',(-0.116666834198748,-0.00642830823988867,-0.000498882015427602));
#1175=CARTESIAN_POINT('',(-0.14,-0.00542890214018472,-0.00130563498071706));
#1176=CARTESIAN_POINT('',(-0.0249989543853168,-0.0104057605696015,0.0027526484000838));
#1177=CARTESIAN_POINT('',(-0.0399994216096,-0.0098878529228913,0.00227370479546251));
#1178=CARTESIAN_POINT('',(-0.0783338061516146,-0.00851677508153842,0.00102424650628545));
#1179=CARTESIAN_POINT('',(-0.116666834198748,-0.00680554497506992,-0.000407614505418862));
#1180=CARTESIAN_POINT('',(-0.14,-0.00576392583271499,-0.00127918276111117));
#1181=CARTESIAN_POINT('',(-0.0249989543853168,-0.0107408997334596,0.00296719369437213));
#1182=CARTESIAN_POINT('',(-0.0399994216096,-0.0102101495403676,0.0024655163716077));
#1183=CARTESIAN_POINT('',(-0.0783338061516146,-0.00880487242416829,0.00115653547710647));
#1184=CARTESIAN_POINT('',(-0.116666834198748,-0.00704957222528145,-0.000345047132482768));
#1185=CARTESIAN_POINT('',(-0.14,-0.00598112778824828,-0.00125905465494463));
#1186=CARTESIAN_POINT('',(-0.0249989543853168,-0.0112238808193435,0.00328583024587268));
#1187=CARTESIAN_POINT('',(-0.0399994216096,-0.0106749113972181,0.0027508420486196));
#1188=CARTESIAN_POINT('',(-0.0783338061516146,-0.00922109727108964,0.00135463385145123));
#1189=CARTESIAN_POINT('',(-0.116666834198748,-0.0074031149697818,-0.000249199235595733));
#1190=CARTESIAN_POINT('',(-0.14,-0.00629651617962103,-0.00122544622791749));
#1191=CARTESIAN_POINT('',(-0.0249989543853168,-0.0113815853730232,0.00339150937674698));
#1192=CARTESIAN_POINT('',(-0.0399994216096,-0.0108267169460486,0.00284554936642365));
#1193=CARTESIAN_POINT('',(-0.0783338061516146,-0.00935718406945406,0.00142060868464414));
#1194=CARTESIAN_POINT('',(-0.116666834198748,-0.00751887820876648,-0.000216918597592889));
#1195=CARTESIAN_POINT('',(-0.14,-0.00639990854667522,-0.00121367511611078));
#1196=CARTESIAN_POINT('',(-0.0249989543853168,-0.0116900766678364,0.00360147545522699));
#1197=CARTESIAN_POINT('',(-0.0399994216095999,-0.0111237679549019,0.00303386469727088));
#1198=CARTESIAN_POINT('',(-0.0783338061516146,-0.00962374385519534,0.00155222238113253));
#1199=CARTESIAN_POINT('',(-0.116666834198748,-0.00774596681398498,-0.00015182357221346));
#1200=CARTESIAN_POINT('',(-0.14,-0.00660297119708586,-0.00118906974836956));
#1201=CARTESIAN_POINT('',(-0.0249989543853168,-0.0118408712936018,0.00370576873169935));
#1202=CARTESIAN_POINT('',(-0.0399994216096,-0.0112690211048526,0.00312747847981073));
#1203=CARTESIAN_POINT('',(-0.0783338061516146,-0.00975422399115177,0.0016178655215389));
#1204=CARTESIAN_POINT('',(-0.116666834198748,-0.00785729847423338,-0.000119006850096644));
#1205=CARTESIAN_POINT('',(-0.14,-0.00670264725428646,-0.00117623434000833));
#1206=CARTESIAN_POINT('',(-0.0249989543853168,-0.0120615783014964,0.00386087064522732));
#1207=CARTESIAN_POINT('',(-0.0399994216096,-0.0114816921554195,0.00326680678489592));
#1208=CARTESIAN_POINT('',(-0.0783338061516146,-0.00994546671709012,0.00171587858410267));
#1209=CARTESIAN_POINT('',(-0.116666834198748,-0.00802073006151588,-6.94997209647133E-5));
#1210=CARTESIAN_POINT('',(-0.14,-0.00684915030911438,-0.00115625258481028));
#1211=CARTESIAN_POINT('',(-0.0249989543853168,-0.0121342209355377,0.00391233892741195));
#1212=CARTESIAN_POINT('',(-0.0399994216096,-0.0115517025768397,0.00331305903729151));
#1213=CARTESIAN_POINT('',(-0.0783338061516146,-0.0100084572979857,0.00174846824549114));
#1214=CARTESIAN_POINT('',(-0.116666834198748,-0.0080746036431898,-5.29535704668044E-5));
#1215=CARTESIAN_POINT('',(-0.14,-0.00689747440865013,-0.00114947205729377));
#1216=CARTESIAN_POINT('',(-0.0249989543853168,-0.0122776366336197,0.00401478321492748));
#1217=CARTESIAN_POINT('',(-0.0399994216096,-0.0116899471988036,0.00340515730785953));
#1218=CARTESIAN_POINT('',(-0.0783338061516146,-0.0101329092929099,0.00181346572416617));
#1219=CARTESIAN_POINT('',(-0.116666834198748,-0.00818112948201992,-1.97864994627195E-5));
#1220=CARTESIAN_POINT('',(-0.14,-0.00699308866565042,-0.00113568003223686));
#1221=CARTESIAN_POINT('',(-0.0249989543853168,-0.0123484365759281,0.00406577946506879));
#1222=CARTESIAN_POINT('',(-0.0399994216096,-0.0117582074632948,0.00345102166472589));
#1223=CARTESIAN_POINT('',(-0.0783338061516146,-0.0101943945594976,0.00184588683720151));
#1224=CARTESIAN_POINT('',(-0.116666834198748,-0.00823380244760709,-3.15855519878939E-6));
#1225=CARTESIAN_POINT('',(-0.14,-0.0070403976177273,-0.00112866532867537));
#1226=CARTESIAN_POINT('',(-0.0249989543853168,-0.012453185540343,0.00414185507904364));
#1227=CARTESIAN_POINT('',(-0.0399994216096,-0.0118592173943149,0.00351946770909932));
#1228=CARTESIAN_POINT('',(-0.0783338061516146,-0.0102854288199312,0.00189434644785927));
#1229=CARTESIAN_POINT('',(-0.116666834198748,-0.00831185304156788,2.18180949547381E-5));
#1230=CARTESIAN_POINT('',(-0.14,-0.0071105451041604,-0.0011179826656881));
#1231=CARTESIAN_POINT('',(-0.0249989543853168,-0.0124878519555203,0.00416713767356059));
#1232=CARTESIAN_POINT('',(-0.0399994216096,-0.011892649503899,0.00354221910633632));
#1233=CARTESIAN_POINT('',(-0.0783338061516146,-0.0103155676194702,0.00191046704373401));
#1234=CARTESIAN_POINT('',(-0.116666834198748,-0.00833770407674775,3.01473571100448E-5));
#1235=CARTESIAN_POINT('',(-0.14,-0.00713378619377097,-0.00111439595821083));
#1236=CARTESIAN_POINT('',(-0.0249989543853168,-0.0125566332240951,0.00421750956514345));
#1237=CARTESIAN_POINT('',(-0.0399994216096,-0.0119589879654814,0.00358755657858978));
#1238=CARTESIAN_POINT('',(-0.0783338061516146,-0.0103753879040202,0.00194261605718765));
#1239=CARTESIAN_POINT('',(-0.116666834198748,-0.00838903515772326,4.67986656172609E-5));
#1240=CARTESIAN_POINT('',(-0.14,-0.00717994992938883,-0.0011071780427194));
#1241=CARTESIAN_POINT('',(-0.0249989543853168,-0.0125907337618625,0.0042425881130221));
#1242=CARTESIAN_POINT('',(-0.0399994216096,-0.0119918804129701,0.00361013290171288));
#1243=CARTESIAN_POINT('',(-0.0783338061516146,-0.0104050566118789,0.00195863737074949));
#1244=CARTESIAN_POINT('',(-0.116666834198748,-0.00841450410268662,5.51169659325369E-5));
#1245=CARTESIAN_POINT('',(-0.14,-0.00720286249493333,-0.00110354853675218));
#1246=CARTESIAN_POINT('',(-0.0249989543853168,-0.012658423310217,0.00429257938788923));
#1247=CARTESIAN_POINT('',(-0.0399994216096,-0.012057179269578,0.00365514575190773));
#1248=CARTESIAN_POINT('',(-0.0783338061516146,-0.0104639752504315,0.00199060778131909));
#1249=CARTESIAN_POINT('',(-0.116666834198748,-0.00846510566902923,7.17565970244927E-5));
#1250=CARTESIAN_POINT('',(-0.14,-0.00724840149161362,-0.00109624069178927));
#1251=CARTESIAN_POINT('',(-0.0249989543853168,-0.0126920242029827,0.00431750105170445));
#1252=CARTESIAN_POINT('',(-0.0399994216096,-0.0120895970162786,0.00367759023433156));
#1253=CARTESIAN_POINT('',(-0.0783338061516146,-0.01049323510227,0.0020065623134411));
#1254=CARTESIAN_POINT('',(-0.116666834198748,-0.0084902466184567,8.00807566508474E-5));
#1255=CARTESIAN_POINT('',(-0.14,-0.00727103528108601,-0.00109256111036706));
#1256=CARTESIAN_POINT('',(-0.0249989543853168,-0.0127588979256607,0.00436731390631239));
#1257=CARTESIAN_POINT('',(-0.0399994216096,-0.0121541232014175,0.00372246107265721));
#1258=CARTESIAN_POINT('',(-0.0783338061516146,-0.0105514948582897,0.0020384850965113));
#1259=CARTESIAN_POINT('',(-0.116666834198748,-0.0085403281785794,9.67767377738651E-5));
#1260=CARTESIAN_POINT('',(-0.14,-0.0073161388050206,-0.00108513362465273));
#1261=CARTESIAN_POINT('',(-0.0249989543853168,-0.0127921797074164,0.00439221161602852));
#1262=CARTESIAN_POINT('',(-0.0399994216096,-0.0121862404185702,0.00374489340042044));
#1263=CARTESIAN_POINT('',(-0.0783338061516146,-0.0105805030346228,0.00205445783002676));
#1264=CARTESIAN_POINT('',(-0.116666834198748,-0.00856527609601308,0.000105150899601873));
#1265=CARTESIAN_POINT('',(-0.14,-0.00733861525857777,-0.001081384684));
#1266=CARTESIAN_POINT('',(-0.0249989543853168,-0.0128917030118091,0.00446698465009334));
#1267=CARTESIAN_POINT('',(-0.0399994216096,-0.012282290748251,0.00381227526689844));
#1268=CARTESIAN_POINT('',(-0.0783338061516146,-0.0106672809128433,0.002102473750467));
#1269=CARTESIAN_POINT('',(-0.116666834198748,-0.00863994019194391,0.000130384760605403));
#1270=CARTESIAN_POINT('',(-0.14,-0.0074059057421162,-0.00107001817439582));
#1271=CARTESIAN_POINT('',(-0.0249989543853168,-0.0129575590619247,0.00451689361110531));
#1272=CARTESIAN_POINT('',(-0.0399994216096,-0.0123458613973775,0.00385726807991957));
#1273=CARTESIAN_POINT('',(-0.0783338061516146,-0.0107247489365498,0.00213458524160143));
#1274=CARTESIAN_POINT('',(-0.116666834198748,-0.00868942967526616,0.000147340658696735));
#1275=CARTESIAN_POINT('',(-0.14,-0.00745053871878811,-0.00106228742712889));
#1276=CARTESIAN_POINT('',(-0.0249989543853168,-0.013087917330297,0.00461657148327009));
#1277=CARTESIAN_POINT('',(-0.0399994216096,-0.012471722592863,0.00394716308503085));
#1278=CARTESIAN_POINT('',(-0.0783338061516146,-0.0108385998111589,0.00219884629476495));
#1279=CARTESIAN_POINT('',(-0.116666834198748,-0.00878756499079719,0.000181436200714214));
#1280=CARTESIAN_POINT('',(-0.14,-0.00753910803433665,-0.001046553514988));
#1281=CARTESIAN_POINT('',(-0.0249989543853168,-0.0131524394526206,0.004666354944711));
#1282=CARTESIAN_POINT('',(-0.0399994216095999,-0.0125340326338645,0.00399207858898271));
#1283=CARTESIAN_POINT('',(-0.0783338061516146,-0.0108950009709678,0.00223100580926534));
#1284=CARTESIAN_POINT('',(-0.116666834198748,-0.00883622694843952,0.000198581045760317));
#1285=CARTESIAN_POINT('',(-0.14,-0.0075830591695754,-0.00103854804112325));
#1286=CARTESIAN_POINT('',(-0.0249989543853168,-0.013344134873434,0.00481562577567097));
#1287=CARTESIAN_POINT('',(-0.0399994216096,-0.0127191979281579,0.00412680778013547));
#1288=CARTESIAN_POINT('',(-0.0783338061516146,-0.0110627197892126,0.00232762854982307));
#1289=CARTESIAN_POINT('',(-0.116666834198748,-0.00898107257466732,0.000250339031959125));
#1290=CARTESIAN_POINT('',(-0.14,-0.00771398197235498,-0.00101409905725011));
#1291=CARTESIAN_POINT('',(-0.0249989543853168,-0.0134694100100526,0.00491501317432472));
#1292=CARTESIAN_POINT('',(-0.0399994216096,-0.0128402616222281,0.00421658541347955));
#1293=CARTESIAN_POINT('',(-0.0783338061516146,-0.0111725274978783,0.002392221831626));
#1294=CARTESIAN_POINT('',(-0.116666834198748,-0.00907609359507567,0.000285268131252104));
#1295=CARTESIAN_POINT('',(-0.14,-0.0078000023928541,-0.000997226431033353));
#1296=CARTESIAN_POINT('',(-0.0249989543853168,-0.0138371549486342,0.00521255307044119));
#1297=CARTESIAN_POINT('',(-0.0399994216096,-0.0131958211417255,0.0044855803596004));
#1298=CARTESIAN_POINT('',(-0.0783338061516146,-0.0114955049075738,0.00258640272335583));
#1299=CARTESIAN_POINT('',(-0.116666834198748,-0.00935617324953141,0.000391283761821923));
#1300=CARTESIAN_POINT('',(-0.14,-0.00805397034973457,-0.000944876653680965));
#1301=CARTESIAN_POINT('',(-0.0249989543853168,-0.0140716361775129,0.00541013252093917));
#1302=CARTESIAN_POINT('',(-0.0399994216096,-0.0134227731922442,0.00466450307843307));
#1303=CARTESIAN_POINT('',(-0.0783338061516146,-0.0117023058411639,0.0027164194352556));
#1304=CARTESIAN_POINT('',(-0.116666834198748,-0.00953631219227683,0.000463609626567509));
#1305=CARTESIAN_POINT('',(-0.14,-0.00821788024185022,-0.00090766698430111));
#1306=CARTESIAN_POINT('',(-0.0249989543853169,-0.0144052639846136,0.005704602359138));
#1307=CARTESIAN_POINT('',(-0.0399994216096,-0.0137460961848293,0.00493165350640794));
#1308=CARTESIAN_POINT('',(-0.0783338061516147,-0.0119980155725217,0.00291194233307235));
#1309=CARTESIAN_POINT('',(-0.116666834198748,-0.0097952583799788,0.000574544395873421));
#1310=CARTESIAN_POINT('',(-0.14,-0.00845444860282512,-0.00084822068141466));
#1311=CARTESIAN_POINT('',(-0.0249989543853169,-0.0145134510583033,0.00580244154771684));
#1312=CARTESIAN_POINT('',(-0.0399994216096,-0.0138510134869234,0.00502049742081774));
#1313=CARTESIAN_POINT('',(-0.0783338061516147,-0.0120941649281456,0.00297719963178081));
#1314=CARTESIAN_POINT('',(-0.116666834198748,-0.00987969260455833,0.000611931088495891));
#1315=CARTESIAN_POINT('',(-0.14,-0.00853175187248225,-0.000827798718841327));
#1316=CARTESIAN_POINT('',(-0.0249989543853168,-0.0147233242936598,0.00599734770709675));
#1317=CARTESIAN_POINT('',(-0.0399994216095999,-0.0140546996603242,0.00519765740163008));
#1318=CARTESIAN_POINT('',(-0.0783338061516146,-0.0122812468418423,0.00310782220897019));
#1319=CARTESIAN_POINT('',(-0.116666834198748,-0.0100444966259723,0.000687529332643399));
#1320=CARTESIAN_POINT('',(-0.14,-0.00868299542709215,-0.000785693573240345));
#1321=CARTESIAN_POINT('',(-0.0249989543853168,-0.014825011347636,0.00609441473273822));
#1322=CARTESIAN_POINT('',(-0.0399994216096,-0.0141534693705746,0.00528597349177046));
#1323=CARTESIAN_POINT('',(-0.0783338061516146,-0.012372180099185,0.00317318743095373));
#1324=CARTESIAN_POINT('',(-0.116666834198748,-0.0101248669588315,0.00072574074206243));
#1325=CARTESIAN_POINT('',(-0.14,-0.00875693614870289,-0.000764010584428338));
#1326=CARTESIAN_POINT('',(-0.0249989543853168,-0.0150213175731414,0.00628762522181289));
#1327=CARTESIAN_POINT('',(-0.0399994216096,-0.0143443214480677,0.00546195265548259));
#1328=CARTESIAN_POINT('',(-0.0783338061516146,-0.0125483652308041,0.00330396899089844));
#1329=CARTESIAN_POINT('',(-0.116666834198748,-0.0102811717030707,0.000803009956309067));
#1330=CARTESIAN_POINT('',(-0.14,-0.0089011397780926,-0.000719314127884316));
#1331=CARTESIAN_POINT('',(-0.0249989543853168,-0.0151159383881683,0.0063837688085118));
#1332=CARTESIAN_POINT('',(-0.0399994216096,-0.0144364053719896,0.00554961579515627));
#1333=CARTESIAN_POINT('',(-0.0783338061516146,-0.0126336184308399,0.00336938524561851));
#1334=CARTESIAN_POINT('',(-0.116666834198748,-0.0103571071445336,0.000842067505241403));
#1335=CARTESIAN_POINT('',(-0.14,-0.0089714035359773,-0.000696301021141509));
#1336=CARTESIAN_POINT('',(-0.0249989543853168,-0.0152973851306871,0.00657496318828607));
#1337=CARTESIAN_POINT('',(-0.0399994216096,-0.0146131955939113,0.00572415195203944));
#1338=CARTESIAN_POINT('',(-0.0783338061516146,-0.012797850407066,0.00350021555447784));
#1339=CARTESIAN_POINT('',(-0.116666834198748,-0.0105040706121367,0.000921071569691681));
#1340=CARTESIAN_POINT('',(-0.14,-0.00910785572922058,-0.000648843391065412));
#1341=CARTESIAN_POINT('',(-0.0249989543853168,-0.0153842145507951,0.0066700143281241));
#1342=CARTESIAN_POINT('',(-0.0399994216096,-0.014697905197086,0.0058110251890866));
#1343=CARTESIAN_POINT('',(-0.0783338061516146,-0.0128768319915974,0.00356562949772512));
#1344=CARTESIAN_POINT('',(-0.116666834198748,-0.0105751008222898,0.000961017598038041));
#1345=CARTESIAN_POINT('',(-0.14,-0.00917404596856619,-0.00062439958394365));
#1346=CARTESIAN_POINT('',(-0.0249989543853168,-0.0155491158351244,0.00685882991486274));
#1347=CARTESIAN_POINT('',(-0.0399994216096,-0.0148590336537527,0.00598382843100272));
#1348=CARTESIAN_POINT('',(-0.0783338061516146,-0.0130277387618926,0.00369640840728051));
#1349=CARTESIAN_POINT('',(-0.116666834198748,-0.0107116354513003,0.00104187315663197));
#1350=CARTESIAN_POINT('',(-0.14,-0.00930183233080522,-0.000573932175847659));
#1351=CARTESIAN_POINT('',(-0.0249989543853168,-0.0156271938412921,0.00695259517862837));
#1352=CARTESIAN_POINT('',(-0.0399994216096,-0.0149354583087769,0.00606975901602867));
#1353=CARTESIAN_POINT('',(-0.0783338061516146,-0.0130996688526761,0.00376177333937985));
#1354=CARTESIAN_POINT('',(-0.116666834198748,-0.0107771436885736,0.00108278197072061));
#1355=CARTESIAN_POINT('',(-0.14,-0.00936343161070308,-0.000547909706132772));
#1356=CARTESIAN_POINT('',(-0.0249989543853168,-0.0157732602645621,0.00713860500802608));
#1357=CARTESIAN_POINT('',(-0.0399994216096,-0.0150787543225518,0.00624049738311296));
#1358=CARTESIAN_POINT('',(-0.0783338061516146,-0.0132353940116458,0.00389241651714664));
#1359=CARTESIAN_POINT('',(-0.116666834198748,-0.0109017850800665,0.00116568693833962));
#1360=CARTESIAN_POINT('',(-0.14,-0.00948132635583338,-0.000494062802256175));
#1361=CARTESIAN_POINT('',(-0.0249989543853168,-0.0158412597379182,0.00723085176990367));
#1362=CARTESIAN_POINT('',(-0.0399994216096,-0.0151456361848428,0.00632530689889153));
#1363=CARTESIAN_POINT('',(-0.0783338061516146,-0.0132991981144201,0.00395769528718216));
#1364=CARTESIAN_POINT('',(-0.116666834198748,-0.0109609253958936,0.00120768221123088));
#1365=CARTESIAN_POINT('',(-0.14,-0.00953762784259733,-0.000466240103955993));
#1366=CARTESIAN_POINT('',(-0.0249989543853168,-0.0159342339802224,0.00736784594197882));
#1367=CARTESIAN_POINT('',(-0.0399994216096,-0.0152374128353968,0.00645150196902792));
#1368=CARTESIAN_POINT('',(-0.0783338061516146,-0.0133876245854809,0.00405552336138739));
#1369=CARTESIAN_POINT('',(-0.116666834198748,-0.0110439288819183,0.00127163855460684));
#1370=CARTESIAN_POINT('',(-0.14,-0.00961733037862071,-0.000422901352032575));
#1371=CARTESIAN_POINT('',(-0.0249989543853168,-0.0159637150724542,0.0074132805071233));
#1372=CARTESIAN_POINT('',(-0.0399994216096,-0.0152665748645626,0.00649339653194634));
#1373=CARTESIAN_POINT('',(-0.0783338061516146,-0.0134158818377198,0.00408811773031394));
#1374=CARTESIAN_POINT('',(-0.116666834198748,-0.0110706416723939,0.00129311863089024));
#1375=CARTESIAN_POINT('',(-0.14,-0.00964310306119889,-0.000408186502662305));
#1376=CARTESIAN_POINT('',(-0.0249989543853168,-0.0160193159912766,0.00750363272321778));
#1377=CARTESIAN_POINT('',(-0.0399994216096,-0.0153217157478994,0.00657680185044491));
#1378=CARTESIAN_POINT('',(-0.0783338061516146,-0.0134696842488206,0.00415326934023368));
#1379=CARTESIAN_POINT('',(-0.116666834198748,-0.0111219404536112,0.00133643497015681));
#1380=CARTESIAN_POINT('',(-0.14,-0.00969287789259666,-0.00037816120812716));
#1381=CARTESIAN_POINT('',(-0.0249989543853168,-0.0160454369524283,0.00754855083445566));
#1382=CARTESIAN_POINT('',(-0.0399994216096,-0.0153476956941707,0.00661831300721428));
#1383=CARTESIAN_POINT('',(-0.0783338061516146,-0.0134952303840789,0.00418582682593264));
#1384=CARTESIAN_POINT('',(-0.116666834198748,-0.0111465272535801,0.0013582712823386));
#1385=CARTESIAN_POINT('',(-0.14,-0.00971688074888799,-0.000362850832768122));
#1386=CARTESIAN_POINT('',(-0.0249989543853168,-0.0160938863183297,0.00763779262924822));
#1387=CARTESIAN_POINT('',(-0.0399994216096,-0.0153960635133615,0.00670089168701097));
#1388=CARTESIAN_POINT('',(-0.0783338061516146,-0.0135432609497037,0.00425089096076149));
#1389=CARTESIAN_POINT('',(-0.116666834198748,-0.0111932984827456,0.00140233906725494));
#1390=CARTESIAN_POINT('',(-0.14,-0.00976288542482508,-0.000331563444775481));
#1391=CARTESIAN_POINT('',(-0.0249989543853168,-0.0161162155637648,0.00768211709332111));
#1392=CARTESIAN_POINT('',(-0.0399994216096,-0.0154184521931286,0.00674195991847925));
#1393=CARTESIAN_POINT('',(-0.0783338061516146,-0.0135657461001501,0.00428339813074126));
#1394=CARTESIAN_POINT('',(-0.116666834198748,-0.0112154835431531,0.00142457084896538));
#1395=CARTESIAN_POINT('',(-0.14,-0.00978488782158744,-0.000315586252132872));
#1396=CARTESIAN_POINT('',(-0.0249989543853168,-0.0161565179507445,0.00777005234183044));
#1397=CARTESIAN_POINT('',(-0.0399994216096,-0.0154591025982372,0.0068235576020072));
#1398=CARTESIAN_POINT('',(-0.0783338061516146,-0.0136071957541661,0.0043483293975606));
#1399=CARTESIAN_POINT('',(-0.116666834198748,-0.0112570874708855,0.00146946957723655));
#1400=CARTESIAN_POINT('',(-0.14,-0.00982658565513387,-0.000282881252538443));
#1401=CARTESIAN_POINT('',(-0.0249989543853168,-0.0161744934632717,0.00781366520574027));
#1402=CARTESIAN_POINT('',(-0.0399994216096,-0.0154773666363138,0.00686408895675923));
#1403=CARTESIAN_POINT('',(-0.0783338061516146,-0.0136261624101983,0.0043807549258231));
#1404=CARTESIAN_POINT('',(-0.116666834198748,-0.0112765082486954,0.00149213734444531));
#1405=CARTESIAN_POINT('',(-0.14,-0.00984628285511219,-0.000266152996714902));
#1406=CARTESIAN_POINT('',(-0.0249989543853168,-0.0162053509833956,0.00789998066275261));
#1407=CARTESIAN_POINT('',(-0.0399994216096,-0.0155090665908569,0.00694445008507382));
#1408=CARTESIAN_POINT('',(-0.0783338061516146,-0.0136599699600908,0.00444544839497663));
#1409=CARTESIAN_POINT('',(-0.116666834198748,-0.0113120992653727,0.00153793567645834));
#1410=CARTESIAN_POINT('',(-0.14,-0.00988295946111828,-0.000231856061544163));
#1411=CARTESIAN_POINT('',(-0.0249989543853168,-0.0162182342012463,0.00794268267243581));
#1412=CARTESIAN_POINT('',(-0.0399994216096,-0.0155225036377239,0.00698427927122053));
#1413=CARTESIAN_POINT('',(-0.0783338061516146,-0.0136748117724673,0.00447771574007957));
#1414=CARTESIAN_POINT('',(-0.116666834198748,-0.011328270154958,0.00156106565027703));
#1415=CARTESIAN_POINT('',(-0.14,-0.00989993935485632,-0.000214287970259259));
#1416=CARTESIAN_POINT('',(-0.0249989543853168,-0.0162379393303612,0.00802682356444326));
#1417=CARTESIAN_POINT('',(-0.0399994216096,-0.0155436265815798,0.00706293306380667));
#1418=CARTESIAN_POINT('',(-0.0783338061516146,-0.0136995654150154,0.00454192023679898));
#1419=CARTESIAN_POINT('',(-0.116666834198748,-0.0113567073778975,0.00160776748688431));
#1420=CARTESIAN_POINT('',(-0.14,-0.00993061875892246,-0.000178239935116802));
#1421=CARTESIAN_POINT('',(-0.0249989543853168,-0.0162447705998363,0.00806823494027132));
#1422=CARTESIAN_POINT('',(-0.0399994216096,-0.0155513205367189,0.00710173100978396));
#1423=CARTESIAN_POINT('',(-0.0783338061516146,-0.0137094818204537,0.00457383313573434));
#1424=CARTESIAN_POINT('',(-0.116666834198748,-0.0113689736550941,0.00163131926291777));
#1425=CARTESIAN_POINT('',(-0.14,-0.00994431539396297,-0.000159777542231339));
#1426=CARTESIAN_POINT('',(-0.0249989543853168,-0.0162495715205709,0.00812891494216796));
#1427=CARTESIAN_POINT('',(-0.0399994216096,-0.0155576846137489,0.00715874099470429));
#1428=CARTESIAN_POINT('',(-0.0783338061516146,-0.0137198927628489,0.00462116845172164));
#1429=CARTESIAN_POINT('',(-0.116666834198748,-0.0113838044841746,0.00166686372737691));
#1430=CARTESIAN_POINT('',(-0.14,-0.00996183659096136,-0.00013141012345997));
#1431=CARTESIAN_POINT('',(-0.0249989543853168,-0.0162502513953764,0.0081489298921339));
#1432=CARTESIAN_POINT('',(-0.0399994216096,-0.0155589321531799,0.00717757264259123));
#1433=CARTESIAN_POINT('',(-0.0783338061516146,-0.0137226126028773,0.00463687977723201));
#1434=CARTESIAN_POINT('',(-0.116666834198748,-0.0113881511948597,0.00167876544130861));
#1435=CARTESIAN_POINT('',(-0.14,-0.00996717357151821,-0.000121827305350778));
#1436=CARTESIAN_POINT('',(-0.0249989543853168,-0.0162497301745132,0.00818810627783997));
#1437=CARTESIAN_POINT('',(-0.0399994216096,-0.0155596290408357,0.00721448736628128));
#1438=CARTESIAN_POINT('',(-0.0783338061516146,-0.013726473499422,0.00466782901863276));
#1439=CARTESIAN_POINT('',(-0.116666834198748,-0.0113955414888427,0.00170242054637618));
#1440=CARTESIAN_POINT('',(-0.14,-0.00997671219606101,-0.000102612112836689));
#1441=CARTESIAN_POINT('',(-0.0249989543853168,-0.0162485552230693,0.00820719435890663));
#1442=CARTESIAN_POINT('',(-0.0399994216096,-0.0155591003516105,0.00723250168250626));
#1443=CARTESIAN_POINT('',(-0.0783338061516146,-0.0137276258943499,0.0046830099982333));
#1444=CARTESIAN_POINT('',(-0.116666834198748,-0.0113985862327791,0.00171412939879016));
#1445=CARTESIAN_POINT('',(-0.14,-0.00998090880551448,-9.30167308020291E-5));
#1446=CARTESIAN_POINT('',(-0.0249989543853168,-0.0162456878542183,0.0082308088660284));
#1447=CARTESIAN_POINT('',(-0.0399994216096,-0.0155571128582871,0.00725483386921915));
#1448=CARTESIAN_POINT('',(-0.0783338061516146,-0.0137279311607472,0.0047019557731081));
#1449=CARTESIAN_POINT('',(-0.116666834198748,-0.01140150045119,0.00172890614305002));
#1450=CARTESIAN_POINT('',(-0.14,-0.00998541108291789,-8.0777659340911E-5));
#1451=CARTESIAN_POINT('',(-0.0249989543853168,-0.0162450429235329,0.00823552348643746));
#1452=CARTESIAN_POINT('',(-0.0399994216096,-0.0155566476281243,0.00725929505647781));
#1453=CARTESIAN_POINT('',(-0.0783338061516146,-0.0137279344331553,0.00470574746404146));
#1454=CARTESIAN_POINT('',(-0.116666834198748,-0.0114020385424185,0.00173187210242446));
#1455=CARTESIAN_POINT('',(-0.14,-0.00998627471629237,-7.83143195703231E-5));
#1456=CARTESIAN_POINT('',(-0.0249989543853168,-0.016243611416254,0.00824492604647383));
#1457=CARTESIAN_POINT('',(-0.0399994216096,-0.0155555833940301,0.00726819532773032));
#1458=CARTESIAN_POINT('',(-0.0783338061516146,-0.0137278276601484,0.00471332099726138));
#1459=CARTESIAN_POINT('',(-0.116666834198748,-0.0114030242833519,0.00173781040944241));
#1460=CARTESIAN_POINT('',(-0.14,-0.00998792546623252,-7.33713684122495E-5));
#1461=CARTESIAN_POINT('',(-0.0249989543853168,-0.0162428274885406,0.00824960720595497));
#1462=CARTESIAN_POINT('',(-0.0399994216096,-0.0155549866850807,0.0072726279106737));
#1463=CARTESIAN_POINT('',(-0.0783338061516146,-0.0137277189823041,0.00471709711401186));
#1464=CARTESIAN_POINT('',(-0.116666834198748,-0.0114034722085988,0.0017407782526553));
#1465=CARTESIAN_POINT('',(-0.14,-0.00998871219362662,-7.08955181731933E-5));
#1466=CARTESIAN_POINT('',(-0.0249989543853168,-0.016240315245762,0.00826346805783596));
#1467=CARTESIAN_POINT('',(-0.0399994216096,-0.0155530405344422,0.00728575646799627));
#1468=CARTESIAN_POINT('',(-0.0783338061516146,-0.0137272483448964,0.00472829217218073));
#1469=CARTESIAN_POINT('',(-0.116666834198748,-0.0114046834003707,0.00174959559116635));
#1470=CARTESIAN_POINT('',(-0.14,-0.00999094710831059,-6.35254884147101E-5));
#1471=CARTESIAN_POINT('',(-0.0249989543853169,-0.0162384264710581,0.00827246512367338));
#1472=CARTESIAN_POINT('',(-0.0399994216096,-0.0155515350689627,0.00729428325086791));
#1473=CARTESIAN_POINT('',(-0.0783338061516147,-0.0137267417814581,0.00473557782151658));
#1474=CARTESIAN_POINT('',(-0.116666834198748,-0.0114053140829271,0.00175535889533687));
#1475=CARTESIAN_POINT('',(-0.14,-0.00999227002810212,-5.86888298539714E-5));
#1476=CARTESIAN_POINT('',(-0.0249989543853168,-0.0162354486400589,0.00828510640949954));
#1477=CARTESIAN_POINT('',(-0.0399994216096,-0.0155491158308281,0.00730626890832455));
#1478=CARTESIAN_POINT('',(-0.0783338061516146,-0.0137257778091428,0.00474583434133867));
#1479=CARTESIAN_POINT('',(-0.116666834198748,-0.0114060039455876,0.00176350242837967));
#1480=CARTESIAN_POINT('',(-0.14,-0.0099939665737111,-5.1831463685231E-5));
#1481=CARTESIAN_POINT('',(-0.0249989543853168,-0.0162344374057163,0.00828916119646984));
#1482=CARTESIAN_POINT('',(-0.0399994216096,-0.0155482874036976,0.00731011371856475));
#1483=CARTESIAN_POINT('',(-0.0783338061516146,-0.0137254254468099,0.00474912579874017));
#1484=CARTESIAN_POINT('',(-0.116666834198748,-0.0114061912658042,0.00176612070736328));
#1485=CARTESIAN_POINT('',(-0.14,-0.00999448239660661,-4.9622945799E-5));
#1486=CARTESIAN_POINT('',(-0.0249989543853168,-0.0162323625870042,0.00829700567958857));
#1487=CARTESIAN_POINT('',(-0.0399994216096,-0.0155465717026678,0.00731755945559259));
#1488=CARTESIAN_POINT('',(-0.0783338061516146,-0.0137246461845448,0.00475551939807309));
#1489=CARTESIAN_POINT('',(-0.116666834198748,-0.0114064822038158,0.00177122517487337));
#1490=CARTESIAN_POINT('',(-0.14,-0.0099954247613844,-4.53031678397799E-5));
#1491=CARTESIAN_POINT('',(-0.0249989543853168,-0.0162312936453517,0.0083008113751847));
#1492=CARTESIAN_POINT('',(-0.0399994216096,-0.0155456800734496,0.00732117503348033));
#1493=CARTESIAN_POINT('',(-0.0783338061516146,-0.0137242173950854,0.00475863279095746));
#1494=CARTESIAN_POINT('',(-0.116666834198748,-0.0114065857195925,0.00177371954076074));
#1495=CARTESIAN_POINT('',(-0.14,-0.00999585228929807,-4.31856012895044E-5));
#1496=CARTESIAN_POINT('',(-0.0249989543853168,-0.0162279053101853,0.00831214911191184));
#1497=CARTESIAN_POINT('',(-0.0399994216096,-0.0155428302789996,0.00733195719014228));
#1498=CARTESIAN_POINT('',(-0.0783338061516146,-0.013722774811568,0.00476794562570911));
#1499=CARTESIAN_POINT('',(-0.116666834198748,-0.0114067717403262,0.00178120880424597));
#1500=CARTESIAN_POINT('',(-0.14,-0.00999702963513564,-3.68063385758619E-5));
#1501=CARTESIAN_POINT('',(-0.0249989543853168,-0.0162254027954948,0.00831960821759707));
#1502=CARTESIAN_POINT('',(-0.0399994216096,-0.0155406955269969,0.00733906662193623));
#1503=CARTESIAN_POINT('',(-0.0783338061516146,-0.0137216032705104,0.00477412748739678));
#1504=CARTESIAN_POINT('',(-0.116666834198748,-0.0114067306568087,0.00178622009576973));
#1505=CARTESIAN_POINT('',(-0.14,-0.0099976766567474,-3.2507568580091E-5));
#1506=CARTESIAN_POINT('',(-0.0249989543853168,-0.0162164840428228,0.00834379022064719));
#1507=CARTESIAN_POINT('',(-0.0399994216096,-0.0155330137158995,0.00736214819883688));
#1508=CARTESIAN_POINT('',(-0.0783338061516146,-0.0137171636661816,0.00479428476494239));
#1509=CARTESIAN_POINT('',(-0.116666834198748,-0.0114061138180994,0.00180265092693131));
#1510=CARTESIAN_POINT('',(-0.14,-0.00999938672067432,-1.83450109089439E-5));
#1511=CARTESIAN_POINT('',(-0.0249989543853168,-0.0162087211915377,0.00836202024366601));
#1512=CARTESIAN_POINT('',(-0.0399994216096,-0.0155262463492842,0.00737956430241255));
#1513=CARTESIAN_POINT('',(-0.0783338061516146,-0.0137130035559783,0.00480954182347426));
#1514=CARTESIAN_POINT('',(-0.116666834198748,-0.0114050134819917,0.00181518343651303));
#1515=CARTESIAN_POINT('',(-0.14,-0.0100001488572154,-7.47092372759512E-6));
#1516=CARTESIAN_POINT('',(-0.0249989543853168,-0.0161950072878706,0.00838782319839389));
#1517=CARTESIAN_POINT('',(-0.0399994216096,-0.0155141039917388,0.0074042809756825));
#1518=CARTESIAN_POINT('',(-0.0783338061516146,-0.0137049766542296,0.00483137823287789));
#1519=CARTESIAN_POINT('',(-0.116666834198748,-0.011401812456567,0.00183339388010797));
#1520=CARTESIAN_POINT('',(-0.14,-0.00999988532403026,8.53240851416778E-6));
#1521=CARTESIAN_POINT('',(-0.0249989543853168,-0.0161901188333292,0.0083961819576268));
#1522=CARTESIAN_POINT('',(-0.0399994216096,-0.015509752758965,0.00741229914711128));
#1523=CARTESIAN_POINT('',(-0.0783338061516146,-0.0137020316863247,0.00483849314553338));
#1524=CARTESIAN_POINT('',(-0.116666834198748,-0.0114005124969744,0.00183937034320514));
#1525=CARTESIAN_POINT('',(-0.14,-0.00999958667463017,1.38159017716628E-5));
#1526=CARTESIAN_POINT('',(-0.0249989543853168,-0.01618274038121,0.00840795508512994));
#1527=CARTESIAN_POINT('',(-0.0399994216096,-0.0155031629387827,0.00742360371726644));
#1528=CARTESIAN_POINT('',(-0.0783338061516146,-0.013697505160951,0.00484855525309436));
#1529=CARTESIAN_POINT('',(-0.116666834198748,-0.0113983920317242,0.0018478677089564));
#1530=CARTESIAN_POINT('',(-0.14,-0.00999893076886442,2.13608152397911E-5));
#1531=CARTESIAN_POINT('',(-0.0249989543853168,-0.0161802732687858,0.00841175195907328));
#1532=CARTESIAN_POINT('',(-0.0399994216096,-0.015500955836885,0.00742725145948683));
#1533=CARTESIAN_POINT('',(-0.0783338061516146,-0.0136959781402404,0.00485180757871097));
#1534=CARTESIAN_POINT('',(-0.116666834198748,-0.0113976567889973,0.00185062227605773));
#1535=CARTESIAN_POINT('',(-0.14,-0.00999867747833156,2.38123986594816E-5));
#1536=CARTESIAN_POINT('',(-0.0249989543853168,-0.0161753954471135,0.00841902375770595));
#1537=CARTESIAN_POINT('',(-0.0399994216096,-0.0154965860926435,0.00743424078034889));
#1538=CARTESIAN_POINT('',(-0.0783338061516146,-0.0136929368955582,0.00485804807185284));
#1539=CARTESIAN_POINT('',(-0.116666834198748,-0.0113961592783924,0.00185592116700508));
#1540=CARTESIAN_POINT('',(-0.14,-0.00999811963268431,2.85381399955785E-5));
#1541=CARTESIAN_POINT('',(-0.0249989543853168,-0.0161729941911013,0.0084224876028291));
#1542=CARTESIAN_POINT('',(-0.0399994216096,-0.0154944325092026,0.00743757104706741));
#1543=CARTESIAN_POINT('',(-0.0783338061516146,-0.0136914304416631,0.00486102450821368));
#1544=CARTESIAN_POINT('',(-0.116666834198748,-0.0113954014803413,0.00185845458958538));
#1545=CARTESIAN_POINT('',(-0.14,-0.00999781753854764,3.08019018023743E-5));
#1546=CARTESIAN_POINT('',(-0.0249989543853168,-0.0161659052764693,0.00843238623656311));
#1547=CARTESIAN_POINT('',(-0.0399994216096,-0.015488061073929,0.00744709871471204));
#1548=CARTESIAN_POINT('',(-0.0783338061516146,-0.0136869356693503,0.00486956830784861));
#1549=CARTESIAN_POINT('',(-0.116666834198748,-0.0113930918075572,0.00186575803625904));
#1550=CARTESIAN_POINT('',(-0.14,-0.00999683792738918,3.73503504294066E-5));
#1551=CARTESIAN_POINT('',(-0.0249989543853168,-0.016161279152287,0.00843839022375973));
#1552=CARTESIAN_POINT('',(-0.0399994216096,-0.0154838852169394,0.00745289200934986));
#1553=CARTESIAN_POINT('',(-0.0783338061516146,-0.0136839398800446,0.00487480109238573));
#1554=CARTESIAN_POINT('',(-0.116666834198748,-0.011391486351247,0.00187027235901037));
#1555=CARTESIAN_POINT('',(-0.14,-0.00999607876139185,4.14273482725814E-5));
#1556=CARTESIAN_POINT('',(-0.0249989543853168,-0.0161537873216197,0.00844742039740837));
#1557=CARTESIAN_POINT('',(-0.0399994216096,-0.0154770955867467,0.00746162952183065));
#1558=CARTESIAN_POINT('',(-0.0783338061516146,-0.0136789942787505,0.00488275666477492));
#1559=CARTESIAN_POINT('',(-0.116666834198748,-0.0113887390992604,0.00187720249502293));
#1560=CARTESIAN_POINT('',(-0.14,-0.00999466963611993,4.77333051317155E-5));
#1561=CARTESIAN_POINT('',(-0.0249989543853168,-0.0161511968006969,0.00845043603925172));
#1562=CARTESIAN_POINT('',(-0.0399994216096,-0.0154747434133295,0.00746455184591771));
#1563=CARTESIAN_POINT('',(-0.0783338061516146,-0.0136772687688474,0.00488542897169455));
#1564=CARTESIAN_POINT('',(-0.116666834198748,-0.0113877658568059,0.00187954221871582));
#1565=CARTESIAN_POINT('',(-0.14,-0.00999415429594957,4.98705867017784E-5));
#1566=CARTESIAN_POINT('',(-0.0249989543853168,-0.0161457193988853,0.0084566215219187));
#1567=CARTESIAN_POINT('',(-0.0399994216096,-0.0154697639771689,0.00747055170504196));
#1568=CARTESIAN_POINT('',(-0.0783338061516146,-0.0136735989494787,0.00489093059456409));
#1569=CARTESIAN_POINT('',(-0.116666834198748,-0.0113856706829832,0.00188437483386836));
#1570=CARTESIAN_POINT('',(-0.14,-0.00999301760277597,5.42959794464319E-5));
#1571=CARTESIAN_POINT('',(-0.0249989543853168,-0.016142840181441,0.00845978080721412));
#1572=CARTESIAN_POINT('',(-0.0399994216096,-0.0154671443640026,0.00747361800404933));
#1573=CARTESIAN_POINT('',(-0.0783338061516146,-0.013671661840869,0.00489374729132125));
#1574=CARTESIAN_POINT('',(-0.116666834198748,-0.0113845525463449,0.00188685626975178));
#1575=CARTESIAN_POINT('',(-0.14,-0.00999239797120684,5.65733433336692E-5));
#1576=CARTESIAN_POINT('',(-0.0249989543853168,-0.0161338574496259,0.00846934608693795));
#1577=CARTESIAN_POINT('',(-0.0399994216096,-0.0154589644296686,0.00748290795416316));
#1578=CARTESIAN_POINT('',(-0.0783338061516146,-0.0136655918711391,0.00490229805276592));
#1579=CARTESIAN_POINT('',(-0.116666834198748,-0.0113810102211366,0.001894413323349));
#1580=CARTESIAN_POINT('',(-0.14,-0.00999039421343532,6.35255308103665E-5));
#1581=CARTESIAN_POINT('',(-0.0249989543853168,-0.0161274088557726,0.00847583950520399));
#1582=CARTESIAN_POINT('',(-0.0399994216096,-0.015453083013666,0.00748922265836134));
#1583=CARTESIAN_POINT('',(-0.0783338061516146,-0.0136612003661182,0.00490813278862661));
#1584=CARTESIAN_POINT('',(-0.116666834198748,-0.011378398117273,0.00189960168700973));
#1585=CARTESIAN_POINT('',(-0.14,-0.00998886522416884,6.83204502148118E-5));
#1586=CARTESIAN_POINT('',(-0.0249989543853168,-0.0161139992968218,0.00848846102904628));
#1587=CARTESIAN_POINT('',(-0.0399994216096,-0.0154408297443574,0.00750151858036757));
#1588=CARTESIAN_POINT('',(-0.0783338061516146,-0.0136519833876762,0.00491955346457506));
#1589=CARTESIAN_POINT('',(-0.116666834198748,-0.0113727993828282,0.00190983832899215));
#1590=CARTESIAN_POINT('',(-0.14,-0.00998546890084049,7.78363753050172E-5));
#1591=CARTESIAN_POINT('',(-0.0249989543853168,-0.0161070711262641,0.00849453855212771));
#1592=CARTESIAN_POINT('',(-0.0399994216096,-0.015434487021087,0.00750745144033187));
#1593=CARTESIAN_POINT('',(-0.0783338061516146,-0.0136471775592215,0.00492509694921216));
#1594=CARTESIAN_POINT('',(-0.116666834198748,-0.0113698220519099,0.00191485160828124));
#1595=CARTESIAN_POINT('',(-0.14,-0.00998360456929524,8.2526920650965E-5));
#1596=CARTESIAN_POINT('',(-0.0249989543853168,-0.0160928163691962,0.00850618374062402));
#1597=CARTESIAN_POINT('',(-0.0399994216096,-0.0154214089738345,0.00751885183658099));
#1598=CARTESIAN_POINT('',(-0.0783338061516146,-0.0136371903331904,0.00493583474637324));
#1599=CARTESIAN_POINT('',(-0.116666834198748,-0.0113635243837266,0.00192466190795083));
#1600=CARTESIAN_POINT('',(-0.14,-0.00997955272069321,9.17726561874368E-5));
#1601=CARTESIAN_POINT('',(-0.0249989543853169,-0.016085476462351,0.00851177183967092));
#1602=CARTESIAN_POINT('',(-0.0399994216096,-0.0154146623520251,0.00752433806731257));
#1603=CARTESIAN_POINT('',(-0.0783338061516147,-0.013632002590215,0.00494104342911144));
#1604=CARTESIAN_POINT('',(-0.116666834198748,-0.0113602011063265,0.00192946983558017));
#1605=CARTESIAN_POINT('',(-0.14,-0.00997736433627217,9.63366457331834E-5));
#1606=CARTESIAN_POINT('',(-0.0249989543853168,-0.0160703291374397,0.0085225748662371));
#1607=CARTESIAN_POINT('',(-0.0399994216095999,-0.0154007168622462,0.00753497416456631));
#1608=CARTESIAN_POINT('',(-0.0783338061516146,-0.0136212159231739,0.00495122065962786));
#1609=CARTESIAN_POINT('',(-0.116666834198748,-0.0113531991359636,0.0019389572847414));
#1610=CARTESIAN_POINT('',(-0.14,-0.0099726660961283,0.000105404227653348));
#1611=CARTESIAN_POINT('',(-0.0249989543853168,-0.0160625155019061,0.00852779811968352));
#1612=CARTESIAN_POINT('',(-0.0399994216096,-0.0153935125219472,0.0075401318974001));
#1613=CARTESIAN_POINT('',(-0.0783338061516146,-0.0136156134134647,0.0049561958811706));
#1614=CARTESIAN_POINT('',(-0.116666834198748,-0.0113495186184059,0.00194364215887936));
#1615=CARTESIAN_POINT('',(-0.14,-0.009970155487754,0.000109912368449836));
#1616=CARTESIAN_POINT('',(-0.0249989543853168,-0.0160384189005177,0.00854290524804879));
#1617=CARTESIAN_POINT('',(-0.0399994216096,-0.0153712655410829,0.00755509433660807));
#1618=CARTESIAN_POINT('',(-0.0783338061516146,-0.0135982296015292,0.00497074696856142));
#1619=CARTESIAN_POINT('',(-0.116666834198748,-0.0113379737204172,0.00195748427888912));
#1620=CARTESIAN_POINT('',(-0.14,-0.00996216471408483,0.00012332294275886));
#1621=CARTESIAN_POINT('',(-0.0249989543853168,-0.0160214994412329,0.00855219822147516));
#1622=CARTESIAN_POINT('',(-0.0399994216096,-0.0153556058739442,0.0075643614167059));
#1623=CARTESIAN_POINT('',(-0.0783338061516146,-0.0135858831581513,0.00497992500923901));
#1624=CARTESIAN_POINT('',(-0.116666834198748,-0.0113296113744857,0.00196640964241145));
#1625=CARTESIAN_POINT('',(-0.14,-0.00995622747284816,0.000132094502674784));
#1626=CARTESIAN_POINT('',(-0.0249989543853168,-0.0159686769386735,0.00857756657863745));
#1627=CARTESIAN_POINT('',(-0.0399994216096,-0.0153066060853518,0.00758986221629205));
#1628=CARTESIAN_POINT('',(-0.0783338061516146,-0.0135469408566581,0.00500570980529501));
#1629=CARTESIAN_POINT('',(-0.116666834198748,-0.0113027897320577,0.00199208866752694));
#1630=CARTESIAN_POINT('',(-0.14,-0.00993678362867911,0.000157709145428191));
#1631=CARTESIAN_POINT('',(-0.0249989543853168,-0.0159306324599589,0.00859126935564849));
#1632=CARTESIAN_POINT('',(-0.0399994216096,-0.0152711770045736,0.00760392728627258));
#1633=CARTESIAN_POINT('',(-0.0783338061516146,-0.013518397552985,0.00502068276311913));
#1634=CARTESIAN_POINT('',(-0.116666834198748,-0.0112825775145568,0.00200784089936209));
#1635=CARTESIAN_POINT('',(-0.14,-0.00992164251108516,0.000173935718337611));
#1636=CARTESIAN_POINT('',(-0.0249989543853168,-0.0158503174626995,0.00861305504084496));
#1637=CARTESIAN_POINT('',(-0.0399994216096,-0.0151961677600983,0.0076268946154486));
#1638=CARTESIAN_POINT('',(-0.0783338061516146,-0.0134573649289949,0.00504666528933447));
#1639=CARTESIAN_POINT('',(-0.116666834198748,-0.0112385088018595,0.00203680596676972));
#1640=CARTESIAN_POINT('',(-0.14,-0.00988789966553161,0.000204716247024823));
#1641=CARTESIAN_POINT('',(-0.0249989543853168,-0.0158080434736531,0.00862114527968176));
#1642=CARTESIAN_POINT('',(-0.0399994216096,-0.0151565843793492,0.00763580413428893));
#1643=CARTESIAN_POINT('',(-0.0783338061516146,-0.0134248731475281,0.00505768185399942));
#1644=CARTESIAN_POINT('',(-0.116666834198748,-0.0112146513756637,0.00205002494910623));
#1645=CARTESIAN_POINT('',(-0.14,-0.00986929793796928,0.000219275832473392));
#1646=CARTESIAN_POINT('',(-0.0249989543853168,-0.0157202019160057,0.00863259483371019));
#1647=CARTESIAN_POINT('',(-0.0399994216096,-0.0150741711339278,0.00764926933972334));
#1648=CARTESIAN_POINT('',(-0.0783338061516146,-0.0133567738036617,0.00507635090899432));
#1649=CARTESIAN_POINT('',(-0.116666834198748,-0.0111640254899546,0.00207427521426103));
#1650=CARTESIAN_POINT('',(-0.14,-0.00982930807860806,0.000246923358649984));
#1651=CARTESIAN_POINT('',(-0.0249989543853168,-0.0156746281779059,0.00863595471747886));
#1652=CARTESIAN_POINT('',(-0.0399994216096,-0.015031335430081,0.00765382574923721));
#1653=CARTESIAN_POINT('',(-0.0783338061516146,-0.0133211612906373,0.00508400452716913));
#1654=CARTESIAN_POINT('',(-0.116666834198748,-0.0111372532859913,0.00208530810493745));
#1655=CARTESIAN_POINT('',(-0.14,-0.0098079169365532,0.0002600131994184));
#1656=CARTESIAN_POINT('',(-0.0249989543853168,-0.0155807791327168,0.00863867480470217));
#1657=CARTESIAN_POINT('',(-0.0399994216096,-0.0149429971547899,0.0076592550850285));
#1658=CARTESIAN_POINT('',(-0.0783338061516146,-0.0132473665052566,0.00509645835020118));
#1659=CARTESIAN_POINT('',(-0.116666834198748,-0.0110812965285698,0.0021055080425395));
#1660=CARTESIAN_POINT('',(-0.14,-0.00976281811770691,0.000284928166977256));
#1661=CARTESIAN_POINT('',(-0.0249989543853168,-0.0155325016643614,0.00863803505813047));
#1662=CARTESIAN_POINT('',(-0.0399994216096,-0.014897492546636,0.00766012812231842));
#1663=CARTESIAN_POINT('',(-0.0783338061516146,-0.0132091825248848,0.0051012588251893));
#1664=CARTESIAN_POINT('',(-0.116666834198748,-0.0110521106700877,0.0021146755411127));
#1665=CARTESIAN_POINT('',(-0.14,-0.00973910938119115,0.000296753855903786));
#1666=CARTESIAN_POINT('',(-0.0249989543853168,-0.0154336459212028,0.00863332779511804));
#1667=CARTESIAN_POINT('',(-0.0399994216096,-0.014804211211229,0.00765871682058902));
#1668=CARTESIAN_POINT('',(-0.0783338061516146,-0.0131306229506728,0.00510841232101736));
#1669=CARTESIAN_POINT('',(-0.116666834198748,-0.0109916793207972,0.00213140836424664));
#1670=CARTESIAN_POINT('',(-0.14,-0.00968971261224364,0.000319317578491254));
#1671=CARTESIAN_POINT('',(-0.0249989543853168,-0.015383065558465,0.00862925894621276));
#1672=CARTESIAN_POINT('',(-0.0399994216096,-0.0147564324912597,0.00765643130267435));
#1673=CARTESIAN_POINT('',(-0.0783338061516146,-0.013090245613239,0.00511076455881206));
#1674=CARTESIAN_POINT('',(-0.116666834198748,-0.0109604323769259,0.00213897332590654));
#1675=CARTESIAN_POINT('',(-0.14,-0.00966402330359387,0.000330055504991631));
#1676=CARTESIAN_POINT('',(-0.0249989543853168,-0.0152798870421414,0.0086181362281298));
#1677=CARTESIAN_POINT('',(-0.0399994216096,-0.0146588829877777,0.00764911108130372));
#1678=CARTESIAN_POINT('',(-0.0783338061516146,-0.0130075709683927,0.00511333905657614));
#1679=CARTESIAN_POINT('',(-0.116666834198748,-0.0108961360236521,0.00215271068201229));
#1680=CARTESIAN_POINT('',(-0.14,-0.00961091374526571,0.000350587649763234));
#1681=CARTESIAN_POINT('',(-0.0249989543853168,-0.0152272880637972,0.00861108178755323));
#1682=CARTESIAN_POINT('',(-0.0399994216096,-0.0146091114041774,0.00764407585597994));
#1683=CARTESIAN_POINT('',(-0.0783338061516146,-0.0129652729272496,0.00511356092807538));
#1684=CARTESIAN_POINT('',(-0.116666834198748,-0.0108630859705554,0.00215888287017548));
#1685=CARTESIAN_POINT('',(-0.14,-0.00958349290669779,0.000360381772648598));
#1686=CARTESIAN_POINT('',(-0.0249989543853168,-0.0151202818379611,0.00859433499205958));
#1687=CARTESIAN_POINT('',(-0.0399994216096,-0.0145077840832198,0.00763157658040244));
#1688=CARTESIAN_POINT('',(-0.0783338061516146,-0.0128789600588317,0.00511212484919856));
#1689=CARTESIAN_POINT('',(-0.116666834198748,-0.0107953775159738,0.00217000135332131));
#1690=CARTESIAN_POINT('',(-0.14,-0.00952710888680838,0.00037914216910419));
#1691=CARTESIAN_POINT('',(-0.0249989543853168,-0.0150658738413436,0.00858464177571027));
#1692=CARTESIAN_POINT('',(-0.0399994216096,-0.014456227618279,0.00762411174812864));
#1693=CARTESIAN_POINT('',(-0.0783338061516146,-0.0128349445611286,0.00511046632231248));
#1694=CARTESIAN_POINT('',(-0.116666834198748,-0.0107607185162643,0.00217494729567815));
#1695=CARTESIAN_POINT('',(-0.14,-0.00949814515121256,0.000388108226326063));
#1696=CARTESIAN_POINT('',(-0.0249989543853168,-0.014900179283748,0.00855201927159912));
#1697=CARTESIAN_POINT('',(-0.0399994216096,-0.0142991224124643,0.00759845641566684));
#1698=CARTESIAN_POINT('',(-0.0783338061516146,-0.0127005589986174,0.00510297039769127));
#1699=CARTESIAN_POINT('',(-0.116666834198748,-0.010654555854631,0.00218814677494264));
#1700=CARTESIAN_POINT('',(-0.14,-0.00940916166010471,0.000413904917832571));
#1701=CARTESIAN_POINT('',(-0.0249989543853168,-0.0147864333963806,0.00852556651888518));
#1702=CARTESIAN_POINT('',(-0.0399994216096,-0.0141911490484003,0.00757702300391041));
#1703=CARTESIAN_POINT('',(-0.0783338061516146,-0.0126078608824348,0.00509462672502373));
#1704=CARTESIAN_POINT('',(-0.116666834198748,-0.0105808771428835,0.002194771401672));
#1705=CARTESIAN_POINT('',(-0.14,-0.00934705998622062,0.000429640690468817));
#1706=CARTESIAN_POINT('',(-0.0249989543853168,-0.0145533100365646,0.0084648858112549));
#1707=CARTESIAN_POINT('',(-0.0399994216096,-0.0139696589542548,0.00752700601080318));
#1708=CARTESIAN_POINT('',(-0.0783338061516146,-0.0124171651459206,0.00507243027780522));
#1709=CARTESIAN_POINT('',(-0.116666834198748,-0.0104285958379534,0.00220446576500528));
#1710=CARTESIAN_POINT('',(-0.14,-0.00921816139710976,0.000458746866749056));
#1711=CARTESIAN_POINT('',(-0.0249989543853168,-0.0144339269536042,0.00843064920717414));
#1712=CARTESIAN_POINT('',(-0.0399994216096,-0.0138561366844728,0.00749841447118342));
#1713=CARTESIAN_POINT('',(-0.0783338061516146,-0.0123191621831495,0.00505857135264855));
#1714=CARTESIAN_POINT('',(-0.116666834198748,-0.0103499882162251,0.00220753145949649));
#1715=CARTESIAN_POINT('',(-0.14,-0.00915135964440299,0.000472114511711849));
#1716=CARTESIAN_POINT('',(-0.0249989543853168,-0.0141901662056634,0.00835552238872212));
#1717=CARTESIAN_POINT('',(-0.0399994216096,-0.0136241831263935,0.00743511786777849));
#1718=CARTESIAN_POINT('',(-0.0783338061516146,-0.0121184825146933,0.00502615791037637));
#1719=CARTESIAN_POINT('',(-0.116666834198748,-0.0101884533868845,0.00221065504107899));
#1720=CARTESIAN_POINT('',(-0.14,-0.00901365212711869,0.000496869342165815));
#1721=CARTESIAN_POINT('',(-0.0249989543853168,-0.014065786016743,0.00831462783835763));
#1722=CARTESIAN_POINT('',(-0.0399994216096,-0.013505749327281,0.00740040879626985));
#1723=CARTESIAN_POINT('',(-0.0783338061516146,-0.0120158033387711,0.00500760024848477));
#1724=CARTESIAN_POINT('',(-0.116666834198748,-0.0101055237999676,0.00221071081833218));
#1725=CARTESIAN_POINT('',(-0.14,-0.00894274403858709,0.000508255047781632));
#1726=CARTESIAN_POINT('',(-0.0249989543853168,-0.0138125062522968,0.00822701173825112));
#1727=CARTESIAN_POINT('',(-0.0399994216096,-0.0132644456317844,0.0073256409825319));
#1728=CARTESIAN_POINT('',(-0.0783338061516146,-0.011806236997941,0.00496638833171331));
#1729=CARTESIAN_POINT('',(-0.116666834198748,-0.00993579392675119,0.00220821669381406));
#1730=CARTESIAN_POINT('',(-0.14,-0.00879726246901686,0.000529328293547823));
#1731=CARTESIAN_POINT('',(-0.0249989543853168,-0.0136836050498244,0.00818028719382454));
#1732=CARTESIAN_POINT('',(-0.0399994216096,-0.0131415741120547,0.00728557947148399));
#1733=CARTESIAN_POINT('',(-0.0783338061516146,-0.0116993482233165,0.00494373190083367));
#1734=CARTESIAN_POINT('',(-0.116666834198748,-0.0098489920760413,0.0022056653205306));
#1735=CARTESIAN_POINT('',(-0.14,-0.00872268745114577,0.000539014791004927));
#1736=CARTESIAN_POINT('',(-0.0249989543853168,-0.0134216532266375,0.00808164520538656));
#1737=CARTESIAN_POINT('',(-0.0399994216096,-0.0128917628944875,0.00720069259053652));
#1738=CARTESIAN_POINT('',(-0.0783338061516146,-0.011481724300815,0.00489478140958169));
#1739=CARTESIAN_POINT('',(-0.116666834198748,-0.00967186535518753,0.00219826435258087));
#1740=CARTESIAN_POINT('',(-0.14,-0.00857021122018731,0.00055690485706853));
#1741=CARTESIAN_POINT('',(-0.0249989543853168,-0.0132886016896495,0.00802972601982968));
#1742=CARTESIAN_POINT('',(-0.0399994216096,-0.0127648222832277,0.00715586561409365));
#1743=CARTESIAN_POINT('',(-0.0783338061516146,-0.0113709882491238,0.00486848609508517));
#1744=CARTESIAN_POINT('',(-0.116666834198748,-0.00958153960745107,0.00219341390925757));
#1745=CARTESIAN_POINT('',(-0.14,-0.00849230914546842,0.000565107823824286));
#1746=CARTESIAN_POINT('',(-0.0249989543853168,-0.0130186462763941,0.00792119741772628));
#1747=CARTESIAN_POINT('',(-0.0399994216096,-0.0125071681267354,0.0070619120949415));
#1748=CARTESIAN_POINT('',(-0.0783338061516146,-0.0111459594636515,0.00481262131431643));
#1749=CARTESIAN_POINT('',(-0.116666834198748,-0.00939764304829451,0.0021816578374007));
#1750=CARTESIAN_POINT('',(-0.14,-0.00833344961326465,0.000580200552355798));
#1751=CARTESIAN_POINT('',(-0.0249989543853168,-0.012881741962892,0.0078645871769123));
#1752=CARTESIAN_POINT('',(-0.0399994216096,-0.0123764541465091,0.00701278479365691));
#1753=CARTESIAN_POINT('',(-0.0783338061516146,-0.0110316663017063,0.00478305126026982));
#1754=CARTESIAN_POINT('',(-0.116666834198748,-0.00930407182343164,0.00217475181279433));
#1755=CARTESIAN_POINT('',(-0.14,-0.00825249175129792,0.000587090034746773));
#1756=CARTESIAN_POINT('',(-0.0249989543853168,-0.0126043256054224,0.00774708682932509));
#1757=CARTESIAN_POINT('',(-0.0399994216096,-0.0121114962498651,0.00691060961106515));
#1758=CARTESIAN_POINT('',(-0.0783338061516146,-0.0107997614606954,0.00472093354975642));
#1759=CARTESIAN_POINT('',(-0.116666834198748,-0.00911391252053311,0.00215908261467408));
#1760=CARTESIAN_POINT('',(-0.14,-0.00808774279586892,0.000599693866337576));
#1761=CARTESIAN_POINT('',(-0.0249989543853168,-0.0124638128600287,0.00768619609653866));
#1762=CARTESIAN_POINT('',(-0.0399994216096,-0.0119772516492208,0.00685756116139604));
#1763=CARTESIAN_POINT('',(-0.0783338061516146,-0.0106821491451701,0.00468838547669038));
#1764=CARTESIAN_POINT('',(-0.116666834198748,-0.00901732388108597,0.0021503192080353));
#1765=CARTESIAN_POINT('',(-0.14,-0.00800395118667676,0.000605408094092617));
#1766=CARTESIAN_POINT('',(-0.0249989543853168,-0.0121793858269978,0.0075604783070942));
#1767=CARTESIAN_POINT('',(-0.0399994216096,-0.0117054372892686,0.00674786092710544));
#1768=CARTESIAN_POINT('',(-0.0783338061516146,-0.010443806559814,0.00462055988026225));
#1769=CARTESIAN_POINT('',(-0.116666834198748,-0.00882132173486204,0.00213110078483327));
#1770=CARTESIAN_POINT('',(-0.14,-0.00783372150187057,0.000615776669095389));
#1771=CARTESIAN_POINT('',(-0.0249989543853168,-0.0120354650571293,0.00749564796768934));
#1772=CARTESIAN_POINT('',(-0.0399994216096,-0.0115678612468885,0.00669120621383906));
#1773=CARTESIAN_POINT('',(-0.0783338061516146,-0.0103230705603019,0.00458528037657802));
#1774=CARTESIAN_POINT('',(-0.116666834198748,-0.00872190336971901,0.00212064504679716));
#1775=CARTESIAN_POINT('',(-0.14,-0.00774727909825639,0.000620431061126927));
#1776=CARTESIAN_POINT('',(-0.0249989543853168,-0.011817172952834,0.00739567415180197));
#1777=CARTESIAN_POINT('',(-0.0399994216096,-0.0113591424271834,0.00660372834066277));
#1778=CARTESIAN_POINT('',(-0.0783338061516146,-0.0101397639512072,0.00453047539525417));
#1779=CARTESIAN_POINT('',(-0.116666834198748,-0.00857078647628947,0.00210379957848947));
#1780=CARTESIAN_POINT('',(-0.14,-0.00761575596015938,0.00062669140146685));
#1781=CARTESIAN_POINT('',(-0.0249989543853168,-0.0117440227167827,0.00736190219728797));
#1782=CARTESIAN_POINT('',(-0.0399994216096,-0.011289191973198,0.00657415954455908));
#1783=CARTESIAN_POINT('',(-0.0783338061516146,-0.0100783077898839,0.00451189687232706));
#1784=CARTESIAN_POINT('',(-0.116666834198748,-0.0085200934732108,0.00209799211410962));
#1785=CARTESIAN_POINT('',(-0.14,-0.00757161444984452,0.000628657630993327));
#1786=CARTESIAN_POINT('',(-0.0249989543853168,-0.0115968954999537,0.00729346064058923));
#1787=CARTESIAN_POINT('',(-0.0399994216096,-0.0111484843555518,0.00651420163687611));
#1788=CARTESIAN_POINT('',(-0.0783338061516146,-0.00995464301812486,0.00447412251537864));
#1789=CARTESIAN_POINT('',(-0.116666834198748,-0.00841803117425896,0.00208600135895814));
#1790=CARTESIAN_POINT('',(-0.14,-0.00748270149247633,0.000632361254458143));
#1791=CARTESIAN_POINT('',(-0.0249989543853168,-0.0115228763388273,0.00725877067036436));
#1792=CARTESIAN_POINT('',(-0.0399994216096,-0.0110776868304406,0.00648379463512959));
#1793=CARTESIAN_POINT('',(-0.0783338061516146,-0.00989239887830466,0.00445491527033292));
#1794=CARTESIAN_POINT('',(-0.116666834198748,-0.00836663249606636,0.00207981418674422));
#1795=CARTESIAN_POINT('',(-0.14,-0.00743790440479823,0.000634099350181717));
#1796=CARTESIAN_POINT('',(-0.0249989543853168,-0.0114113521930145,0.00720613924587067));
#1797=CARTESIAN_POINT('',(-0.0399994216096,-0.0109710064484409,0.0064376379365615));
#1798=CARTESIAN_POINT('',(-0.0783338061516146,-0.00979857900033057,0.00442568989119761));
#1799=CARTESIAN_POINT('',(-0.116666834198748,-0.00828912213690814,0.00207027355917182));
#1800=CARTESIAN_POINT('',(-0.14,-0.00737032158661595,0.000636540754694267));
#1801=CARTESIAN_POINT('',(-0.0249989543853168,-0.011374101706222,0.00718849929830079));
#1802=CARTESIAN_POINT('',(-0.0399994216096,-0.0109353721817867,0.00642216423172388));
#1803=CARTESIAN_POINT('',(-0.0783338061516146,-0.00976723595805395,0.0044158809055296));
#1804=CARTESIAN_POINT('',(-0.116666834198748,-0.00826322155430171,0.00206705067862727));
#1805=CARTESIAN_POINT('',(-0.14,-0.00734773380814528,0.000637326810846314));
#1806=CARTESIAN_POINT('',(-0.0249989543853168,-0.0112994948654332,0.00715305192478616));
#1807=CARTESIAN_POINT('',(-0.0399994216096,-0.0108639986237848,0.00639106224017334));
#1808=CARTESIAN_POINT('',(-0.0783338061516146,-0.00970444734342803,0.00439614228405791));
#1809=CARTESIAN_POINT('',(-0.116666834198748,-0.00821132279763647,0.00206052516884194));
#1810=CARTESIAN_POINT('',(-0.14,-0.00730246366587063,0.000638844071002074));
#1811=CARTESIAN_POINT('',(-0.0249989543853168,-0.0112621291281455,0.00713523997129125));
#1812=CARTESIAN_POINT('',(-0.0399994216096,-0.0108282500426853,0.0063754298273649));
#1813=CARTESIAN_POINT('',(-0.0783338061516146,-0.00967299283688911,0.00438620966360212));
#1814=CARTESIAN_POINT('',(-0.116666834198748,-0.00818531687873141,0.00205722152291781));
#1815=CARTESIAN_POINT('',(-0.14,-0.00727977428116911,0.000639575456217399));
#1816=CARTESIAN_POINT('',(-0.0249989543853168,-0.0111870922986318,0.00709935457702089));
#1817=CARTESIAN_POINT('',(-0.0399994216096,-0.0107564564177231,0.00634392769060944));
#1818=CARTESIAN_POINT('',(-0.0783338061516146,-0.00960981144112598,0.00436617072042781));
#1819=CARTESIAN_POINT('',(-0.116666834198748,-0.00813306643888361,0.00205051719955291));
#1820=CARTESIAN_POINT('',(-0.14,-0.00723417747187785,0.00064098786431778));
#1821=CARTESIAN_POINT('',(-0.0249989543853168,-0.0111494212064058,0.00708128113624545));
#1822=CARTESIAN_POINT('',(-0.0399994216096,-0.0107204113738604,0.00632805796666242));
#1823=CARTESIAN_POINT('',(-0.0783338061516146,-0.00957808455190178,0.0043560643977093));
#1824=CARTESIAN_POINT('',(-0.116666834198748,-0.00810682191794088,0.00204711652211215));
#1825=CARTESIAN_POINT('',(-0.14,-0.0072112700472881,0.000641668887202836));
#1826=CARTESIAN_POINT('',(-0.0249989543853168,-0.0110735929458636,0.00704478781360873));
#1827=CARTESIAN_POINT('',(-0.0399994216096,-0.0106478519648056,0.00629600673055758));
#1828=CARTESIAN_POINT('',(-0.0783338061516146,-0.00951420640653491,0.00433563096718675));
#1829=CARTESIAN_POINT('',(-0.116666834198748,-0.00805396875312502,0.00204020288626025));
#1830=CARTESIAN_POINT('',(-0.14,-0.00716512774546058,0.000642984698037525));
#1831=CARTESIAN_POINT('',(-0.0249989543853168,-0.0110354291043275,0.00702636475181529));
#1832=CARTESIAN_POINT('',(-0.0399994216096,-0.0106113316047964,0.00627982261387895));
#1833=CARTESIAN_POINT('',(-0.0783338061516146,-0.00948205083984955,0.00432530264346197));
#1834=CARTESIAN_POINT('',(-0.116666834198748,-0.00802735712931048,0.00203668951447839));
#1835=CARTESIAN_POINT('',(-0.14,-0.00714189069821324,0.000643619561125506));
#1836=CARTESIAN_POINT('',(-0.0249989543853168,-0.0109202736974422,0.00697060774232138));
#1837=CARTESIAN_POINT('',(-0.0399994216096,-0.01050113067916,0.00623083137540443));
#1838=CARTESIAN_POINT('',(-0.0783338061516146,-0.00938500825464586,0.00429400682805723));
#1839=CARTESIAN_POINT('',(-0.116666834198748,-0.00794702846156651,0.00202598796822516));
#1840=CARTESIAN_POINT('',(-0.14,-0.00707173572733445,0.000645453666793051));
#1841=CARTESIAN_POINT('',(-0.0249989543853168,-0.0108426410449167,0.00693279667125586));
#1842=CARTESIAN_POINT('',(-0.0399994216096,-0.0104268320189814,0.00619759472276978));
#1843=CARTESIAN_POINT('',(-0.0783338061516146,-0.00931956436195202,0.00427273435078586));
#1844=CARTESIAN_POINT('',(-0.116666834198748,-0.00789283337720531,0.00201864024690214));
#1845=CARTESIAN_POINT('',(-0.14,-0.00702438774906592,0.000646581890518908));
#1846=CARTESIAN_POINT('',(-0.0249989543853168,-0.0106859789353386,0.00685605680946673));
#1847=CARTESIAN_POINT('',(-0.0399994216096,-0.0102768843736662,0.00613011135459943));
#1848=CARTESIAN_POINT('',(-0.0783338061516146,-0.00918745056535773,0.00422946152065395));
#1849=CARTESIAN_POINT('',(-0.116666834198748,-0.00778338110098473,0.00200354966640917));
#1850=CARTESIAN_POINT('',(-0.14,-0.0069287294525836,0.000648645736299523));
#1851=CARTESIAN_POINT('',(-0.0249989543853168,-0.0106069096379886,0.00681710931295772));
#1852=CARTESIAN_POINT('',(-0.0399994216096,-0.0102011972709451,0.00609584823605002));
#1853=CARTESIAN_POINT('',(-0.0783338061516146,-0.00912074712299994,0.00420745078914661));
#1854=CARTESIAN_POINT('',(-0.116666834198748,-0.00772809621376962,0.00199580345119968));
#1855=CARTESIAN_POINT('',(-0.14,-0.00688039499568741,0.000649582276948585));
#1856=CARTESIAN_POINT('',(-0.0249989543853168,-0.0103674608996943,0.00669853422436272));
#1857=CARTESIAN_POINT('',(-0.0399994216096,-0.0099719719149636,0.00599149566366562));
#1858=CARTESIAN_POINT('',(-0.0783338061516146,-0.00891867788242828,0.00414029918185253));
#1859=CARTESIAN_POINT('',(-0.116666834198748,-0.0075605512561264,0.00197196746434698));
#1860=CARTESIAN_POINT('',(-0.14,-0.00673386483543373,0.000652112340601994));
#1861=CARTESIAN_POINT('',(-0.0249989543853168,-0.0102048941759786,0.00661719911155434));
#1862=CARTESIAN_POINT('',(-0.0399994216096,-0.00981632101695411,0.00591986505383806));
#1863=CARTESIAN_POINT('',(-0.0783338061516146,-0.00878139877947087,0.00409405301328805));
#1864=CARTESIAN_POINT('',(-0.116666834198748,-0.00744663874860822,0.00195528489137621));
#1865=CARTESIAN_POINT('',(-0.14,-0.00663417548411715,0.000653425013840861));
#1866=CARTESIAN_POINT('',(-0.0249989543853169,-0.0098744171947872,0.00645028960039863));
#1867=CARTESIAN_POINT('',(-0.0399994216096,-0.00949985538797728,0.00577277466721613));
#1868=CARTESIAN_POINT('',(-0.0783338061516147,-0.00850215703277397,0.00399880622287206));
#1869=CARTESIAN_POINT('',(-0.116666834198748,-0.00721476116143835,0.00192043057916011));
#1870=CARTESIAN_POINT('',(-0.14,-0.00643112827752463,0.00065533136935113));
#1871=CARTESIAN_POINT('',(-0.0249989543853168,-0.0097064893667984,0.00636470704476307));
#1872=CARTESIAN_POINT('',(-0.0399994216096,-0.00933902392038803,0.00569730777771405));
#1873=CARTESIAN_POINT('',(-0.0783338061516146,-0.00836017984504222,0.00394980119979842));
#1874=CARTESIAN_POINT('',(-0.116666834198748,-0.00709678417102484,0.00190225745071798));
#1875=CARTESIAN_POINT('',(-0.14,-0.00632776011432406,0.000655925495833906));
#1876=CARTESIAN_POINT('',(-0.0249989543853168,-0.00919520407304085,0.00610198771247278));
#1877=CARTESIAN_POINT('',(-0.0399994216096,-0.00884927947856058,0.00546551245420331));
#1878=CARTESIAN_POINT('',(-0.0783338061516146,-0.00792767117564946,0.00379890350941336));
#1879=CARTESIAN_POINT('',(-0.116666834198748,-0.00673716025445202,0.00184563546656522));
#1880=CARTESIAN_POINT('',(-0.14,-0.0060125008646865,0.000656688769163114));
#1881=CARTESIAN_POINT('',(-0.0249989543853168,-0.00884436006864017,0.00591888402810087));
#1882=CARTESIAN_POINT('',(-0.0399994216096,-0.00851313095036144,0.00530379335238919));
#1883=CARTESIAN_POINT('',(-0.0783338061516146,-0.00763057500553635,0.00369313021197443));
#1884=CARTESIAN_POINT('',(-0.116666834198748,-0.00648983031452025,0.00180508381234889));
#1885=CARTESIAN_POINT('',(-0.14,-0.00579546343644194,0.000655837276730806));
#1886=CARTESIAN_POINT('',(-0.0249989543853168,-0.0083047906086549,0.00563372694297818));
#1887=CARTESIAN_POINT('',(-0.0399994216096,-0.00799605381357771,0.00505173130796518));
#1888=CARTESIAN_POINT('',(-0.0783338061516146,-0.00717327660881292,0.00352765484270236));
#1889=CARTESIAN_POINT('',(-0.116666834198748,-0.0061087569994064,0.00174058104791658));
#1890=CARTESIAN_POINT('',(-0.14,-0.00546078803346859,0.00065279614604196));
#1891=CARTESIAN_POINT('',(-0.0249989543853168,-0.00812273962648885,0.00553693786872712));
#1892=CARTESIAN_POINT('',(-0.0399994216096,-0.00782157410257696,0.00496614205806299));
#1893=CARTESIAN_POINT('',(-0.0783338061516146,-0.00701892049668475,0.00347136845994115));
#1894=CARTESIAN_POINT('',(-0.116666834198748,-0.0059800686777801,0.00171847112737626));
#1895=CARTESIAN_POINT('',(-0.14,-0.00534772359657155,0.000651489305772763));
#1896=CARTESIAN_POINT('',(-0.0249989543853168,-0.00784638617096363,0.00538922990723672));
#1897=CARTESIAN_POINT('',(-0.0399994216096,-0.00755669007398534,0.00483548100518571));
#1898=CARTESIAN_POINT('',(-0.0783338061516146,-0.00678452242700492,0.00338530932624772));
#1899=CARTESIAN_POINT('',(-0.116666834198748,-0.00578456594328245,0.00168443848297584));
#1900=CARTESIAN_POINT('',(-0.14,-0.00517589630205181,0.000649124984032342));
#1901=CARTESIAN_POINT('',(-0.0249989543853168,-0.00775373144549228,0.00533957828014749));
#1902=CARTESIAN_POINT('',(-0.0399994216096,-0.00746787698978154,0.00479155236567743));
#1903=CARTESIAN_POINT('',(-0.0783338061516146,-0.00670592070575678,0.00335635455322703));
#1904=CARTESIAN_POINT('',(-0.116666834198748,-0.00571899374843638,0.00167295095213387));
#1905=CARTESIAN_POINT('',(-0.14,-0.00511825512949485,0.000648269695896209));
#1906=CARTESIAN_POINT('',(-0.0249989543853168,-0.0075674953793751,0.00523953652645971));
#1907=CARTESIAN_POINT('',(-0.0399994216096,-0.00728935552472718,0.00470302805640175));
#1908=CARTESIAN_POINT('',(-0.0783338061516146,-0.00654790559682017,0.00329796517672423));
#1909=CARTESIAN_POINT('',(-0.116666834198748,-0.00558714703992377,0.00164971586164358));
#1910=CARTESIAN_POINT('',(-0.14,-0.00500233702503346,0.000646432883234264));
#1911=CARTESIAN_POINT('',(-0.0249989543853168,-0.00747394993846062,0.00518916596612819));
#1912=CARTESIAN_POINT('',(-0.0399994216096,-0.00719968135005263,0.00465844959828891));
#1913=CARTESIAN_POINT('',(-0.0783338061516146,-0.00646852197686219,0.00326854169306474));
#1914=CARTESIAN_POINT('',(-0.116666834198748,-0.00552089706506187,0.00163797279700238));
#1915=CARTESIAN_POINT('',(-0.14,-0.00494408144910673,0.000645451821216019));
#1916=CARTESIAN_POINT('',(-0.0249989543853168,-0.00733270973228227,0.00511294206867852));
#1917=CARTESIAN_POINT('',(-0.0399994216096,-0.00706428001534373,0.00459098041584191));
#1918=CARTESIAN_POINT('',(-0.0783338061516146,-0.00634864209986284,0.00322397964155779));
#1919=CARTESIAN_POINT('',(-0.116666834198748,-0.00542083132558078,0.00162013872428153));
#1920=CARTESIAN_POINT('',(-0.14,-0.00485607649844079,0.000643886965729492));
#1921=CARTESIAN_POINT('',(-0.0249989543853168,-0.0072854738850203,0.00508742161114906));
#1922=CARTESIAN_POINT('',(-0.0399994216095999,-0.0070189959154376,0.00456838944405576));
#1923=CARTESIAN_POINT('',(-0.0783338061516146,-0.0063085464174533,0.00320905388079852));
#1924=CARTESIAN_POINT('',(-0.116666834198748,-0.00538735962616453,0.00161415720966526));
#1925=CARTESIAN_POINT('',(-0.14,-0.00482663679183392,0.000643349779121069));
#1926=CARTESIAN_POINT('',(-0.0249989543853168,-0.00719063700434066,0.00503612807397728));
#1927=CARTESIAN_POINT('',(-0.0399994216095999,-0.00692807570179754,0.004522980622907));
#1928=CARTESIAN_POINT('',(-0.0783338061516146,-0.0062280382362863,0.00317904298386929));
#1929=CARTESIAN_POINT('',(-0.116666834198748,-0.0053201455915175,0.00160211454731507));
#1930=CARTESIAN_POINT('',(-0.14,-0.00476751485271754,0.000642244311611652));
#1931=CARTESIAN_POINT('',(-0.0249989543853168,-0.00714302145566111,0.0050103470680412));
#1932=CARTESIAN_POINT('',(-0.0399994216096,-0.00688242592030222,0.0045001558904421));
#1933=CARTESIAN_POINT('',(-0.0783338061516146,-0.00618761425183657,0.00316395361327601));
#1934=CARTESIAN_POINT('',(-0.116666834198748,-0.00528639406881702,0.00159605169034021));
#1935=CARTESIAN_POINT('',(-0.14,-0.00473782483165753,0.000641675858538465));
#1936=CARTESIAN_POINT('',(-0.0249989543853168,-0.00699986867129857,0.0049327591711715));
#1937=CARTESIAN_POINT('',(-0.0399994216096,-0.00674518237306837,0.00443146135829139));
#1938=CARTESIAN_POINT('',(-0.0783338061516146,-0.00606607943147943,0.00311852893798196));
#1939=CARTESIAN_POINT('',(-0.116666834198748,-0.00518491393515182,0.0015777778181564));
#1940=CARTESIAN_POINT('',(-0.14,-0.00464855190815845,0.00063992857511852));
#1941=CARTESIAN_POINT('',(-0.0249989543853169,-0.00690403622325876,0.00488071339614503));
#1942=CARTESIAN_POINT('',(-0.0399994216096,-0.00665330440218929,0.00438537627841762));
#1943=CARTESIAN_POINT('',(-0.0783338061516147,-0.00598471343089032,0.0030880398146777));
#1944=CARTESIAN_POINT('',(-0.116666834198748,-0.00511696571807928,0.00156548260667398));
#1945=CARTESIAN_POINT('',(-0.14,-0.00458877104397785,0.000638707927341078));
#1946=CARTESIAN_POINT('',(-0.0249989543853168,-0.0067132345188624,0.00477689763199662));
#1947=CARTESIAN_POINT('',(-0.0399994216096,-0.00647037342785218,0.00429344122898124));
#1948=CARTESIAN_POINT('',(-0.0783338061516146,-0.00582270408853377,0.00302718944155858));
#1949=CARTESIAN_POINT('',(-0.116666834198748,-0.00498165654341429,0.00154088929206242));
#1950=CARTESIAN_POINT('',(-0.14,-0.00446971415804158,0.00063618414390724));
#1951=CARTESIAN_POINT('',(-0.0249989543853168,-0.00661825409726604,0.00472512173611954));
#1952=CARTESIAN_POINT('',(-0.0399994216096,-0.0063793075781729,0.00424758488141473));
#1953=CARTESIAN_POINT('',(-0.0783338061516146,-0.00574204413068236,0.00299682126151401));
#1954=CARTESIAN_POINT('',(-0.116666834198748,-0.00491427896376833,0.00152858837268844));
#1955=CARTESIAN_POINT('',(-0.14,-0.00441042151059878,0.000634880696172668));
#1956=CARTESIAN_POINT('',(-0.0249989543853168,-0.0064286786666723,0.00462160752844208));
#1957=CARTESIAN_POINT('',(-0.0399994216096,-0.00619753914259938,0.00415589526768214));
#1958=CARTESIAN_POINT('',(-0.0783338061516146,-0.00558102925812307,0.00293607055970117));
#1959=CARTESIAN_POINT('',(-0.116666834198748,-0.00477975904837566,0.00150393218807076));
#1960=CARTESIAN_POINT('',(-0.14,-0.00429202897308259,0.000632195104464983));
#1961=CARTESIAN_POINT('',(-0.0249989543853168,-0.00633404238004186,0.00456984707071968));
#1962=CARTESIAN_POINT('',(-0.0399994216096,-0.00610679692365364,0.00411004237196116));
#1963=CARTESIAN_POINT('',(-0.0783338061516146,-0.00550063910510133,0.00290567501291288));
#1964=CARTESIAN_POINT('',(-0.116666834198748,-0.00471258724236398,0.00149157174611792));
#1965=CARTESIAN_POINT('',(-0.14,-0.00423290312373327,0.000630812561019171));
#1966=CARTESIAN_POINT('',(-0.0249989543853168,-0.00614499158716976,0.00446629385620959));
#1967=CARTESIAN_POINT('',(-0.0399994216096,-0.00592552105741524,0.0040182997178948));
#1968=CARTESIAN_POINT('',(-0.0783338061516146,-0.00534003236950486,0.00284483510492863));
#1969=CARTESIAN_POINT('',(-0.116666834198748,-0.00457837328684782,0.00146678802552941));
#1970=CARTESIAN_POINT('',(-0.14,-0.00411475435129663,0.00062797610214009));
#1971=CARTESIAN_POINT('',(-0.0249989543853168,-0.00605060655270264,0.00441451695972835));
#1972=CARTESIAN_POINT('',(-0.0399994216095999,-0.00583501551209591,0.00397242391563995));
#1973=CARTESIAN_POINT('',(-0.0783338061516146,-0.00525984029508456,0.00281439976481519));
#1974=CARTESIAN_POINT('',(-0.116666834198748,-0.00451135138466571,0.00145436834155434));
#1975=CARTESIAN_POINT('',(-0.14,-0.0040557490819797,0.000626522478325427));
#1976=CARTESIAN_POINT('',(-0.0249989543853169,-0.00586221584272944,0.00431103331878069));
#1977=CARTESIAN_POINT('',(-0.0399994216096,-0.0056543639700578,0.0038807267848003));
#1978=CARTESIAN_POINT('',(-0.0783338061516147,-0.0050997633032742,0.0027535426999459));
#1979=CARTESIAN_POINT('',(-0.116666834198748,-0.00437754971535551,0.00142949606758777));
#1980=CARTESIAN_POINT('',(-0.14,-0.00393794109977462,0.000623554007299347));
#1981=CARTESIAN_POINT('',(-0.0249989543853168,-0.00576820023987954,0.00425932111003879));
#1982=CARTESIAN_POINT('',(-0.0399994216096,-0.00556420840412226,0.00383490058675223));
#1983=CARTESIAN_POINT('',(-0.0783338061516146,-0.00501986978535081,0.00272311767785735));
#1984=CARTESIAN_POINT('',(-0.116666834198748,-0.00431076269899465,0.00141704212488174));
#1985=CARTESIAN_POINT('',(-0.14,-0.00387913196018511,0.000622038991054959));
#1986=CARTESIAN_POINT('',(-0.0249989543853168,-0.00548663625627495,0.00410426682118976));
#1987=CARTESIAN_POINT('',(-0.0399994216096,-0.00529419896075032,0.00369748470757976));
#1988=CARTESIAN_POINT('',(-0.0783338061516146,-0.0047805789188004,0.00263185424578135));
#1989=CARTESIAN_POINT('',(-0.116666834198748,-0.00411070788183153,0.00137963416243791));
#1990=CARTESIAN_POINT('',(-0.14,-0.00370295997441779,0.000617412644524345));
#1991=CARTESIAN_POINT('',(-0.0249989543853168,-0.00529955923013811,0.00400100150899855));
#1992=CARTESIAN_POINT('',(-0.0399994216096,-0.00511479149129949,0.00360595291530553));
#1993=CARTESIAN_POINT('',(-0.0783338061516146,-0.00462156202725304,0.00257102454717464));
#1994=CARTESIAN_POINT('',(-0.116666834198748,-0.00397773885620157,0.00135463301511031));
#1995=CARTESIAN_POINT('',(-0.14,-0.00358584618395142,0.000614220197683072));
#1996=CARTESIAN_POINT('',(-0.0249989543853168,-0.00474025158260839,0.00369170564460558));
#1997=CARTESIAN_POINT('',(-0.0399994216096,-0.00457839645776188,0.00333176971819028));
#1998=CARTESIAN_POINT('',(-0.0783338061516146,-0.00414608448591747,0.00238871831778466));
#1999=CARTESIAN_POINT('',(-0.116666834198748,-0.00358008795246344,0.00127954950134597));
#2000=CARTESIAN_POINT('',(-0.14,-0.00323556805328465,0.000604402735905999));
#2001=CARTESIAN_POINT('',(-0.0249989543853168,-0.00436992212838278,0.00348616942100991));
#2002=CARTESIAN_POINT('',(-0.0399994216096,-0.00422321494744945,0.00314952567432959));
#2003=CARTESIAN_POINT('',(-0.0783338061516146,-0.00383117819709079,0.00226742230031628));
#2004=CARTESIAN_POINT('',(-0.116666834198748,-0.00331664702310367,0.00122938790631303));
#2005=CARTESIAN_POINT('',(-0.14,-0.0030034538890316,0.000597540388478063));
#2006=CARTESIAN_POINT('',(-0.0249989543853168,-0.00391001516742143,0.00323045432848483));
#2007=CARTESIAN_POINT('',(-0.0399994216096,-0.00378210580189837,0.00292276384109917));
#2008=CARTESIAN_POINT('',(-0.0783338061516146,-0.00344004948269098,0.00211642222159592));
#2009=CARTESIAN_POINT('',(-0.116666834198748,-0.00298939201441953,0.00116681555159852));
#2010=CARTESIAN_POINT('',(-0.14,-0.00271507855778832,0.000588793647099365));
#2011=CARTESIAN_POINT('',(-0.0249989543853168,-0.00381818577139787,0.00317937211239313));
#2012=CARTESIAN_POINT('',(-0.0399994216096,-0.0036940290483592,0.00287746410532377));
#2013=CARTESIAN_POINT('',(-0.0783338061516146,-0.00336195045774099,0.00208625347481863));
#2014=CARTESIAN_POINT('',(-0.116666834198748,-0.00292404456672213,0.00115430755970015));
#2015=CARTESIAN_POINT('',(-0.14,-0.00265749294580857,0.000587035688338427));
#2016=CARTESIAN_POINT('',(-0.0249989543853168,-0.0036348492901556,0.0030773507965355));
#2017=CARTESIAN_POINT('',(-0.0399994216096,-0.00351818361033454,0.00278698959745796));
#2018=CARTESIAN_POINT('',(-0.0783338061516146,-0.00320602267360301,0.00202599347112551));
#2019=CARTESIAN_POINT('',(-0.116666834198748,-0.00279357206070473,0.00112931383719087));
#2020=CARTESIAN_POINT('',(-0.14,-0.00254251496905651,0.000583508414684807));
#2021=CARTESIAN_POINT('',(-0.0249989543853168,-0.00354334531311181,0.00302641362418062));
#2022=CARTESIAN_POINT('',(-0.0399994216096,-0.00343041783769248,0.00274181649873152));
#2023=CARTESIAN_POINT('',(-0.0783338061516146,-0.00312819632607204,0.00199590324865016));
#2024=CARTESIAN_POINT('',(-0.116666834198748,-0.00272844892494862,0.00111682857586535));
#2025=CARTESIAN_POINT('',(-0.14,-0.00248512422913896,0.00058173922506978));
#2026=CARTESIAN_POINT('',(-0.0249989543853168,-0.00336058752946846,0.00292464795218872));
#2027=CARTESIAN_POINT('',(-0.0399994216096,-0.00325512510729497,0.00265156488844992));
#2028=CARTESIAN_POINT('',(-0.0783338061516146,-0.00297275237839673,0.00193578063351807));
#2029=CARTESIAN_POINT('',(-0.116666834198748,-0.0025983738360334,0.00109187368066423));
#2030=CARTESIAN_POINT('',(-0.14,-0.0023704910663588,0.000578190784871182));
#2031=CARTESIAN_POINT('',(-0.0249989543853168,-0.00326930771240018,0.00287380364195418));
#2032=CARTESIAN_POINT('',(-0.0399994216096,-0.00316757310734628,0.00260647224984014));
#2033=CARTESIAN_POINT('',(-0.0783338061516146,-0.00289511233070388,0.00190573853901156));
#2034=CARTESIAN_POINT('',(-0.116666834198748,-0.00253340288982396,0.00107939964897631));
#2035=CARTESIAN_POINT('',(-0.14,-0.00231323175318555,0.000576410365022357));
#2036=CARTESIAN_POINT('',(-0.0249989543853168,-0.00313264309521276,0.00279766663290995));
#2037=CARTESIAN_POINT('',(-0.0399994216096,-0.00303649005241924,0.0025389478120088));
#2038=CARTESIAN_POINT('',(-0.0783338061516146,-0.0027788700105399,0.00186075062500881));
#2039=CARTESIAN_POINT('',(-0.116666834198748,-0.00243612829514271,0.00106071650845472));
#2040=CARTESIAN_POINT('',(-0.14,-0.00222750273958955,0.00057373883830402));
#2041=CARTESIAN_POINT('',(-0.0249989543853168,-0.00308713567213252,0.00277231220539674));
#2042=CARTESIAN_POINT('',(-0.0399994216096,-0.00299284123271375,0.0025164614086594));
#2043=CARTESIAN_POINT('',(-0.0783338061516146,-0.00274016298450261,0.00184576895848332));
#2044=CARTESIAN_POINT('',(-0.116666834198748,-0.00240373716674739,0.00105449424420524));
#2045=CARTESIAN_POINT('',(-0.14,-0.0021989560736427,0.000572848388315985));
#2046=CARTESIAN_POINT('',(-0.0249989543853168,-0.00299625204417146,0.0027216757436964));
#2047=CARTESIAN_POINT('',(-0.0399994216096,-0.00290566958617408,0.00247155286644629));
#2048=CARTESIAN_POINT('',(-0.0783338061516146,-0.00266286098588961,0.00181584856527952));
#2049=CARTESIAN_POINT('',(-0.116666834198748,-0.00233904883224089,0.00104206738865347));
#2050=CARTESIAN_POINT('',(-0.14,-0.00214194562765566,0.000571069781422871));
#2051=CARTESIAN_POINT('',(-0.0249989543853168,-0.00295088467484925,0.00269639953667279));
#2052=CARTESIAN_POINT('',(-0.0399994216096,-0.00286215537337647,0.00244913601887439));
#2053=CARTESIAN_POINT('',(-0.0783338061516146,-0.00262427400182837,0.0018009136864035));
#2054=CARTESIAN_POINT('',(-0.116666834198748,-0.00230675856399305,0.00103586467185523));
#2055=CARTESIAN_POINT('',(-0.14,-0.00211348814595149,0.000570182297882854));
#2056=CARTESIAN_POINT('',(-0.0249989543853168,-0.00281496126944242,0.00262066650024106));
#2057=CARTESIAN_POINT('',(-0.0399994216095999,-0.00273178299144434,0.00238196934573089));
#2058=CARTESIAN_POINT('',(-0.0783338061516146,-0.00250866115796726,0.00175616264069496));
#2059=CARTESIAN_POINT('',(-0.116666834198748,-0.00221000968610416,0.00101727739991897));
#2060=CARTESIAN_POINT('',(-0.14,-0.00202822169113541,0.000567520813772812));
#2061=CARTESIAN_POINT('',(-0.0249989543853168,-0.00272453607888103,0.00257027364113553));
#2062=CARTESIAN_POINT('',(-0.0399994216096,-0.0026450492539245,0.00233727523216688));
#2063=CARTESIAN_POINT('',(-0.0783338061516146,-0.00243174293547593,0.00172638087602968));
#2064=CARTESIAN_POINT('',(-0.116666834198748,-0.00214563903429979,0.00100490446812145));
#2065=CARTESIAN_POINT('',(-0.14,-0.00197148869704181,0.000565744571159625));
#2066=CARTESIAN_POINT('',(-0.0249989543853169,-0.0025429947685502,0.00246896587606222));
#2067=CARTESIAN_POINT('',(-0.0399994216096,-0.00247091256963903,0.00224741492714569));
#2068=CARTESIAN_POINT('',(-0.0783338061516147,-0.00227729599677959,0.00166647702938253));
#2069=CARTESIAN_POINT('',(-0.116666834198748,-0.00201636891506214,0.000979979114687657));
#2070=CARTESIAN_POINT('',(-0.14,-0.00185754361035978,0.000562110491157752));
#2071=CARTESIAN_POINT('',(-0.0249989543853168,-0.00245180910183144,0.00241800560666724));
#2072=CARTESIAN_POINT('',(-0.0399994216096,-0.00238344346121272,0.00220220862849222));
#2073=CARTESIAN_POINT('',(-0.0783338061516146,-0.00219970991853163,0.00163632833547222));
#2074=CARTESIAN_POINT('',(-0.116666834198748,-0.00195142194652548,0.000967414024789799));
#2075=CARTESIAN_POINT('',(-0.14,-0.00180029001898371,0.000560248472963534));
#2076=CARTESIAN_POINT('',(-0.0249989543853168,-0.00226883883417178,0.00231560744698326));
#2077=CARTESIAN_POINT('',(-0.0399994216096,-0.00220792760997331,0.00211136528564178));
#2078=CARTESIAN_POINT('',(-0.0783338061516146,-0.00204401665899651,0.00157572261169813));
#2079=CARTESIAN_POINT('',(-0.116666834198748,-0.00182107845349346,0.000942116644794834));
#2080=CARTESIAN_POINT('',(-0.14,-0.00168537683070384,0.000556443145163163));
#2081=CARTESIAN_POINT('',(-0.0249989543853168,-0.00217708869236189,0.00226419045278475));
#2082=CARTESIAN_POINT('',(-0.0399994216096,-0.00211991375403262,0.00206574672022934));
#2083=CARTESIAN_POINT('',(-0.0783338061516146,-0.00196593824877079,0.00154527781263546));
#2084=CARTESIAN_POINT('',(-0.116666834198748,-0.00175570588431624,0.000929389833623472));
#2085=CARTESIAN_POINT('',(-0.14,-0.00162773825779386,0.000554501204642358));
#2086=CARTESIAN_POINT('',(-0.0249989543853168,-0.001993169480029,0.00216099046450411));
#2087=CARTESIAN_POINT('',(-0.0399994216096,-0.00194347978676732,0.001974177474427));
#2088=CARTESIAN_POINT('',(-0.0783338061516146,-0.00180940925077919,0.0014841450579835));
#2089=CARTESIAN_POINT('',(-0.116666834198748,-0.00162463474266652,0.000903798926802968));
#2090=CARTESIAN_POINT('',(-0.14,-0.00151216321476278,0.000550544483029308));
#2091=CARTESIAN_POINT('',(-0.0249989543853168,-0.00190097653700892,0.00210919350811343));
#2092=CARTESIAN_POINT('',(-0.0399994216096,-0.00185503683610189,0.00192821442061678));
#2093=CARTESIAN_POINT('',(-0.0783338061516146,-0.00173093854821044,0.00145344886123433));
#2094=CARTESIAN_POINT('',(-0.116666834198748,-0.00155891938278896,0.000890931235786463));
#2095=CARTESIAN_POINT('',(-0.14,-0.0014542119826108,0.000548528934445625));
#2096=CARTESIAN_POINT('',(-0.0249989543853168,-0.00162359521957644,0.00195315902589035));
#2097=CARTESIAN_POINT('',(-0.0399994216096,-0.00158893214130521,0.00178974357254953));
#2098=CARTESIAN_POINT('',(-0.0783338061516146,-0.00149482187598778,0.00136094091049396));
#2099=CARTESIAN_POINT('',(-0.116666834198748,-0.00136116280106338,0.000852100249773419));
#2100=CARTESIAN_POINT('',(-0.14,-0.001279805039495,0.000542370909101134));
#2101=CARTESIAN_POINT('',(-0.0249989543853168,-0.00143763328012476,0.00184829478965571));
#2102=CARTESIAN_POINT('',(-0.0399994216096,-0.00141052257523714,0.00169666927390179));
#2103=CARTESIAN_POINT('',(-0.0783338061516146,-0.00133649687918139,0.00129872039080891));
#2104=CARTESIAN_POINT('',(-0.116666834198748,-0.00122853286305757,0.000825913683415962));
#2105=CARTESIAN_POINT('',(-0.14,-0.00116281558432633,0.000538118070661897));
#2106=CARTESIAN_POINT('',(-0.0249989543853168,-0.00106376306975666,0.00163700119602594));
#2107=CARTESIAN_POINT('',(-0.0399994216096,-0.00105182178376666,0.0015091060919011));
#2108=CARTESIAN_POINT('',(-0.0783338061516146,-0.00101813817549677,0.00117325930963429));
#2109=CARTESIAN_POINT('',(-0.116666834198748,-0.000961792153835808,0.000772985452746575));
#2110=CARTESIAN_POINT('',(-0.14,-0.000927494548542544,0.000529340305350871));
#2111=CARTESIAN_POINT('',(-0.0249989543853168,-0.000875835399453872,0.00153056050435813));
#2112=CARTESIAN_POINT('',(-0.0399994216096,-0.000871511944363355,0.00141460713284604));
#2113=CARTESIAN_POINT('',(-0.0783338061516146,-0.000858087941348436,0.00111001196331252));
#2114=CARTESIAN_POINT('',(-0.116666834198748,-0.000827667511920739,0.000746240827723523));
#2115=CARTESIAN_POINT('',(-0.14,-0.000809150714272794,0.000524814745495659));
#2116=CARTESIAN_POINT('',(-0.0249989543853169,-0.000309122662638613,0.0012089407625576));
#2117=CARTESIAN_POINT('',(-0.0399994216096,-0.000327751978080524,0.00112903589031308));
#2118=CARTESIAN_POINT('',(-0.0783338061516147,-0.000375372093491381,0.000918780703287494));
#2119=CARTESIAN_POINT('',(-0.116666834198748,-0.000423076697085226,0.000665206524969365));
#2120=CARTESIAN_POINT('',(-0.14,-0.000452114304648331,0.000510856904106176));
#2121=CARTESIAN_POINT('',(-0.0249989543853168,7.25846388277407E-5,0.000991468976419684));
#2122=CARTESIAN_POINT('',(-0.0399994216096,3.85214579860713E-5,0.000935893615497333));
#2123=CARTESIAN_POINT('',(-0.0783338061516146,-5.01475571175283E-5,0.000789310507904443));
#2124=CARTESIAN_POINT('',(-0.116666834198748,-0.000150398824249212,0.000610117839756871));
#2125=CARTESIAN_POINT('',(-0.14,-0.000211421382521753,0.000501043956234941));
#2126=CARTESIAN_POINT('',(-0.0249989543853168,0.00122904443497689,0.000330518950053616));
#2127=CARTESIAN_POINT('',(-0.0399994216096,0.00114828468259709,0.000348775465603127));
#2128=CARTESIAN_POINT('',(-0.0783338061516146,0.000935414272984338,0.000395418186592949));
#2129=CARTESIAN_POINT('',(-0.116666834198748,0.000676144065717294,0.000441968770608144));
#2130=CARTESIAN_POINT('',(-0.14,0.000518327294079834,0.000470303930920449));
#2131=CARTESIAN_POINT('',(-0.0249989543853168,0.00201512246881504,-0.000121473215724248));
#2132=CARTESIAN_POINT('',(-0.0399994216096,0.00190270512304136,-5.28725783957573E-5));
#2133=CARTESIAN_POINT('',(-0.0783338061516146,0.0016056277824931,0.000125529316687072));
#2134=CARTESIAN_POINT('',(-0.116666834198748,0.00123850685321982,0.000326035393661626));
#2135=CARTESIAN_POINT('',(-0.14,0.00101504176454197,0.000448082666641295));
#2136=CARTESIAN_POINT('',(-0.0249989543853168,0.0036158579258519,-0.00104517664956831));
#2137=CARTESIAN_POINT('',(-0.0399994216096,0.00343907472531279,-0.000873866057072065));
#2138=CARTESIAN_POINT('',(-0.0783338061516146,0.00297078219397954,-0.000426650815047973));
#2139=CARTESIAN_POINT('',(-0.116666834198748,0.00238432636516948,8.79800374578701E-5));
#2140=CARTESIAN_POINT('',(-0.14,0.0020273529720968,0.000401233845458468));
#2141=CARTESIAN_POINT('',(-0.0249989543853168,0.00443052219732575,-0.0015168853922801));
#2142=CARTESIAN_POINT('',(-0.0399994216096,0.00422103026462745,-0.00129320890408165));
#2143=CARTESIAN_POINT('',(-0.0783338061516146,0.00366572823332909,-0.000708939333383847));
#2144=CARTESIAN_POINT('',(-0.116666834198748,0.00296778672217445,-3.41390669552786E-5));
#2145=CARTESIAN_POINT('',(-0.14,0.00254295242577283,0.000376609243351606));
#2146=CARTESIAN_POINT('',(-0.0249989543853168,0.00567290758463329,-0.00223746513570497));
#2147=CARTESIAN_POINT('',(-0.0399994216096,0.00541357068174391,-0.00193385851001006));
#2148=CARTESIAN_POINT('',(-0.0783338061516146,0.00472567212926114,-0.00114039095062086));
#2149=CARTESIAN_POINT('',(-0.116666834198748,0.0038578176422953,-0.000221100952992656));
#2150=CARTESIAN_POINT('',(-0.14,0.00332955797517911,0.000338467310378469));
#2151=CARTESIAN_POINT('',(-0.0249989543853169,0.00609045216829483,-0.00247984290070807));
#2152=CARTESIAN_POINT('',(-0.0399994216096,0.00581436944737025,-0.00214936129050388));
#2153=CARTESIAN_POINT('',(-0.0783338061516147,0.00508192360797165,-0.00128555465528703));
#2154=CARTESIAN_POINT('',(-0.116666834198748,0.00415698206058386,-0.000284057678819597));
#2155=CARTESIAN_POINT('',(-0.14,0.00359397372074886,0.000325549654382304));
#2156=CARTESIAN_POINT('',(-0.0249989543853168,0.00672168555918257,-0.00284646910793691));
#2157=CARTESIAN_POINT('',(-0.0399994216096,0.00642029292377337,-0.00247534642320253));
#2158=CARTESIAN_POINT('',(-0.0783338061516146,0.00562051722732074,-0.0015051710052612));
#2159=CARTESIAN_POINT('',(-0.116666834198748,0.00460929064020422,-0.00037935728141492));
#2160=CARTESIAN_POINT('',(-0.14,0.00399376093065945,0.000305921174738611));
#2161=CARTESIAN_POINT('',(-0.0249989543853168,0.00693292211033446,-0.00296919161915213));
#2162=CARTESIAN_POINT('',(-0.0399994216096,0.00662306107175028,-0.00258446692782959));
#2163=CARTESIAN_POINT('',(-0.0783338061516146,0.00580075743101792,-0.00157869121333171));
#2164=CARTESIAN_POINT('',(-0.116666834198748,0.00476065959396591,-0.000411269302205723));
#2165=CARTESIAN_POINT('',(-0.14,0.00412755606633387,0.000299335896497162));
#2166=CARTESIAN_POINT('',(-0.0249989543853168,0.00725109099709432,-0.00315408169259207));
#2167=CARTESIAN_POINT('',(-0.0399994216096,0.00692847554014861,-0.00274886662025882));
#2168=CARTESIAN_POINT('',(-0.0783338061516146,0.00607224219442667,-0.00168946188419163));
#2169=CARTESIAN_POINT('',(-0.116666834198748,0.00498866122461387,-0.000459361227098729));
#2170=CARTESIAN_POINT('',(-0.14,0.00432908968237528,0.000289396281671137));
#2171=CARTESIAN_POINT('',(-0.0249989543853168,0.00735734813271763,-0.00321583557848637));
#2172=CARTESIAN_POINT('',(-0.0399994216095999,0.0070304732485336,-0.0028037769575262));
#2173=CARTESIAN_POINT('',(-0.0783338061516146,0.0061629088640413,-0.00172646078506601));
#2174=CARTESIAN_POINT('',(-0.116666834198748,0.0050648065901144,-0.000475426419790782));
#2175=CARTESIAN_POINT('',(-0.14,0.00439639598626742,0.000286073356124084));
#2176=CARTESIAN_POINT('',(-0.0249989543853169,0.00757014974221052,-0.00333952343395607));
#2177=CARTESIAN_POINT('',(-0.0399994216096,0.00723474464248088,-0.00291375830600074));
#2178=CARTESIAN_POINT('',(-0.0783338061516147,0.00634448800670965,-0.00180056852578052));
#2179=CARTESIAN_POINT('',(-0.116666834198748,0.0052173047940833,-0.000507607906952408));
#2180=CARTESIAN_POINT('',(-0.14,0.00453119273541006,0.000279412217221196));
#2181=CARTESIAN_POINT('',(-0.0249989543853168,0.00767666111698747,-0.00340143811901416));
#2182=CARTESIAN_POINT('',(-0.0399994216096,0.00733698674162499,-0.00296881227706265));
#2183=CARTESIAN_POINT('',(-0.0783338061516146,0.00643537286263469,-0.00183766613693384));
#2184=CARTESIAN_POINT('',(-0.116666834198748,0.00529363472578667,-0.000523719326853738));
#2185=CARTESIAN_POINT('',(-0.14,0.00459866314107569,0.000276075010706222));
#2186=CARTESIAN_POINT('',(-0.0249989543853168,0.00783686244534322,-0.00349457174904484));
#2187=CARTESIAN_POINT('',(-0.0399994216096,0.00749076791247609,-0.00305162684320859));
#2188=CARTESIAN_POINT('',(-0.0783338061516146,0.00657207465932637,-0.00189347259373713));
#2189=CARTESIAN_POINT('',(-0.116666834198748,0.005408446338655,-0.000547958386452768));
#2190=CARTESIAN_POINT('',(-0.14,0.00470015028377844,0.000271050903601303));
#2191=CARTESIAN_POINT('',(-0.0249989543853168,0.00789033726874195,-0.00352566106161088));
#2192=CARTESIAN_POINT('',(-0.0399994216096,0.00754209985750869,-0.00307927165077334));
#2193=CARTESIAN_POINT('',(-0.0783338061516146,0.00661770592506633,-0.00191210205269305));
#2194=CARTESIAN_POINT('',(-0.116666834198748,0.00544677093960673,-0.000556050335039204));
#2195=CARTESIAN_POINT('',(-0.14,0.0047340273461546,0.0002693730967905));
#2196=CARTESIAN_POINT('',(-0.0249989543853168,0.00799748690577049,-0.00358795892630196));
#2197=CARTESIAN_POINT('',(-0.0399994216096,0.00764495602994712,-0.00313466757589546));
#2198=CARTESIAN_POINT('',(-0.0783338061516146,0.00670914016026452,-0.00194943336463318));
#2199=CARTESIAN_POINT('',(-0.116666834198748,0.00552356496384985,-0.000572266458167077));
#2200=CARTESIAN_POINT('',(-0.14,0.00480190993065549,0.000266009707364624));
#2201=CARTESIAN_POINT('',(-0.0249989543853168,0.00805117331505703,-0.00361917421063136));
#2202=CARTESIAN_POINT('',(-0.0399994216096,0.00769649155277129,-0.0031624247747794));
#2203=CARTESIAN_POINT('',(-0.0783338061516146,0.00675495357375706,-0.00196813954068237));
#2204=CARTESIAN_POINT('',(-0.116666834198748,0.00556204337792817,-0.000580392518379143));
#2205=CARTESIAN_POINT('',(-0.14,0.00483592355898106,0.000264323722711439));
#2206=CARTESIAN_POINT('',(-0.0249989543853168,0.0082125166691427,-0.00371298966902869));
#2207=CARTESIAN_POINT('',(-0.0399994216096,0.00785136958930826,-0.00324584659776822));
#2208=CARTESIAN_POINT('',(-0.0783338061516146,0.00689263202837727,-0.00202435803832005));
#2209=CARTESIAN_POINT('',(-0.116666834198748,0.00567767710251719,-0.000604815170019823));
#2210=CARTESIAN_POINT('',(-0.14,0.00493813874172598,0.000259255079460776));
#2211=CARTESIAN_POINT('',(-0.0249989543853168,0.00832038791866914,-0.00377571884065674));
#2212=CARTESIAN_POINT('',(-0.0399994216096,0.00795491679538676,-0.00330162548601482));
#2213=CARTESIAN_POINT('',(-0.0783338061516146,0.00698467654770432,-0.00206194644239004));
#2214=CARTESIAN_POINT('',(-0.116666834198748,0.00575498203135744,-0.000621145872893428));
#2215=CARTESIAN_POINT('',(-0.14,0.00500647173888767,0.000255863857025782));
#2216=CARTESIAN_POINT('',(-0.0249989543853168,0.00848151173384691,-0.00386942366145624));
#2217=CARTESIAN_POINT('',(-0.0399994216096,0.0081095797406452,-0.0033849469936719));
#2218=CARTESIAN_POINT('',(-0.0783338061516146,0.0071221532324238,-0.00211809324191301));
#2219=CARTESIAN_POINT('',(-0.116666834198748,0.00587044129865579,-0.000645541458991563));
#2220=CARTESIAN_POINT('',(-0.14,0.00510852908942195,0.000250795111643745));
#2221=CARTESIAN_POINT('',(-0.0249989543853168,0.00853510299766345,-0.00390059213898376));
#2222=CARTESIAN_POINT('',(-0.0399994216096,0.00816102156505924,-0.00341266149208903));
#2223=CARTESIAN_POINT('',(-0.0783338061516146,0.00716787759570093,-0.00213676832946508));
#2224=CARTESIAN_POINT('',(-0.116666834198748,0.00590884210988764,-0.000653656042906359));
#2225=CARTESIAN_POINT('',(-0.14,0.00514247208287022,0.000249108665417689));
#2226=CARTESIAN_POINT('',(-0.0249989543853168,0.00864187921783938,-0.00396269546827005));
#2227=CARTESIAN_POINT('',(-0.0399994216096,0.00826351506467597,-0.00346788276901019));
#2228=CARTESIAN_POINT('',(-0.0783338061516146,0.00725897923082136,-0.00217397865156888));
#2229=CARTESIAN_POINT('',(-0.116666834198748,0.00598535232481103,-0.000669825124771958));
#2230=CARTESIAN_POINT('',(-0.14,0.00521010055679694,0.000245747305043288));
#2231=CARTESIAN_POINT('',(-0.0249989543853168,0.00869507815014433,-0.00399363843263121));
#2232=CARTESIAN_POINT('',(-0.0399994216096,0.00831458036432473,-0.0034953968806609));
#2233=CARTESIAN_POINT('',(-0.0783338061516146,0.0073043691196975,-0.00219251911026843));
#2234=CARTESIAN_POINT('',(-0.116666834198748,0.00602347255715773,-0.000677881900243249));
#2235=CARTESIAN_POINT('',(-0.14,0.00524379577735195,0.000244071906975102));
#2236=CARTESIAN_POINT('',(-0.0249989543853168,0.00885418126778567,-0.00408618408011954));
#2237=CARTESIAN_POINT('',(-0.0399994216096,0.00846730280378832,-0.00357768773737882));
#2238=CARTESIAN_POINT('',(-0.0783338061516146,0.00744011900910462,-0.002247972041723));
#2239=CARTESIAN_POINT('',(-0.116666834198748,0.00613748153831684,-0.000701980055718241));
#2240=CARTESIAN_POINT('',(-0.14,0.00534457115181041,0.000239059282277722));
#2241=CARTESIAN_POINT('',(-0.0249989543853168,0.00895959177276864,-0.00414750351759863));
#2242=CARTESIAN_POINT('',(-0.0399994216096,0.00856848648258206,-0.00363221300413639));
#2243=CARTESIAN_POINT('',(-0.0783338061516146,0.00753005923101135,-0.00228471606976516));
#2244=CARTESIAN_POINT('',(-0.116666834198748,0.00621301857933558,-0.000717949265179756));
#2245=CARTESIAN_POINT('',(-0.14,0.0054113410323713,0.000235735624475653));
#2246=CARTESIAN_POINT('',(-0.0249989543853168,0.0092744394097368,-0.00433067168998157));
#2247=CARTESIAN_POINT('',(-0.0399994216095999,0.00887071081827496,-0.00379508770949068));
#2248=CARTESIAN_POINT('',(-0.0783338061516146,0.00779870486695024,-0.00239447967503437));
#2249=CARTESIAN_POINT('',(-0.116666834198748,0.00643864606583198,-0.000765657210982763));
#2250=CARTESIAN_POINT('',(-0.14,0.00561078353780722,0.000225800718398355));
#2251=CARTESIAN_POINT('',(-0.0249989543853168,0.00948247912742541,-0.00445172251776764));
#2252=CARTESIAN_POINT('',(-0.0399994216096,0.00907040937730567,-0.00390272775544177));
#2253=CARTESIAN_POINT('',(-0.0783338061516146,0.00797621566011738,-0.00246702188682979));
#2254=CARTESIAN_POINT('',(-0.116666834198748,0.00658773310883879,-0.00079719228001561));
#2255=CARTESIAN_POINT('',(-0.14,0.00574256915410783,0.000219226538443673));
#2256=CARTESIAN_POINT('',(-0.0249989543853168,0.00989389010960016,-0.00469114804376195));
#2257=CARTESIAN_POINT('',(-0.0399994216096,0.00946532604598451,-0.00411563008907217));
#2258=CARTESIAN_POINT('',(-0.0783338061516146,0.00832725694871322,-0.00261050951360442));
#2259=CARTESIAN_POINT('',(-0.116666834198748,0.00688256799762498,-0.000859578652715102));
#2260=CARTESIAN_POINT('',(-0.14,0.00600319142488123,0.000206206185190855));
#2261=CARTESIAN_POINT('',(-0.0249989543853168,0.0100973552456523,-0.00480957735180724));
#2262=CARTESIAN_POINT('',(-0.0399994216096,0.00966063450204735,-0.0042209410738465));
#2263=CARTESIAN_POINT('',(-0.0783338061516146,0.00850086833397329,-0.00268148807219482));
#2264=CARTESIAN_POINT('',(-0.116666834198748,0.00702838407186242,-0.000890444375550106));
#2265=CARTESIAN_POINT('',(-0.14,0.00613208860088316,0.000199756990220232));
#2266=CARTESIAN_POINT('',(-0.0249989543853168,0.0107009058171537,-0.00516094605045404));
#2267=CARTESIAN_POINT('',(-0.0399994216096,0.0102399907271843,-0.00453339195829795));
#2268=CARTESIAN_POINT('',(-0.0783338061516146,0.0090158667876227,-0.00289208592091716));
#2269=CARTESIAN_POINT('',(-0.116666834198748,0.0074609367657051,-0.00098204164159576));
#2270=CARTESIAN_POINT('',(-0.14,0.00651445687984437,0.000180594918248638));
#2271=CARTESIAN_POINT('',(-0.0249989543853168,0.0110940462839051,-0.00538990749921333));
#2272=CARTESIAN_POINT('',(-0.0399994216096,0.0106173734499077,-0.00473699768542197));
#2273=CARTESIAN_POINT('',(-0.0783338061516146,0.00935133343015122,-0.00302933251485196));
#2274=CARTESIAN_POINT('',(-0.116666834198748,0.00774270697976948,-0.00104175802183269));
#2275=CARTESIAN_POINT('',(-0.14,0.00676354228573893,0.000168070879002736));
#2276=CARTESIAN_POINT('',(-0.0249989543853168,0.011859977679541,-0.00583619563618507));
#2277=CARTESIAN_POINT('',(-0.0399994216096,0.0113526100288693,-0.00513387335707824));
#2278=CARTESIAN_POINT('',(-0.0783338061516146,0.0100049209257884,-0.00329688976194934));
#2279=CARTESIAN_POINT('',(-0.116666834198748,0.00829169869537336,-0.00115822878357403));
#2280=CARTESIAN_POINT('',(-0.14,0.00724886695488281,0.00014356587610534));
#2281=CARTESIAN_POINT('',(-0.0249989543853168,0.0122327731938927,-0.00605352575918276));
#2282=CARTESIAN_POINT('',(-0.0399994216096,0.0117104682913927,-0.00532714638532797));
#2283=CARTESIAN_POINT('',(-0.0783338061516146,0.0103230457130664,-0.00342720258535173));
#2284=CARTESIAN_POINT('',(-0.116666834198748,0.00855892355730942,-0.0012149843051748));
#2285=CARTESIAN_POINT('',(-0.14,0.0074851092292755,0.000131584399401813));
#2286=CARTESIAN_POINT('',(-0.0249989543853168,0.0127748396887644,-0.00636974450726167));
#2287=CARTESIAN_POINT('',(-0.0399994216096,0.0122308198755333,-0.00560837170788037));
#2288=CARTESIAN_POINT('',(-0.0783338061516146,0.0107856351684832,-0.00361684633539448));
#2289=CARTESIAN_POINT('',(-0.116666834198748,0.00894751841935627,-0.00129763394101623));
#2290=CARTESIAN_POINT('',(-0.14,0.00782866386874,0.000114061666745498));
#2291=CARTESIAN_POINT('',(-0.0249989543853168,0.0129526685607747,-0.00647351813463292));
#2292=CARTESIAN_POINT('',(-0.0399994216096,0.0124015258229092,-0.00570066325022717));
#2293=CARTESIAN_POINT('',(-0.0783338061516146,0.0109373940003057,-0.00367908807004676));
#2294=CARTESIAN_POINT('',(-0.116666834198748,0.00907500568372538,-0.00132476903272016));
#2295=CARTESIAN_POINT('',(-0.14,0.00794137712394525,0.000108295852721172));
#2296=CARTESIAN_POINT('',(-0.0249989543853168,0.0133022145625215,-0.00667757657145298));
#2297=CARTESIAN_POINT('',(-0.0399994216096,0.0127370725020871,-0.00588214725349554));
#2298=CARTESIAN_POINT('',(-0.0783338061516146,0.0112357022632784,-0.00380149255823316));
#2299=CARTESIAN_POINT('',(-0.116666834198748,0.00932561125954144,-0.00137815283436872));
#2300=CARTESIAN_POINT('',(-0.14,0.00816294625872615,9.69246758181185E-5));
#2301=CARTESIAN_POINT('',(-0.0249989543853168,0.0134739325208275,-0.00677786189162108));
#2302=CARTESIAN_POINT('',(-0.0399994216096,0.0129019140341467,-0.0059713401725128));
#2303=CARTESIAN_POINT('',(-0.0783338061516146,0.0113822524180718,-0.00386165563072615));
#2304=CARTESIAN_POINT('',(-0.116666834198748,0.00944873018752437,-0.00140440169083093));
#2305=CARTESIAN_POINT('',(-0.14,0.00827180268964197,9.13192713861728E-5));
#2306=CARTESIAN_POINT('',(-0.0249989543853168,0.0138107938862843,-0.0069746771951817));
#2307=CARTESIAN_POINT('',(-0.0399994216096,0.0132252876127736,-0.0061463900217857));
#2308=CARTESIAN_POINT('',(-0.0783338061516146,0.0116697483971219,-0.00397974341580295));
#2309=CARTESIAN_POINT('',(-0.116666834198748,0.00969026754527833,-0.00145594444293298));
#2310=CARTESIAN_POINT('',(-0.14,0.00848536521249945,8.02822232880034E-5));
#2311=CARTESIAN_POINT('',(-0.0249989543853168,0.0139759374971545,-0.0070712072923647));
#2312=CARTESIAN_POINT('',(-0.0399994216096,0.0133838198541367,-0.00623224705257163));
#2313=CARTESIAN_POINT('',(-0.0783338061516146,0.0118106943926915,-0.00403766819443937));
#2314=CARTESIAN_POINT('',(-0.116666834198748,0.0098086861180305,-0.00148123836592244));
#2315=CARTESIAN_POINT('',(-0.14,0.00859007143017684,7.48505758305232E-5));
#2316=CARTESIAN_POINT('',(-0.0249989543853168,0.0142990876174986,-0.00726018503929449));
#2317=CARTESIAN_POINT('',(-0.0399994216096,0.0136940347419144,-0.00640033419283776));
#2318=CARTESIAN_POINT('',(-0.0783338061516146,0.0120865016741962,-0.00415108318309231));
#2319=CARTESIAN_POINT('',(-0.116666834198748,0.0100404191592055,-0.00153078599962263));
#2320=CARTESIAN_POINT('',(-0.14,0.00879497665185599,6.41787538863778E-5));
#2321=CARTESIAN_POINT('',(-0.0249989543853168,0.0144570957208656,-0.00735263361661658));
#2322=CARTESIAN_POINT('',(-0.0399994216096,0.0138457189024545,-0.00648256511681523));
#2323=CARTESIAN_POINT('',(-0.0783338061516146,0.012221364266727,-0.0042065739173247));
#2324=CARTESIAN_POINT('',(-0.116666834198748,0.0101537347003681,-0.00155503993493781));
#2325=CARTESIAN_POINT('',(-0.14,0.00889517658625037,5.89385371675883E-5));
#2326=CARTESIAN_POINT('',(-0.0249989543853168,0.0147652744023367,-0.00753303743978477));
#2327=CARTESIAN_POINT('',(-0.0399994216096,0.0141415650197161,-0.00664303440557285));
#2328=CARTESIAN_POINT('',(-0.0783338061516146,0.0124844061805997,-0.00431487365462657));
#2329=CARTESIAN_POINT('',(-0.116666834198748,0.0103747583775414,-0.00160239927297101));
#2330=CARTESIAN_POINT('',(-0.14,0.00909062392537974,4.86733842945563E-5));
#2331=CARTESIAN_POINT('',(-0.0249989543853168,0.014915462282661,-0.00762100371641892));
#2332=CARTESIAN_POINT('',(-0.0399994216096,0.0142857435040948,-0.00672128255785499));
#2333=CARTESIAN_POINT('',(-0.0783338061516146,0.0126125999995856,-0.00436768922956657));
#2334=CARTESIAN_POINT('',(-0.116666834198748,0.0104824786192917,-0.0016255077575634));
#2335=CARTESIAN_POINT('',(-0.14,0.00918588197991128,4.36474906130998E-5));
#2336=CARTESIAN_POINT('',(-0.0249989543853168,0.0151341446318711,-0.00774915452456999));
#2337=CARTESIAN_POINT('',(-0.0399994216096,0.0144956768338481,-0.00683527874116722));
#2338=CARTESIAN_POINT('',(-0.0783338061516146,0.0127992616051866,-0.00444464265836786));
#2339=CARTESIAN_POINT('',(-0.116666834198748,0.0106393345008582,-0.00165919436406214));
#2340=CARTESIAN_POINT('',(-0.14,0.00932459523262349,3.62972313822427E-5));
#2341=CARTESIAN_POINT('',(-0.0249989543853168,0.0152059553300236,-0.00779124908633399));
#2342=CARTESIAN_POINT('',(-0.0399994216096,0.0145646149710403,-0.00687272453868905));
#2343=CARTESIAN_POINT('',(-0.0783338061516146,0.0128605589113748,-0.00446992256886746));
#2344=CARTESIAN_POINT('',(-0.116666834198748,0.0106908453990633,-0.0016702639642088));
#2345=CARTESIAN_POINT('',(-0.14,0.00937014918216827,3.3877392145289E-5));
#2346=CARTESIAN_POINT('',(-0.0249989543853169,0.0153473217500454,-0.00787414384708786));
#2347=CARTESIAN_POINT('',(-0.0399994216096,0.014700326351406,-0.00694646556110525));
#2348=CARTESIAN_POINT('',(-0.0783338061516147,0.0129812284762706,-0.00451970841575335));
#2349=CARTESIAN_POINT('',(-0.116666834198748,0.0107922509490435,-0.00169207115353112));
#2350=CARTESIAN_POINT('',(-0.14,0.00945982880083218,2.91007033882838E-5));
#2351=CARTESIAN_POINT('',(-0.0249989543853168,0.0154168266880104,-0.00791491141587078));
#2352=CARTESIAN_POINT('',(-0.0399994216096,0.0147670501059167,-0.00698273119148394));
#2353=CARTESIAN_POINT('',(-0.0783338061516146,0.0130405548931715,-0.00454419293556158));
#2354=CARTESIAN_POINT('',(-0.116666834198748,0.0108421058159139,-0.00170279850990888));
#2355=CARTESIAN_POINT('',(-0.14,0.00950391837185944,2.67472791424505E-5));
#2356=CARTESIAN_POINT('',(-0.0249989543853168,0.0155189845396067,-0.00797483502733679));
#2357=CARTESIAN_POINT('',(-0.0399994216096,0.0148651208440109,-0.00703603804408363));
#2358=CARTESIAN_POINT('',(-0.0783338061516146,0.013127754661605,-0.00458018420559164));
#2359=CARTESIAN_POINT('',(-0.116666834198748,0.0109153854012166,-0.00171856841864399));
#2360=CARTESIAN_POINT('',(-0.14,0.00956872479556959,2.32860347591961E-5));
#2361=CARTESIAN_POINT('',(-0.0249989543853168,0.0155527128194325,-0.00799462143442783));
#2362=CARTESIAN_POINT('',(-0.0399994216096,0.0148975001297148,-0.00705363997000901));
#2363=CARTESIAN_POINT('',(-0.0783338061516146,0.013156545765285,-0.00459206937797501));
#2364=CARTESIAN_POINT('',(-0.116666834198748,0.0109395811402424,-0.00172377663083029));
#2365=CARTESIAN_POINT('',(-0.14,0.00959012335391721,2.21420624011427E-5));
#2366=CARTESIAN_POINT('',(-0.0249989543853168,0.0156029464888636,-0.00802410208603631));
#2367=CARTESIAN_POINT('',(-0.0399994216096,0.014945725527618,-0.00707986680796963));
#2368=CARTESIAN_POINT('',(-0.0783338061516146,0.0131994291924015,-0.00460978083530133));
#2369=CARTESIAN_POINT('',(-0.116666834198748,0.0109756218947593,-0.0017315410324562));
#2370=CARTESIAN_POINT('',(-0.14,0.00962199900010781,2.04323950791869E-5));
#2371=CARTESIAN_POINT('',(-0.0249989543853168,0.0156196312536227,-0.00803389581006779));
#2372=CARTESIAN_POINT('',(-0.0399994216096,0.0149617434051437,-0.00708857974546859));
#2373=CARTESIAN_POINT('',(-0.0783338061516146,0.0132136731300397,-0.00461566527086864));
#2374=CARTESIAN_POINT('',(-0.116666834198748,0.0109875933372613,-0.00173412118022259));
#2375=CARTESIAN_POINT('',(-0.14,0.00963258718361621,1.98635545077224E-5));
#2376=CARTESIAN_POINT('',(-0.0249989543853168,0.0156529024923302,-0.00805343081113278));
#2377=CARTESIAN_POINT('',(-0.0399994216096,0.0149936851349508,-0.00710595935123809));
#2378=CARTESIAN_POINT('',(-0.0783338061516146,0.0132420782625637,-0.00462740397078558));
#2379=CARTESIAN_POINT('',(-0.116666834198748,0.0110114674926063,-0.00173926962344327));
#2380=CARTESIAN_POINT('',(-0.14,0.00965370335068987,1.87265750299307E-5));
#2381=CARTESIAN_POINT('',(-0.0249989543853168,0.0156694969705966,-0.00806317723440438));
#2382=CARTESIAN_POINT('',(-0.0399994216096,0.0150096167966199,-0.00711463069150353));
#2383=CARTESIAN_POINT('',(-0.0783338061516146,0.0132562467069153,-0.0046332616263152));
#2384=CARTESIAN_POINT('',(-0.116666834198748,0.0110233764529976,-0.00174183953651677));
#2385=CARTESIAN_POINT('',(-0.14,0.00966423697194013,1.81578980640132E-5));
#2386=CARTESIAN_POINT('',(-0.0249989543853168,0.0157190896717198,-0.00809231029672676));
#2387=CARTESIAN_POINT('',(-0.0399994216096,0.0150572271305351,-0.0071405494216025));
#2388=CARTESIAN_POINT('',(-0.0783338061516146,0.013298584070358,-0.00465076847302705));
#2389=CARTESIAN_POINT('',(-0.116666834198748,0.0110589601828843,-0.00174952143121403));
#2390=CARTESIAN_POINT('',(-0.14,0.00969570979122181,1.64564136297642E-5));
#2391=CARTESIAN_POINT('',(-0.0249989543853168,0.0157518688207227,-0.00811157244121482));
#2392=CARTESIAN_POINT('',(-0.0399994216096,0.0150886944677887,-0.00715768553788606));
#2393=CARTESIAN_POINT('',(-0.0783338061516146,0.0133265625834907,-0.00466234138974042));
#2394=CARTESIAN_POINT('',(-0.116666834198748,0.0110824737184848,-0.00175460081046391));
#2395=CARTESIAN_POINT('',(-0.14,0.00971650551228047,1.53296255001676E-5));
#2396=CARTESIAN_POINT('',(-0.0249989543853168,0.0158000137460887,-0.00813984034579174));
#2397=CARTESIAN_POINT('',(-0.0399994216096,0.0151349092407855,-0.00718283046089509));
#2398=CARTESIAN_POINT('',(-0.0783338061516146,0.0133676448904566,-0.00467931535173563));
#2399=CARTESIAN_POINT('',(-0.116666834198748,0.0111169934625434,-0.0017620442004117));
#2400=CARTESIAN_POINT('',(-0.14,0.00974703064969826,1.36874578688029E-5));
#2401=CARTESIAN_POINT('',(-0.0249989543853168,0.0158158914215209,-0.0081491587619582));
#2402=CARTESIAN_POINT('',(-0.0399994216096,0.0151501497929704,-0.00719111889332873));
#2403=CARTESIAN_POINT('',(-0.0783338061516146,0.0133811914156564,-0.00468490910355489));
#2404=CARTESIAN_POINT('',(-0.116666834198748,0.0111283749506726,-0.00176449605057313));
#2405=CARTESIAN_POINT('',(-0.14,0.00975709428814251,1.31480710855193E-5));
#2406=CARTESIAN_POINT('',(-0.0249989543853168,0.0158472055362527,-0.00816752291247857));
#2407=CARTESIAN_POINT('',(-0.0399994216096,0.0151802060022376,-0.00720745189176679));
#2408=CARTESIAN_POINT('',(-0.0783338061516146,0.0134079033336466,-0.00469592847926296));
#2409=CARTESIAN_POINT('',(-0.116666834198748,0.0111508148850075,-0.00176932238240288));
#2410=CARTESIAN_POINT('',(-0.14,0.0097769338825615,1.20914210938255E-5));
#2411=CARTESIAN_POINT('',(-0.0249989543853168,0.0158626067968133,-0.00817654599795819));
#2412=CARTESIAN_POINT('',(-0.0399994216096,0.0151949877006623,-0.00721547613146265));
#2413=CARTESIAN_POINT('',(-0.0783338061516146,0.0134210380934797,-0.00470133990010624));
#2414=CARTESIAN_POINT('',(-0.116666834198748,0.0111618475103124,-0.00177169012824004));
#2415=CARTESIAN_POINT('',(-0.14,0.00978668694671558,1.15763484521082E-5));
#2416=CARTESIAN_POINT('',(-0.0249989543853168,0.015908392716842,-0.00820336326927804));
#2417=CARTESIAN_POINT('',(-0.0399994216096,0.0152389382599119,-0.00723932872738194));
#2418=CARTESIAN_POINT('',(-0.0783338061516146,0.0134601078220834,-0.00471743501019157));
#2419=CARTESIAN_POINT('',(-0.116666834198748,0.0111946735047648,-0.00177873193266795));
#2420=CARTESIAN_POINT('',(-0.14,0.0098157124043569,1.00452561363262E-5));
#2421=CARTESIAN_POINT('',(-0.0249989543853168,0.0159384410059517,-0.00822095816456501));
#2422=CARTESIAN_POINT('',(-0.0399994216096,0.0152677882805792,-0.00725498236182419));
#2423=CARTESIAN_POINT('',(-0.0783338061516146,0.0134857693240076,-0.00472800680842683));
#2424=CARTESIAN_POINT('',(-0.116666834198748,0.0112162428868237,-0.00178335724471087));
#2425=CARTESIAN_POINT('',(-0.14,0.00983479092889268,9.03954722234047E-6));
#2426=CARTESIAN_POINT('',(-0.0249989543853168,0.0159850736458124,-0.0082483922385039));
#2427=CARTESIAN_POINT('',(-0.0399994216096,0.0153125747803185,-0.00727940246304756));
#2428=CARTESIAN_POINT('',(-0.0783338061516146,0.0135256401726778,-0.00474453338015786));
#2429=CARTESIAN_POINT('',(-0.116666834198748,0.0112497831346979,-0.00179062246811379));
#2430=CARTESIAN_POINT('',(-0.14,0.00986447776456547,7.41167069995511E-6));
#2431=CARTESIAN_POINT('',(-0.0249989543853168,0.0160008778934653,-0.0082577105516516));
#2432=CARTESIAN_POINT('',(-0.0399994216096,0.0153277555250213,-0.00728769910504867));
#2433=CARTESIAN_POINT('',(-0.0783338061516146,0.0135391602215319,-0.00475015371646456));
#2434=CARTESIAN_POINT('',(-0.116666834198748,0.0112611609131203,-0.00179309875180452));
#2435=CARTESIAN_POINT('',(-0.14,0.00987455155126793,6.84915966725867E-6));
#2436=CARTESIAN_POINT('',(-0.0249989543853168,0.0160333854062633,-0.00827693886484944));
#2437=CARTESIAN_POINT('',(-0.0399994216096,0.0153589853368374,-0.00730482423787355));
#2438=CARTESIAN_POINT('',(-0.0783338061516146,0.0135669858630848,-0.00476176839505578));
#2439=CARTESIAN_POINT('',(-0.116666834198748,0.0112845882109186,-0.00179823225291585));
#2440=CARTESIAN_POINT('',(-0.14,0.009895301594247,5.6607262020291E-6));
#2441=CARTESIAN_POINT('',(-0.0249989543853168,0.0160501647600334,-0.00828689810189059));
#2442=CARTESIAN_POINT('',(-0.0399994216096,0.015375102337767,-0.00731369332853991));
#2443=CARTESIAN_POINT('',(-0.0783338061516146,0.0135813390077778,-0.00476778260272616));
#2444=CARTESIAN_POINT('',(-0.116666834198748,0.0112966681798066,-0.00180089817789434));
#2445=CARTESIAN_POINT('',(-0.14,0.00990599788982092,5.03288793828215E-6));
#2446=CARTESIAN_POINT('',(-0.0249989543853168,0.0160998440086762,-0.00831637210311898));
#2447=CARTESIAN_POINT('',(-0.0399994216096,0.0154227965902529,-0.00733992533822948));
#2448=CARTESIAN_POINT('',(-0.0783338061516146,0.013623754811628,-0.00478553283401434));
#2449=CARTESIAN_POINT('',(-0.116666834198748,0.0113323337471946,-0.00180875921524356));
#2450=CARTESIAN_POINT('',(-0.14,0.00993755461440175,3.19136466279578E-6));
#2451=CARTESIAN_POINT('',(-0.0249989543853168,0.0161320514892293,-0.00833546093262799));
#2452=CARTESIAN_POINT('',(-0.0399994216096,0.0154536901303297,-0.0073568964509591));
#2453=CARTESIAN_POINT('',(-0.0783338061516146,0.0136511624211494,-0.00479697290972963));
#2454=CARTESIAN_POINT('',(-0.116666834198748,0.0113553389076037,-0.00181381607446666));
#2455=CARTESIAN_POINT('',(-0.14,0.00995788002107614,2.0199446117451E-6));
#2456=CARTESIAN_POINT('',(-0.0249989543853168,0.0161634572045632,-0.00835365166993246));
#2457=CARTESIAN_POINT('',(-0.0399994216096,0.0154837594626089,-0.0073730195946415));
#2458=CARTESIAN_POINT('',(-0.0783338061516146,0.0136776995417366,-0.00480771138614711));
#2459=CARTESIAN_POINT('',(-0.116666834198748,0.0113775065295106,-0.00181844849325142));
#2460=CARTESIAN_POINT('',(-0.14,0.00997738794604893,1.10425947404895E-6));
#2461=CARTESIAN_POINT('',(-0.0249989543853168,0.0161692956658621,-0.00835700630241426));
#2462=CARTESIAN_POINT('',(-0.0399994216096,0.015489345949424,-0.0073759896860165));
#2463=CARTESIAN_POINT('',(-0.0783338061516146,0.0136826208462884,-0.00480968100051928));
#2464=CARTESIAN_POINT('',(-0.116666834198748,0.0113816106124618,-0.00181929054424616));
#2465=CARTESIAN_POINT('',(-0.14,0.00998099458937498,9.48551942815563E-7));
#2466=CARTESIAN_POINT('',(-0.0249989543853168,0.0161798943846196,-0.00836302429570024));
#2467=CARTESIAN_POINT('',(-0.0399994216096,0.0154994786810846,-0.00738130967829186));
#2468=CARTESIAN_POINT('',(-0.0783338061516146,0.0136915253312602,-0.00481318732110435));
#2469=CARTESIAN_POINT('',(-0.116666834198748,0.0113890192961797,-0.00182076930909085));
#2470=CARTESIAN_POINT('',(-0.14,0.00998749278465932,7.03952429469485E-7));
#2471=CARTESIAN_POINT('',(-0.0249989543853168,0.0161846827544851,-0.00836569046748202));
#2472=CARTESIAN_POINT('',(-0.0399994216096,0.0155040513069578,-0.00738366132148793));
#2473=CARTESIAN_POINT('',(-0.0783338061516146,0.0136955302694867,-0.00481472308327614));
#2474=CARTESIAN_POINT('',(-0.116666834198748,0.0113923396105146,-0.00182140271273611));
#2475=CARTESIAN_POINT('',(-0.14,0.00999039637108124,6.19810926663806E-7));
#2476=CARTESIAN_POINT('',(-0.0249989543853168,0.0161967833431476,-0.00837242999243154));
#2477=CARTESIAN_POINT('',(-0.0399994216096,0.0155155792737579,-0.00738959533496372));
#2478=CARTESIAN_POINT('',(-0.0783338061516146,0.0137055599856734,-0.00481857463238751));
#2479=CARTESIAN_POINT('',(-0.116666834198748,0.0114006214647865,-0.00182300053847622));
#2480=CARTESIAN_POINT('',(-0.14,0.00999761430857075,3.93817879427533E-7));
#2481=CARTESIAN_POINT('',(-0.0249989543853168,0.0162017782876138,-0.00837523801606541));
#2482=CARTESIAN_POINT('',(-0.0399994216096,0.0155202979971507,-0.00739205225797847));
#2483=CARTESIAN_POINT('',(-0.0783338061516146,0.0137095670952954,-0.00482013460959938));
#2484=CARTESIAN_POINT('',(-0.116666834198748,0.0114038760674019,-0.00182366580559979));
#2485=CARTESIAN_POINT('',(-0.14,0.0100004108630839,2.73157323549612E-7));
#2486=CARTESIAN_POINT('',(-0.0249989543853168,0.0162010251202071,-0.00837618448068053));
#2487=CARTESIAN_POINT('',(-0.0399994216096,0.0155194368623677,-0.00739288862777298));
#2488=CARTESIAN_POINT('',(-0.0783338061516146,0.0137084765569042,-0.00482073196426149));
#2489=CARTESIAN_POINT('',(-0.116666834198748,0.0114028889707236,-0.00182432711656762));
#2490=CARTESIAN_POINT('',(-0.14,0.00999948673097581,-4.27083600017674E-7));
#2491=CARTESIAN_POINT('',(-0.0299531948795355,-0.00915736958203809,0.00592919264978206));
#2492=CARTESIAN_POINT('',(-0.0300497825343128,-0.00882908432028098,0.00576044727217567));
#2493=CARTESIAN_POINT('',(-0.0301847169376853,-0.0083392590643743,0.00550579396410854));
#2494=CARTESIAN_POINT('',(-0.0303468168388306,-0.00768647439607978,0.00516222084640234));
#2495=CARTESIAN_POINT('',(-0.0304553224134769,-0.00722010774137961,0.00491518510858288));
#2496=CARTESIAN_POINT('',(-0.0305674107728337,-0.00669202586528864,0.00463382386037066));
#2497=CARTESIAN_POINT('',(-0.0306865519053187,-0.00608887943806293,0.00431092954104924));
#2498=CARTESIAN_POINT('',(-0.0308880227734786,-0.00491949472597403,0.00368161649720935));
#2499=CARTESIAN_POINT('',(-0.0310854829297235,-0.0032998353192449,0.00280450270320157));
#2500=CARTESIAN_POINT('',(-0.0312411886956643,-0.000680675402363734,0.00138347674546511));
#2501=CARTESIAN_POINT('',(-0.0311465208091189,0.00195001753059769,-8.00407563452268E-5));
#2502=CARTESIAN_POINT('',(-0.0307991920724094,0.00457151062607127,-0.00155445640648449));
#2503=CARTESIAN_POINT('',(-0.0304830741997612,0.00617713441758903,-0.00246436811896903));
#2504=CARTESIAN_POINT('',(-0.0301962727477625,0.00733189559099055,-0.00312257985508427));
#2505=CARTESIAN_POINT('',(-0.0300334465714196,0.00792596931009815,-0.0034621959246527));
#2506=CARTESIAN_POINT('',(-0.0298356296711771,0.00860989577352702,-0.00385398655820142));
#2507=CARTESIAN_POINT('',(-0.0295907168713333,0.00937790654042445,-0.0042955120796038));
#2508=CARTESIAN_POINT('',(-0.0292522738387011,0.0103386147682878,-0.00485044099472605));
#2509=CARTESIAN_POINT('',(-0.0289617357780258,0.0110833038893033,-0.00528295714169693));
#2510=CARTESIAN_POINT('',(-0.028703240103792,0.0117041399950362,-0.00564508626415486));
#2511=CARTESIAN_POINT('',(-0.0284916341635094,0.0121883128139153,-0.00592847658492122));
#2512=CARTESIAN_POINT('',(-0.0283291418945117,0.012543965924606,-0.00613735364640192));
#2513=CARTESIAN_POINT('',(-0.0281870001341212,0.0128464722632468,-0.00631543703195519));
#2514=CARTESIAN_POINT('',(-0.0280641984126704,0.0131013872398186,-0.00646583118547247));
#2515=CARTESIAN_POINT('',(-0.0279826978467278,0.0132672578921065,-0.00656386201260922));
#2516=CARTESIAN_POINT('',(-0.027872586461056,0.0134880197269325,-0.00669451924980983));
#2517=CARTESIAN_POINT('',(-0.0277742802813006,0.0136811224823394,-0.00680903791390611));
#2518=CARTESIAN_POINT('',(-0.0276851537275605,0.0138531954055038,-0.00691126435316027));
#2519=CARTESIAN_POINT('',(-0.0276233073450049,0.0139714463137916,-0.00698158336004541));
#2520=CARTESIAN_POINT('',(-0.0275264580937848,0.0141540662851255,-0.00709034211345933));
#2521=CARTESIAN_POINT('',(-0.0274227985467275,0.0143465604147886,-0.00720517660296461));
#2522=CARTESIAN_POINT('',(-0.0273067793698121,0.014557950275579,-0.00733154266086861));
#2523=CARTESIAN_POINT('',(-0.0272217921838277,0.0147095985417648,-0.00742240010542227));
#2524=CARTESIAN_POINT('',(-0.0271621566615598,0.014814848269259,-0.00748553803162009));
#2525=CARTESIAN_POINT('',(-0.0271440045580774,0.0148468949967732,-0.00750476199608996));
#2526=CARTESIAN_POINT('',(-0.0270622147986149,0.0149899937132045,-0.00759070609899163));
#2527=CARTESIAN_POINT('',(-0.0269817290480869,0.0151289176598482,-0.007674277493866));
#2528=CARTESIAN_POINT('',(-0.0269055763636424,0.0152590974592002,-0.00775269578844054));
#2529=CARTESIAN_POINT('',(-0.0268267548843872,0.0153919097254067,-0.00783283887578736));
#2530=CARTESIAN_POINT('',(-0.0267865225008569,0.015459139557155,-0.00787343705084379));
#2531=CARTESIAN_POINT('',(-0.0267213659995456,0.0155672784377836,-0.00793880068428654));
#2532=CARTESIAN_POINT('',(-0.0266559379480092,0.0156750763271112,-0.00800410680239974));
#2533=CARTESIAN_POINT('',(-0.0266285679314548,0.0157195600921169,-0.0080310806925624));
#2534=CARTESIAN_POINT('',(-0.0265453843409808,0.0158571640918709,-0.00811433361423843));
#2535=CARTESIAN_POINT('',(-0.0265171261608127,0.0158988629539843,-0.00813954009775993));
#2536=CARTESIAN_POINT('',(-0.0264573209277447,0.01599074515786,-0.00819591214935848));
#2537=CARTESIAN_POINT('',(-0.0264560184577342,0.0159924932330637,-0.00819699723430051));
#2538=CARTESIAN_POINT('',(-0.0264318220819609,0.0160318936787939,-0.00822115453455598));
#2539=CARTESIAN_POINT('',(-0.0264197179297829,0.016054252928025,-0.0082346886770485));
#2540=CARTESIAN_POINT('',(-0.0264023758486975,0.0160838281561148,-0.00825286192229548));
#2541=CARTESIAN_POINT('',(-0.0263857185247879,0.0161413428227934,-0.00828581054108784));
#2542=CARTESIAN_POINT('',(-0.0263750601910839,0.016131991501019,-0.00828099658537395));
#2543=CARTESIAN_POINT('',(-0.0263355160000754,0.0161410187605652,-0.0082877794066275));
#2544=CARTESIAN_POINT('',(-0.0263380321949599,0.0161381256312005,-0.0082860383883161));
#2545=CARTESIAN_POINT('',(-0.0263041658658811,0.0161415844673597,-0.00828941997225571));
#2546=CARTESIAN_POINT('',(-0.026256836538847,0.0161436010667809,-0.00829252465081327));
#2547=CARTESIAN_POINT('',(-0.0261831795156472,0.0161474445441608,-0.00829773162580996));
#2548=CARTESIAN_POINT('',(-0.0260547200928168,0.0161533592629164,-0.00830628737165122));
#2549=CARTESIAN_POINT('',(-0.0260320881043331,0.0161544043489092,-0.00830778856140032));
#2550=CARTESIAN_POINT('',(-0.0259675127586212,0.0161573682646663,-0.00831207557098048));
#2551=CARTESIAN_POINT('',(-0.0258801242370542,0.0161613557336888,-0.00831784960606028));
#2552=CARTESIAN_POINT('',(-0.0258587547281636,0.0161623272403179,-0.0083192754461599));
#2553=CARTESIAN_POINT('',(-0.0258599001540636,0.0161622758353778,-0.00831921377944513));
#2554=CARTESIAN_POINT('',(-0.0259414073638897,0.0161585528091251,-0.00831389798211238));
#2555=CARTESIAN_POINT('',(-0.0259598217527414,0.0161577050491626,-0.00831269600301999));
#2556=CARTESIAN_POINT('',(-0.0261279370403513,0.0161500660232025,-0.00830170227278846));
#2557=CARTESIAN_POINT('',(-0.026298391707489,0.0161420194375046,-0.00829046305591643));
#2558=CARTESIAN_POINT('',(-0.0264699234996154,0.0161347182479038,-0.00827937999442166));
#2559=CARTESIAN_POINT('',(-0.0266530453045049,0.0161248931268834,-0.00826695256074476));
#2560=CARTESIAN_POINT('',(-0.0267213011592559,0.0161242546497761,-0.00826333268048044));
#2561=CARTESIAN_POINT('',(-0.0267918982320671,0.0161122360238988,-0.00825596444710905));
#2562=CARTESIAN_POINT('',(-0.026861668563522,0.0161331916225045,-0.00825933811910596));
#2563=CARTESIAN_POINT('',(-0.0268907284922103,0.0160693185180047,-0.0082374792971134));
#2564=CARTESIAN_POINT('',(-0.0269109521701971,0.016021863397618,-0.0082223932304074));
#2565=CARTESIAN_POINT('',(-0.0269552388089497,0.0159447818184659,-0.0081975481796605));
#2566=CARTESIAN_POINT('',(-0.0269731494908145,0.0159150914274292,-0.0081879342139514));
#2567=CARTESIAN_POINT('',(-0.0270142205591244,0.0158489785212835,-0.00816634634352951));
#2568=CARTESIAN_POINT('',(-0.0270692176599007,0.0157567461748752,-0.00813591148317203));
#2569=CARTESIAN_POINT('',(-0.0271491581058393,0.0156131777377523,-0.00808883802646867));
#2570=CARTESIAN_POINT('',(-0.0271763756464895,0.0155659836465395,-0.00807338761021635));
#2571=CARTESIAN_POINT('',(-0.0272828244584779,0.0153761842359356,-0.00801109946367634));
#2572=CARTESIAN_POINT('',(-0.027335804774155,0.0152807328343733,-0.00797967757268144));
#2573=CARTESIAN_POINT('',(-0.0274055997016715,0.0151536065680821,-0.00793784674687755));
#2574=CARTESIAN_POINT('',(-0.0274557383579029,0.0150611784182819,-0.00790741182588));
#2575=CARTESIAN_POINT('',(-0.0275087797624442,0.014962604270277,-0.00787491867507842));
#2576=CARTESIAN_POINT('',(-0.0275185989807627,0.0149442715382818,-0.00786887099070921));
#2577=CARTESIAN_POINT('',(-0.0275542925120396,0.0148777917841062,-0.0078469404882517));
#2578=CARTESIAN_POINT('',(-0.0276306018357484,0.0147347178294966,-0.00779970859074084));
#2579=CARTESIAN_POINT('',(-0.0277519185109942,0.0145015692346429,-0.00772260848730659));
#2580=CARTESIAN_POINT('',(-0.0278659301960001,0.0142775771654432,-0.00764839403798088));
#2581=CARTESIAN_POINT('',(-0.0279824826355485,0.0140439944533897,-0.00757083235450033));
#2582=CARTESIAN_POINT('',(-0.0280389966074412,0.0139287720764795,-0.00753250115411932));
#2583=CARTESIAN_POINT('',(-0.028130438800931,0.0137407623658089,-0.00746990875460837));
#2584=CARTESIAN_POINT('',(-0.0282297798579871,0.0135323977068158,-0.00740039503507687));
#2585=CARTESIAN_POINT('',(-0.0283434125243887,0.0132886849045082,-0.00731889145028629));
#2586=CARTESIAN_POINT('',(-0.0284322805097293,0.013094550337388,-0.00725384193140891));
#2587=CARTESIAN_POINT('',(-0.0285547740421432,0.012820890447503,-0.0071619406324883));
#2588=CARTESIAN_POINT('',(-0.0286992093841286,0.0124892316489185,-0.00705023475382614));
#2589=CARTESIAN_POINT('',(-0.0288652248669385,0.0120954084441731,-0.00691712307942945));
#2590=CARTESIAN_POINT('',(-0.0290759531382874,0.0115695672438593,-0.00673843424544273));
#2591=CARTESIAN_POINT('',(-0.0293331893270754,0.0108914753517805,-0.00650662499718145));
#2592=CARTESIAN_POINT('',(-0.0297378818564149,0.00973845646228317,-0.00610911522130876));
#2593=CARTESIAN_POINT('',(-0.0302496208825744,0.00799629468674314,-0.00549721813578798));
#2594=CARTESIAN_POINT('',(-0.0308517142754223,0.00524817666962446,-0.00450349065747312));
#2595=CARTESIAN_POINT('',(-0.0311716618737642,0.00242570431476529,-0.00343159716913569));
#2596=CARTESIAN_POINT('',(-0.0312011521005093,-0.000332437346316895,-0.00231364269510514));
#2597=CARTESIAN_POINT('',(-0.0311013584013261,-0.00207528355599929,-0.00157145758383903));
#2598=CARTESIAN_POINT('',(-0.0309548180827249,-0.0034260436625579,-0.000971198723655147));
#2599=CARTESIAN_POINT('',(-0.0308077711924699,-0.00445361803700444,-0.000501370595711222));
#2600=CARTESIAN_POINT('',(-0.0306362092662547,-0.00541386567163345,-4.46541546782164E-5));
#2601=CARTESIAN_POINT('',(-0.0304274193597586,-0.00639690214827929,0.000443784131396518));
#2602=CARTESIAN_POINT('',(-0.030231239682987,-0.00718695169487731,0.000854874084705078));
#2603=CARTESIAN_POINT('',(-0.0300609850267476,-0.00780950063772833,0.00118997579640431));
#2604=CARTESIAN_POINT('',(-0.0299181983727478,-0.00829538272103574,0.00145836699954933));
#2605=CARTESIAN_POINT('',(-0.0297968889780397,-0.00868979761295943,0.00168112488153411));
#2606=CARTESIAN_POINT('',(-0.0296617556930398,-0.00910281249879296,0.00191975849411253));
#2607=CARTESIAN_POINT('',(-0.0295508264057799,-0.0094268518628293,0.00211133889924793));
#2608=CARTESIAN_POINT('',(-0.0294501151188718,-0.00971375580056366,0.00228305622946236));
#2609=CARTESIAN_POINT('',(-0.029305209338547,-0.0101102686140012,0.00252531717996504));
#2610=CARTESIAN_POINT('',(-0.0291770405305809,-0.0104440150697701,0.00273473648203828));
#2611=CARTESIAN_POINT('',(-0.0290710271648355,-0.0107107576345032,0.00290551641593708));
#2612=CARTESIAN_POINT('',(-0.0290113226479379,-0.0108582518610629,0.00300099331921094));
#2613=CARTESIAN_POINT('',(-0.0289575568892123,-0.0109891475979101,0.0030864895178198));
#2614=CARTESIAN_POINT('',(-0.028931957009869,-0.011050730054382,0.00312699796510474));
#2615=CARTESIAN_POINT('',(-0.0288813426884822,-0.0111718074051783,0.00320691066467451));
#2616=CARTESIAN_POINT('',(-0.0288110098043341,-0.0113373523948556,0.0033173223292081));
#2617=CARTESIAN_POINT('',(-0.0287129332984926,-0.0115639062888688,0.00347041764026933));
#2618=CARTESIAN_POINT('',(-0.0285844546935642,-0.0118516424731136,0.0036690346739291));
#2619=CARTESIAN_POINT('',(-0.0284948472721224,-0.0120470137180565,0.00380654922924426));
#2620=CARTESIAN_POINT('',(-0.0283946242538727,-0.0122619825699981,0.00395993684265838));
#2621=CARTESIAN_POINT('',(-0.0283116059918773,-0.0124354840941438,0.00408609955504149));
#2622=CARTESIAN_POINT('',(-0.0282478019229446,-0.0125661931408498,0.00418224117839498));
#2623=CARTESIAN_POINT('',(-0.0281906954097511,-0.0126820480474264,0.00426837481295826));
#2624=CARTESIAN_POINT('',(-0.0281685499471229,-0.0127266785327647,0.00430181680713472));
#2625=CARTESIAN_POINT('',(-0.0281168918557729,-0.0128302856910432,0.00437968187159805));
#2626=CARTESIAN_POINT('',(-0.0280417542751451,-0.0129789433746309,0.00449271275113808));
#2627=CARTESIAN_POINT('',(-0.0279285251464019,-0.0131987156385633,0.00466271357118942));
#2628=CARTESIAN_POINT('',(-0.0277329271380177,-0.013567709504408,0.00495590967290838));
#2629=CARTESIAN_POINT('',(-0.0275659532863248,-0.0138678952379287,0.00520615566920468));
#2630=CARTESIAN_POINT('',(-0.027453665540888,-0.0140639255507868,0.00537479517369452));
#2631=CARTESIAN_POINT('',(-0.0273936299822003,-0.0141671672668319,0.00546511823144743));
#2632=CARTESIAN_POINT('',(-0.0273647596874575,-0.0142166039341738,0.00550858755811802));
#2633=CARTESIAN_POINT('',(-0.0272946689470936,-0.0143353084981433,0.00561438976478674));
#2634=CARTESIAN_POINT('',(-0.0272186739686858,-0.0144620145943559,0.00572945847322979));
#2635=CARTESIAN_POINT('',(-0.0271243348625098,-0.0146166743286606,0.00587280808804894));
#2636=CARTESIAN_POINT('',(-0.027016055045182,-0.0147891689129902,0.00603853231959598));
#2637=CARTESIAN_POINT('',(-0.0269326971156952,-0.0149196325055631,0.00616671828089708));
#2638=CARTESIAN_POINT('',(-0.0267904022433531,-0.0151358279842352,0.00638796972190495));
#2639=CARTESIAN_POINT('',(-0.026632522347297,-0.0153660053013388,0.00663721124951193));
#2640=CARTESIAN_POINT('',(-0.0263689711270409,-0.0157281290319762,0.0070619826419757));
#2641=CARTESIAN_POINT('',(-0.0261869935220584,-0.0159373909760376,0.00737227043974276));
#2642=CARTESIAN_POINT('',(-0.0260827426707054,-0.0160368594419641,0.00755863257282961));
#2643=CARTESIAN_POINT('',(-0.0299531948795355,-0.00915736958203811,0.00592919264978207));
#2644=CARTESIAN_POINT('',(-0.0260827426707053,-0.0160368594419641,0.0075586325728296));
#2645=CARTESIAN_POINT('',(-0.0260827426707053,-0.0160368594419641,0.00755863257282973));
#2646=CARTESIAN_POINT('',(-0.0260150630702263,-0.0161014343272079,0.00767961878956488));
#2647=CARTESIAN_POINT('',(-0.025903777114822,-0.0161820583773051,0.00786802202739049));
#2648=CARTESIAN_POINT('',(-0.0257440778317081,-0.0162268402654163,0.00811488244437511));
#2649=CARTESIAN_POINT('',(-0.0256706016616588,-0.0162040541845608,0.00827020627808091));
#2650=CARTESIAN_POINT('',(-0.0256920922897256,-0.0161680719543085,0.00833377497738506));
#2651=CARTESIAN_POINT('',(-0.0256920922897256,-0.0161680719543085,0.00833377497738506));
#2652=CARTESIAN_POINT('',(-0.0256920922897256,-0.0161680719543085,0.00833377497738506));
#2653=CARTESIAN_POINT('',(-0.0256975228220869,-0.0161589365553143,0.00835019362898438));
#2654=CARTESIAN_POINT('',(-0.0257046989429863,-0.0161484041079243,0.00836568029811532));
#2655=CARTESIAN_POINT('',(-0.0257151083061757,-0.0161382259954369,0.00837874137562551));
#2656=CARTESIAN_POINT('',(-0.0257151083061757,-0.0161382259954369,0.00837874137562551));
#2657=CARTESIAN_POINT('',(-0.0257151083061757,-0.0161382259954369,0.00837874137562551));
#2658=CARTESIAN_POINT('',(-0.0257325915445592,-0.016121112037431,0.00840044334905895));
#2659=CARTESIAN_POINT('',(-0.0257552733495642,-0.0161028043517757,0.00841685901848447));
#2660=CARTESIAN_POINT('',(-0.0257793694318906,-0.0160856271845065,0.00843079070045096));
#2661=CARTESIAN_POINT('',(-0.0257793694318906,-0.0160856271845065,0.00843079070045096));
#2662=CARTESIAN_POINT('',(-0.0257793694318906,-0.0160856271845065,0.00843079070045096));
#2663=CARTESIAN_POINT('',(-0.0259161259011769,-0.0159878544277518,0.00850828323815823));
#2664=CARTESIAN_POINT('',(-0.0262357863891964,-0.0157852022772563,0.00854808223447266));
#2665=CARTESIAN_POINT('',(-0.0267600255733779,-0.015272573716492,0.00853732490862637));
#2666=CARTESIAN_POINT('',(-0.0273144876804271,-0.0145572354026517,0.00835911091640092));
#2667=CARTESIAN_POINT('',(-0.0278901663502124,-0.0136975817238942,0.00805860002380709));
#2668=CARTESIAN_POINT('',(-0.0285850488905995,-0.0125264437275711,0.00757710350686177));
#2669=CARTESIAN_POINT('',(-0.0293258322512784,-0.0110164848805611,0.00687210205489185));
#2670=CARTESIAN_POINT('',(-0.0297691138128399,-0.00978303029598966,0.00625079512705387));
#2671=CARTESIAN_POINT('',(-0.0299531948795355,-0.00915736958203814,0.00592919264978209));
#2672=CARTESIAN_POINT('',(-0.14,0.00994112387648566,1.87706892383069E-6));
#2673=CARTESIAN_POINT('',(-0.14,0.0100355115741442,4.3184465771301E-6));
#2674=CARTESIAN_POINT('',(-0.14,0.00994390492546935,-1.09035007623596E-5));
#2675=CARTESIAN_POINT('',(-0.14,0.00978055249696612,-4.12168967400245E-5));
#2676=CARTESIAN_POINT('',(-0.14,0.00951150221735994,-9.02043477685601E-5));
#2677=CARTESIAN_POINT('',(-0.14,0.00930411422479851,-0.000127606759816017));
#2678=CARTESIAN_POINT('',(-0.14,0.00894868878033691,-0.0001905847869301));
#2679=CARTESIAN_POINT('',(-0.14,0.00840510779263069,-0.000283706230492537));
#2680=CARTESIAN_POINT('',(-0.14,0.00782461794953712,-0.00037889110567885));
#2681=CARTESIAN_POINT('',(-0.14,0.00706882063300074,-0.000496931406571684));
#2682=CARTESIAN_POINT('',(-0.14,0.00609102000851178,-0.000640480193534212));
#2683=CARTESIAN_POINT('',(-0.14,0.00487506664363201,-0.000804184044514638));
#2684=CARTESIAN_POINT('',(-0.14,0.00329636265012193,-0.000989326226037382));
#2685=CARTESIAN_POINT('',(-0.14,0.00179573913760359,-0.00113724934449713));
#2686=CARTESIAN_POINT('',(-0.14,0.000332477413503529,-0.00125316869818589));
#2687=CARTESIAN_POINT('',(-0.14,-0.000740660402177612,-0.00131572744228711));
#2688=CARTESIAN_POINT('',(-0.14,-0.00147959444354138,-0.00134843554128477));
#2689=CARTESIAN_POINT('',(-0.14,-0.00204832647415738,-0.00136926999856366));
#2690=CARTESIAN_POINT('',(-0.14,-0.00261342457902344,-0.00138341841073068));
#2691=CARTESIAN_POINT('',(-0.14,-0.00337385846455765,-0.00138713672352981));
#2692=CARTESIAN_POINT('',(-0.14,-0.00427694391110252,-0.00137267934285801));
#2693=CARTESIAN_POINT('',(-0.14,-0.0054416529576881,-0.00131626151402552));
#2694=CARTESIAN_POINT('',(-0.14,-0.00670500349782067,-0.00118804719791603));
#2695=CARTESIAN_POINT('',(-0.14,-0.00783564521275302,-0.00100294393504457));
#2696=CARTESIAN_POINT('',(-0.14,-0.00859592702028607,-0.000822099730196366));
#2697=CARTESIAN_POINT('',(-0.14,-0.00921197361848307,-0.000615934865927586));
#2698=CARTESIAN_POINT('',(-0.14,-0.00954842877706255,-0.00047157828034209));
#2699=CARTESIAN_POINT('',(-0.14,-0.00989544707505133,-0.000251595808055137));
#2700=CARTESIAN_POINT('',(-0.14,-0.0100362830443918,-3.04940019729372E-5));
#2701=CARTESIAN_POINT('',(-0.14,-0.00996368569941595,0.000164610562481503));
#2702=CARTESIAN_POINT('',(-0.14,-0.00975136180764413,0.0002998956377853));
#2703=CARTESIAN_POINT('',(-0.14,-0.00950504025501782,0.000389893593595364));
#2704=CARTESIAN_POINT('',(-0.14,-0.00930690633877341,0.000439910678281386));
#2705=CARTESIAN_POINT('',(-0.14,-0.00906116705518634,0.000491655628895364));
#2706=CARTESIAN_POINT('',(-0.14,-0.00855193104935924,0.000565852219635176));
#2707=CARTESIAN_POINT('',(-0.14,-0.00805161775150797,0.000605299412796353));
#2708=CARTESIAN_POINT('',(-0.14,-0.00745305374438453,0.000635198927902481));
#2709=CARTESIAN_POINT('',(-0.14,-0.00687124558688768,0.000651384417757332));
#2710=CARTESIAN_POINT('',(-0.14,-0.006346652769763,0.000656807478335185));
#2711=CARTESIAN_POINT('',(-0.14,-0.00564946503536953,0.000655226606790899));
#2712=CARTESIAN_POINT('',(-0.14,-0.00487050782804563,0.000644868269158527));
#2713=CARTESIAN_POINT('',(-0.14,-0.00415674413785393,0.000629451041137299));
#2714=CARTESIAN_POINT('',(-0.14,-0.00362107128510731,0.000615231746133013));
#2715=CARTESIAN_POINT('',(-0.14,-0.00320765718363673,0.000603876288411801));
#2716=CARTESIAN_POINT('',(-0.14,-0.00248284882362654,0.000582870970282648));
#2717=CARTESIAN_POINT('',(-0.14,-0.00166083691848974,0.000556272345262509));
#2718=CARTESIAN_POINT('',(-0.14,-0.000904719338130273,0.000528769423619909));
#2719=CARTESIAN_POINT('',(-0.14,-0.000220815566623107,0.000501557078034119));
#2720=CARTESIAN_POINT('',(-0.14,0.000397555605159063,0.000475263591978837));
#2721=CARTESIAN_POINT('',(-0.14,0.000926245393500219,0.000451842734232575));
#2722=CARTESIAN_POINT('',(-0.14,0.00126663684625062,0.000436409960743319));
#2723=CARTESIAN_POINT('',(-0.14,0.00155564268315311,0.000423074402569797));
#2724=CARTESIAN_POINT('',(-0.14,0.00173169486003484,0.000414880591215606));
#2725=CARTESIAN_POINT('',(-0.14,0.00211869492487422,0.000396724786931618));
#2726=CARTESIAN_POINT('',(-0.14,0.00270698535273146,0.000368638686780598));
#2727=CARTESIAN_POINT('',(-0.14,0.00351829562532265,0.000329291333006602));
#2728=CARTESIAN_POINT('',(-0.14,0.00430243441799206,0.000290751812883958));
#2729=CARTESIAN_POINT('',(-0.14,0.00492179272780174,0.000260077798972184));
#2730=CARTESIAN_POINT('',(-0.14,0.00547638795865905,0.000232538053334594));
#2731=CARTESIAN_POINT('',(-0.14,0.00614874944398262,0.000198993918599142));
#2732=CARTESIAN_POINT('',(-0.14,0.00689666436217204,0.000161408358978663));
#2733=CARTESIAN_POINT('',(-0.14,0.00754024263222115,0.000128809896319007));
#2734=CARTESIAN_POINT('',(-0.14,0.00806147680507095,0.000102166241899056));
#2735=CARTESIAN_POINT('',(-0.14,0.00838789804696049,8.53266012010465E-5));
#2736=CARTESIAN_POINT('',(-0.14,0.00856345528831855,7.62296518460956E-5));
#2737=CARTESIAN_POINT('',(-0.14,0.00867520300183023,7.04176533902666E-5));
#2738=CARTESIAN_POINT('',(-0.14,0.00873573466657542,6.72635874589514E-5));
#2739=CARTESIAN_POINT('',(-0.14,0.00884630690204327,6.14940457807201E-5));
#2740=CARTESIAN_POINT('',(-0.14,0.0090223452783514,5.23058425998058E-5));
#2741=CARTESIAN_POINT('',(-0.14,0.00934312740587723,3.54409282189449E-5));
#2742=CARTESIAN_POINT('',(-0.14,0.00969424861882447,1.74884678961294E-5));
#2743=CARTESIAN_POINT('',(-0.14,0.00994112387648566,1.87706892383069E-6));
#2744=CARTESIAN_POINT('',(-0.14,0.0100355115741442,4.3184465771301E-6));
#2745=CARTESIAN_POINT('',(-0.14,0.00994390492546935,-1.09035007623596E-5));
#2746=CARTESIAN_POINT('',(-0.14,0.00999999999999998,-5.42101086242752E-19));
#2747=CARTESIAN_POINT('',(-0.14,2.42617502940766E-6,-0.000364468248137618));
#2748=CARTESIAN_POINT('',(0.0249989543853487,-0.0162017782876124,-0.00837523801606332));
#2749=CARTESIAN_POINT('',(0.0399994216096212,-0.0155202979971498,-0.00739205225797705));
#2750=CARTESIAN_POINT('',(0.0783338061516252,-0.0137095670952948,-0.00482013460959855));
#2751=CARTESIAN_POINT('',(0.116666834198748,-0.0114038760674019,-0.00182366580559979));
#2752=CARTESIAN_POINT('',(0.14,-0.0100004108630839,2.73157323549612E-7));
#2753=CARTESIAN_POINT('',(0.0249989543853487,-0.0162010251202056,-0.00837618448067844));
#2754=CARTESIAN_POINT('',(0.0399994216096212,-0.0155194368623667,-0.00739288862777156));
#2755=CARTESIAN_POINT('',(0.0783338061516252,-0.0137084765569036,-0.00482073196426066));
#2756=CARTESIAN_POINT('',(0.116666834198748,-0.0114028889707236,-0.00182432711656762));
#2757=CARTESIAN_POINT('',(0.14,-0.00999948673097583,-4.27083600017674E-7));
#2758=CARTESIAN_POINT('',(0.0249989543853487,-0.0161953326468778,-0.00837434469725142));
#2759=CARTESIAN_POINT('',(0.0399994216096212,-0.0155139446763953,-0.00739130164690238));
#2760=CARTESIAN_POINT('',(0.0783338061516252,-0.0137035391157238,-0.00481982430065246));
#2761=CARTESIAN_POINT('',(0.116666834198748,-0.0113988132535098,-0.00182433681503284));
#2762=CARTESIAN_POINT('',(0.14,-0.00999593554180482,-9.95176808599877E-7));
#2763=CARTESIAN_POINT('',(0.0249989543853487,-0.016181868367162,-0.00836995975151283));
#2764=CARTESIAN_POINT('',(0.0399994216096212,-0.0155010422538737,-0.00738755712976566));
#2765=CARTESIAN_POINT('',(0.0783338061516252,-0.0136921536614034,-0.00481777201592464));
#2766=CARTESIAN_POINT('',(0.116666834198748,-0.0113895251772239,-0.00182437448482068));
#2767=CARTESIAN_POINT('',(0.14,-0.0099879241314104,-2.30499382078806E-6));
#2768=CARTESIAN_POINT('',(0.0249989543853487,-0.0161765705221832,-0.0083682369002032));
#2769=CARTESIAN_POINT('',(0.0399994216096212,-0.0154959757310311,-0.00738609109483364));
#2770=CARTESIAN_POINT('',(0.0783338061516252,-0.0136877079249954,-0.00481698139218096));
#2771=CARTESIAN_POINT('',(0.116666834198748,-0.0113859122506854,-0.00182439596347795));
#2772=CARTESIAN_POINT('',(0.14,-0.00998481813301606,-2.82079606620516E-6));
#2773=CARTESIAN_POINT('',(0.0249989543853487,-0.0161647843821787,-0.00836450771545968));
#2774=CARTESIAN_POINT('',(0.0399994216096212,-0.0154847161306255,-0.00738292935821128));
#2775=CARTESIAN_POINT('',(0.0783338061516252,-0.01367785755902,-0.00481531001690859));
#2776=CARTESIAN_POINT('',(0.116666834198748,-0.0113779264609833,-0.00182450271999552));
#2777=CARTESIAN_POINT('',(0.14,-0.00997796730367456,-4.00989452192105E-6));
#2778=CARTESIAN_POINT('',(0.0249989543853487,-0.0161582749170453,-0.00836248295312247));
#2779=CARTESIAN_POINT('',(0.0399994216096212,-0.0154785026096339,-0.00738121702384085));
#2780=CARTESIAN_POINT('',(0.0783338061516252,-0.0136724344984775,-0.00481441732039838));
#2781=CARTESIAN_POINT('',(0.116666834198748,-0.0113735382911978,-0.00182458143716226));
#2782=CARTESIAN_POINT('',(0.14,-0.00997420906788717,-4.67990743387802E-6));
#2783=CARTESIAN_POINT('',(0.0249989543853487,-0.0161231968251504,-0.00835169958300597));
#2784=CARTESIAN_POINT('',(0.0399994216096212,-0.0154450400082154,-0.00737211418653692));
#2785=CARTESIAN_POINT('',(0.0783338061516252,-0.0136432803596913,-0.00480971942661519));
#2786=CARTESIAN_POINT('',(0.116666834198748,-0.0113499805492873,-0.00182507737797994));
#2787=CARTESIAN_POINT('',(0.14,-0.00995405783109366,-8.33731526995831E-6));
#2788=CARTESIAN_POINT('',(0.0249989543853487,-0.0160870358997056,-0.00834096229993536));
#2789=CARTESIAN_POINT('',(0.0399994216096212,-0.0154106059384058,-0.00736310018724805));
#2790=CARTESIAN_POINT('',(0.0783338061516252,-0.0136134327732265,-0.00480521099564575));
#2791=CARTESIAN_POINT('',(0.116666834198748,-0.0113259602982139,-0.00182580166658289));
#2792=CARTESIAN_POINT('',(0.14,-0.00993358465651778,-1.2246740022968E-5));
#2793=CARTESIAN_POINT('',(0.0249989543853487,-0.01603123005466,-0.00832440328968272));
#2794=CARTESIAN_POINT('',(0.0399994216096212,-0.0153575121143481,-0.00734921195915932));
#2795=CARTESIAN_POINT('',(0.0783338061516252,-0.0135675255730199,-0.00479829533152612));
#2796=CARTESIAN_POINT('',(0.116666834198748,-0.0112890708837261,-0.00182691208394043));
#2797=CARTESIAN_POINT('',(0.14,-0.00990218433329297,-1.82426021100675E-5));
#2798=CARTESIAN_POINT('',(0.0249989543853487,-0.0160123750260802,-0.00831881004307631));
#2799=CARTESIAN_POINT('',(0.0399994216096212,-0.015339582435145,-0.00734452332185932));
#2800=CARTESIAN_POINT('',(0.0783338061516252,-0.0135520449786597,-0.00479596633757708));
#2801=CARTESIAN_POINT('',(0.116666834198748,-0.0112766426188461,-0.00182728522365435));
#2802=CARTESIAN_POINT('',(0.14,-0.00989161400955323,-2.02605201258028E-5));
#2803=CARTESIAN_POINT('',(0.0249989543853487,-0.0159758751767062,-0.00830791648999222));
#2804=CARTESIAN_POINT('',(0.0399994216096212,-0.0153048809625326,-0.00733538698392278));
#2805=CARTESIAN_POINT('',(0.0783338061516252,-0.0135220997099746,-0.00479141194833594));
#2806=CARTESIAN_POINT('',(0.116666834198748,-0.0112526009796559,-0.00182796599078381));
#2807=CARTESIAN_POINT('',(0.14,-0.00987116588678609,-2.41279066749585E-5));
#2808=CARTESIAN_POINT('',(0.0249989543853487,-0.0159581516241063,-0.00830259640711042));
#2809=CARTESIAN_POINT('',(0.0399994216096212,-0.0152880281441405,-0.00733092151924869));
#2810=CARTESIAN_POINT('',(0.0783338061516252,-0.0135075503264107,-0.00478917530863075));
#2811=CARTESIAN_POINT('',(0.116666834198748,-0.0112409147837672,-0.00182827874640772));
#2812=CARTESIAN_POINT('',(0.14,-0.00986122250215319,-2.5992469368054E-5));
#2813=CARTESIAN_POINT('',(0.0249989543853487,-0.0159059098688977,-0.00828684956742336));
#2814=CARTESIAN_POINT('',(0.0399994216096212,-0.0152383457885534,-0.00731769620585559));
#2815=CARTESIAN_POINT('',(0.0783338061516252,-0.0134646404512045,-0.0047825273244866));
#2816=CARTESIAN_POINT('',(0.116666834198748,-0.0112064360174623,-0.00182916283897024));
#2817=CARTESIAN_POINT('',(0.14,-0.00983187571920313,-3.14613078684442E-5));
#2818=CARTESIAN_POINT('',(0.0249989543853487,-0.0158723205688795,-0.00827663621957644));
#2819=CARTESIAN_POINT('',(0.0399994216096212,-0.0152063923509476,-0.00730910743776577));
#2820=CARTESIAN_POINT('',(0.0783338061516252,-0.0134370182350476,-0.00477817791501903));
#2821=CARTESIAN_POINT('',(0.116666834198748,-0.0111842232684069,-0.00182968000159967));
#2822=CARTESIAN_POINT('',(0.14,-0.00981295569183463,-3.49407340968428E-5));
#2823=CARTESIAN_POINT('',(0.0249989543853487,-0.0158211935693498,-0.00826107632763309));
#2824=CARTESIAN_POINT('',(0.0399994216096212,-0.0151577437771042,-0.00729601831787608));
#2825=CARTESIAN_POINT('',(0.0783338061516252,-0.0133949355543804,-0.00477153875166151));
#2826=CARTESIAN_POINT('',(0.116666834198748,-0.0111503675885115,-0.00183046223497841));
#2827=CARTESIAN_POINT('',(0.14,-0.00978410775546581,-4.02403429438522E-5));
#2828=CARTESIAN_POINT('',(0.0249989543853487,-0.0158040077544401,-0.00825584472349682));
#2829=CARTESIAN_POINT('',(0.0399994216096212,-0.0151413884178035,-0.00729161664944402));
#2830=CARTESIAN_POINT('',(0.0783338061516252,-0.0133807811554029,-0.00476930420175928));
#2831=CARTESIAN_POINT('',(0.116666834198748,-0.0111389771931143,-0.00183072518576714));
#2832=CARTESIAN_POINT('',(0.14,-0.00977439979834974,-4.20235127363847E-5));
#2833=CARTESIAN_POINT('',(0.0249989543853487,-0.0157690526563379,-0.00824521528800066));
#2834=CARTESIAN_POINT('',(0.0399994216096212,-0.0151081238637526,-0.0072826748989133));
#2835=CARTESIAN_POINT('',(0.0783338061516252,-0.0133519967333342,-0.00476476903093713));
#2836=CARTESIAN_POINT('',(0.116666834198748,-0.0111158167568862,-0.00183126640026585));
#2837=CARTESIAN_POINT('',(0.14,-0.00975466266053469,-4.5654703331354E-5));
#2838=CARTESIAN_POINT('',(0.0249989543853487,-0.0157513238710308,-0.00823982781885726));
#2839=CARTESIAN_POINT('',(0.0399994216096212,-0.0150912531604515,-0.00727814333302153));
#2840=CARTESIAN_POINT('',(0.0783338061516252,-0.013337399848521,-0.00476247211956148));
#2841=CARTESIAN_POINT('',(0.116666834198748,-0.0111040728867505,-0.00183154292943239));
#2842=CARTESIAN_POINT('',(0.14,-0.00974465540939025,-4.74976757952146E-5));
#2843=CARTESIAN_POINT('',(0.0249989543853487,-0.015697555237348,-0.00822349104582751));
#2844=CARTESIAN_POINT('',(0.0399994216096212,-0.0150400886166109,-0.00726440264061944));
#2845=CARTESIAN_POINT('',(0.0783338061516252,-0.0132931352923146,-0.00475550911205687));
#2846=CARTESIAN_POINT('',(0.116666834198748,-0.0110684621114976,-0.0018323826802212));
#2847=CARTESIAN_POINT('',(0.14,-0.00971431215710866,-5.30869353560471E-5));
#2848=CARTESIAN_POINT('',(0.0249989543853487,-0.015660933111211,-0.0082123673763416));
#2849=CARTESIAN_POINT('',(0.0399994216096212,-0.0150052423421338,-0.00725504751938237));
#2850=CARTESIAN_POINT('',(0.0783338061516252,-0.0132629937191544,-0.00475077074255028));
#2851=CARTESIAN_POINT('',(0.116666834198748,-0.0110442160415349,-0.0018329560651327));
#2852=CARTESIAN_POINT('',(0.14,-0.00969365465712323,-5.68935646222696E-5));
#2853=CARTESIAN_POINT('',(0.0249989543853487,-0.0156055210905099,-0.0081955086952593));
#2854=CARTESIAN_POINT('',(0.0399994216096212,-0.0149525194421015,-0.00724086715668317));
#2855=CARTESIAN_POINT('',(0.0783338061516252,-0.0132173940341583,-0.00474358145959962));
#2856=CARTESIAN_POINT('',(0.116666834198748,-0.0110075357717776,-0.00183380605922913));
#2857=CARTESIAN_POINT('',(0.14,-0.00966240360089849,-6.26370355405948E-5));
#2858=CARTESIAN_POINT('',(0.0249989543853487,-0.0155869772542709,-0.00818986196537983));
#2859=CARTESIAN_POINT('',(0.0399994216096212,-0.0149348760586677,-0.00723611719443777));
#2860=CARTESIAN_POINT('',(0.0783338061516252,-0.0132021356331659,-0.00474117214546855));
#2861=CARTESIAN_POINT('',(0.116666834198748,-0.0109952621791135,-0.00183408735870879));
#2862=CARTESIAN_POINT('',(0.14,-0.00965194684951091,-6.45561011108678E-5));
#2863=CARTESIAN_POINT('',(0.0249989543853487,-0.0155498088121145,-0.00817853100681511));
#2864=CARTESIAN_POINT('',(0.0399994216096212,-0.0148995116979708,-0.00722658433294503));
#2865=CARTESIAN_POINT('',(0.0783338061516252,-0.0131715497778249,-0.00473633259010143));
#2866=CARTESIAN_POINT('',(0.116666834198748,-0.0109706575179031,-0.0018346435589069));
#2867=CARTESIAN_POINT('',(0.14,-0.00963098291801713,-6.83966768368322E-5));
#2868=CARTESIAN_POINT('',(0.0249989543853487,-0.0155311742283457,-0.00817284421889033));
#2869=CARTESIAN_POINT('',(0.0399994216096212,-0.0148817813149816,-0.00722179934926651));
#2870=CARTESIAN_POINT('',(0.0783338061516252,-0.0131562144140347,-0.00473390148451129));
#2871=CARTESIAN_POINT('',(0.116666834198748,-0.0109583202808245,-0.00183491886312531));
#2872=CARTESIAN_POINT('',(0.14,-0.00962047062906342,-7.03193622303292E-5));
#2873=CARTESIAN_POINT('',(0.0249989543853487,-0.0154750827788363,-0.00815571046840783));
#2874=CARTESIAN_POINT('',(0.0399994216096212,-0.0148284107788698,-0.00720738095193867));
#2875=CARTESIAN_POINT('',(0.0783338061516252,-0.0131100510811934,-0.0047265707607024));
#2876=CARTESIAN_POINT('',(0.116666834198748,-0.0109211799590042,-0.0018357379587083));
#2877=CARTESIAN_POINT('',(0.14,-0.00958882257912728,-7.60992213326473E-5));
#2878=CARTESIAN_POINT('',(0.0249989543853487,-0.0154374382148926,-0.00814419011914195));
#2879=CARTESIAN_POINT('',(0.0399994216096212,-0.0147925912386034,-0.00719768409199706));
#2880=CARTESIAN_POINT('',(0.0783338061516252,-0.0130790658706716,-0.00472163373544516));
#2881=CARTESIAN_POINT('',(0.116666834198748,-0.0108962482636778,-0.00183627493300066));
#2882=CARTESIAN_POINT('',(0.14,-0.00956757563506983,-7.99681979632953E-5));
#2883=CARTESIAN_POINT('',(0.0249989543853487,-0.0153614533044297,-0.0081209032652235));
#2884=CARTESIAN_POINT('',(0.0399994216096212,-0.0147202883031726,-0.00717807964869001));
#2885=CARTESIAN_POINT('',(0.0783338061516252,-0.0130165164957768,-0.00471164167512779));
#2886=CARTESIAN_POINT('',(0.116666834198748,-0.0108459144919225,-0.00183733907909777));
#2887=CARTESIAN_POINT('',(0.14,-0.009524677453664,-8.77622141109685E-5));
#2888=CARTESIAN_POINT('',(0.0249989543853487,-0.0153230926588951,-0.00810913156697475));
#2889=CARTESIAN_POINT('',(0.0399994216096212,-0.0146837856154032,-0.00716816779472582));
#2890=CARTESIAN_POINT('',(0.0783338061516252,-0.0129849357107349,-0.00470658477726205));
#2891=CARTESIAN_POINT('',(0.116666834198748,-0.010820499182316,-0.00183786714666553));
#2892=CARTESIAN_POINT('',(0.14,-0.00950301504509099,-9.16898285210576E-5));
#2893=CARTESIAN_POINT('',(0.0249989543853487,-0.0152456391681469,-0.00808533214186615));
#2894=CARTESIAN_POINT('',(0.0399994216096212,-0.0146100833297903,-0.0071481255790634));
#2895=CARTESIAN_POINT('',(0.0783338061516252,-0.012921170498532,-0.00469635029790171));
#2896=CARTESIAN_POINT('',(0.116666834198748,-0.0107691802527437,-0.00183891428543575));
#2897=CARTESIAN_POINT('',(0.14,-0.00945927211958159,-9.96040445809395E-5));
#2898=CARTESIAN_POINT('',(0.0249989543853487,-0.0152065569484991,-0.00807330714422004));
#2899=CARTESIAN_POINT('',(0.0399994216096212,-0.0145728936313447,-0.00713799741221889));
#2900=CARTESIAN_POINT('',(0.0783338061516252,-0.0128889941152823,-0.00469117355988931));
#2901=CARTESIAN_POINT('',(0.116666834198748,-0.0107432828231953,-0.00183943295048331));
#2902=CARTESIAN_POINT('',(0.14,-0.00943719666484808,-0.0001035894794266));
#2903=CARTESIAN_POINT('',(0.0249989543853487,-0.0150883624728705,-0.00803688594123771));
#2904=CARTESIAN_POINT('',(0.0399994216096212,-0.0144604215127309,-0.00710731601716007));
#2905=CARTESIAN_POINT('',(0.0783338061516252,-0.0127916804976764,-0.00467547514842702));
#2906=CARTESIAN_POINT('',(0.116666834198748,-0.0106649538413837,-0.00184096854011849));
#2907=CARTESIAN_POINT('',(0.14,-0.0093704235573628,-0.000115615338824245));
#2908=CARTESIAN_POINT('',(0.0249989543853487,-0.015008343044083,-0.00801215398276851));
#2909=CARTESIAN_POINT('',(0.0399994216096212,-0.0143842745302802,-0.00708647445749529));
#2910=CARTESIAN_POINT('',(0.0783338061516252,-0.012725791526398,-0.0046647889349637));
#2911=CARTESIAN_POINT('',(0.116666834198748,-0.0106119115121967,-0.00184196333970366));
#2912=CARTESIAN_POINT('',(0.14,-0.00932520092949305,-0.000123720325839725));
#2913=CARTESIAN_POINT('',(0.0249989543853487,-0.0147647942785316,-0.00793664390493855));
#2914=CARTESIAN_POINT('',(0.0399994216096212,-0.0141525045491239,-0.00702281886795832));
#2915=CARTESIAN_POINT('',(0.0783338061516252,-0.0125252237352631,-0.00463207828636433));
#2916=CARTESIAN_POINT('',(0.116666834198748,-0.0104504232453228,-0.00184484969219594));
#2917=CARTESIAN_POINT('',(0.14,-0.00918750021777629,-0.000148274435115468));
#2918=CARTESIAN_POINT('',(0.0249989543853487,-0.0145976810795871,-0.00788452774587566));
#2919=CARTESIAN_POINT('',(0.0399994216096212,-0.0139934648707301,-0.00697885461223725));
#2920=CARTESIAN_POINT('',(0.0783338061516252,-0.0123875712132537,-0.00460939409114781));
#2921=CARTESIAN_POINT('',(0.116666834198748,-0.0103395591659695,-0.00184664706240418));
#2922=CARTESIAN_POINT('',(0.14,-0.00909294215978109,-0.000164973639439924));
#2923=CARTESIAN_POINT('',(0.0249989543853487,-0.0142550917432613,-0.00777699446273373));
#2924=CARTESIAN_POINT('',(0.0399994216096212,-0.0136674070047468,-0.00688807369079197));
#2925=CARTESIAN_POINT('',(0.0783338061516252,-0.0121053066442849,-0.00456234500646214));
#2926=CARTESIAN_POINT('',(0.116666834198748,-0.0101121520347956,-0.00184991463517706));
#2927=CARTESIAN_POINT('',(0.14,-0.00889892653866288,-0.000198868766853196));
#2928=CARTESIAN_POINT('',(0.0249989543853487,-0.0140795985427607,-0.00772157289950787));
#2929=CARTESIAN_POINT('',(0.0399994216096212,-0.0135003724539654,-0.00684125332891614));
#2930=CARTESIAN_POINT('',(0.0783338061516252,-0.0119606801401251,-0.00453797839147814));
#2931=CARTESIAN_POINT('',(0.116666834198748,-0.00999559727105175,-0.00185138559715154));
#2932=CARTESIAN_POINT('',(0.14,-0.00879945893465625,-0.000216066961915908));
#2933=CARTESIAN_POINT('',(0.0249989543853487,-0.0137210224456711,-0.00760758581270668));
#2934=CARTESIAN_POINT('',(0.0399994216096212,-0.0131590576791888,-0.00674488423139495));
#2935=CARTESIAN_POINT('',(0.0783338061516252,-0.0116650937103155,-0.00448760268578141));
#2936=CARTESIAN_POINT('',(0.116666834198748,-0.00975730329900202,-0.00185394155566995));
#2937=CARTESIAN_POINT('',(0.14,-0.0085960386598899,-0.000250842219565861));
#2938=CARTESIAN_POINT('',(0.0249989543853487,-0.0135379384047834,-0.00754901995889133));
#2939=CARTESIAN_POINT('',(0.0399994216096212,-0.0129847763435983,-0.00669533521385473));
#2940=CARTESIAN_POINT('',(0.0783338061516252,-0.0115141327678988,-0.00446159344437028));
#2941=CARTESIAN_POINT('',(0.116666834198748,-0.00963556324928076,-0.00185502658743721));
#2942=CARTESIAN_POINT('',(0.14,-0.00849208525445061,-0.000268419430546274));
#2943=CARTESIAN_POINT('',(0.0249989543853487,-0.0131648281692099,-0.00742886834868456));
#2944=CARTESIAN_POINT('',(0.0399994216096212,-0.0126295816605894,-0.00659360573179409));
#2945=CARTESIAN_POINT('',(0.0783338061516252,-0.0112064015749944,-0.00440795876572975));
#2946=CARTESIAN_POINT('',(0.116666834198748,-0.00938731206542104,-0.00185675692961257));
#2947=CARTESIAN_POINT('',(0.14,-0.00828003932187429,-0.000303850246597541));
#2948=CARTESIAN_POINT('',(0.0249989543853487,-0.0129748017425472,-0.00736728252013921));
#2949=CARTESIAN_POINT('',(0.0399994216096212,-0.0124486680937084,-0.00654142520676194));
#2950=CARTESIAN_POINT('',(0.0783338061516252,-0.0110496311377101,-0.0043803332981052));
#2951=CARTESIAN_POINT('',(0.116666834198748,-0.0092608007820559,-0.00185740224234822));
#2952=CARTESIAN_POINT('',(0.14,-0.00817194666837929,-0.000321703873914143));
#2953=CARTESIAN_POINT('',(0.0249989543853487,-0.0125883457413774,-0.00724118713224018));
#2954=CARTESIAN_POINT('',(0.0399994216096212,-0.0120807195599329,-0.00643450671586733));
#2955=CARTESIAN_POINT('',(0.0783338061516252,-0.010730716522498,-0.00432348246472119));
#2956=CARTESIAN_POINT('',(0.116666834198748,-0.00900334989657434,-0.00185820412944929));
#2957=CARTESIAN_POINT('',(0.14,-0.00795190851728441,-0.000357598748825058));
#2958=CARTESIAN_POINT('',(0.0249989543853487,-0.0123919150593401,-0.0071766772879238));
#2959=CARTESIAN_POINT('',(0.0399994216096212,-0.0118936835450542,-0.00637976851665419));
#2960=CARTESIAN_POINT('',(0.0783338061516252,-0.0105685714528016,-0.00429425699931461));
#2961=CARTESIAN_POINT('',(0.116666834198748,-0.0088724095878315,-0.00185836075079511));
#2962=CARTESIAN_POINT('',(0.14,-0.0078399624257535,-0.000375640132651351));
#2963=CARTESIAN_POINT('',(0.0249989543853487,-0.0117937000833086,-0.00697887410514048));
#2964=CARTESIAN_POINT('',(0.0399994216096212,-0.0113240390169696,-0.00621180223901467));
#2965=CARTESIAN_POINT('',(0.0783338061516252,-0.0100746256416498,-0.00420419374305126));
#2966=CARTESIAN_POINT('',(0.116666834198748,-0.00847337797469441,-0.00185802965954304));
#2967=CARTESIAN_POINT('',(0.14,-0.00749870471757505,-0.00042992866292617));
#2968=CARTESIAN_POINT('',(0.0249989543853487,-0.0113830174438643,-0.00684131354882172));
#2969=CARTESIAN_POINT('',(0.0399994216096212,-0.010932917375465,-0.00609482778403348));
#2970=CARTESIAN_POINT('',(0.0783338061516252,-0.0097353344000537,-0.00414097145249446));
#2971=CARTESIAN_POINT('',(0.116666834198748,-0.00819909203326492,-0.00185673998627602));
#2972=CARTESIAN_POINT('',(0.14,-0.00726398725074878,-0.000466337134088311));
#2973=CARTESIAN_POINT('',(0.0249989543853487,-0.0105408414354631,-0.00655522545213697));
#2974=CARTESIAN_POINT('',(0.0399994216096212,-0.0101307337189356,-0.00585118711771756));
#2975=CARTESIAN_POINT('',(0.0783338061516252,-0.00903912400923624,-0.00400817100315821));
#2976=CARTESIAN_POINT('',(0.116666834198748,-0.00763583600356141,-0.00185169144232755));
#2977=CARTESIAN_POINT('',(0.14,-0.00678166002604491,-0.000539050680475489));
#2978=CARTESIAN_POINT('',(0.0249989543853487,-0.0101093435404679,-0.00640669765157208));
#2979=CARTESIAN_POINT('',(0.0399994216096212,-0.00971966742352322,-0.00572452079610786));
#2980=CARTESIAN_POINT('',(0.0783338061516252,-0.00868220123083372,-0.00393859312608417));
#2981=CARTESIAN_POINT('',(0.116666834198748,-0.00734686310498828,-0.00184793330859705));
#2982=CARTESIAN_POINT('',(0.14,-0.00653404795631852,-0.000575356769757657));
#2983=CARTESIAN_POINT('',(0.0249989543853487,-0.00944817881883124,-0.00617585398767966));
#2984=CARTESIAN_POINT('',(0.0399994216096212,-0.00908971009889239,-0.00552736375441057));
#2985=CARTESIAN_POINT('',(0.0783338061516252,-0.0081349484730816,-0.00382940942709415));
#2986=CARTESIAN_POINT('',(0.116666834198748,-0.00690344082172583,-0.00184021329381587));
#2987=CARTESIAN_POINT('',(0.14,-0.00615382688099384,-0.000629397306831145));
#2988=CARTESIAN_POINT('',(0.0249989543853487,-0.00922549310767632,-0.00609757265762207));
#2989=CARTESIAN_POINT('',(0.0399994216096212,-0.0088775192457078,-0.00546045921851105));
#2990=CARTESIAN_POINT('',(0.0783338061516252,-0.00795057150266668,-0.0037922164334631));
#2991=CARTESIAN_POINT('',(0.116666834198748,-0.00675398825590007,-0.00183729357157283));
#2992=CARTESIAN_POINT('',(0.14,-0.00602563266506381,-0.000647339592224561));
#2993=CARTESIAN_POINT('',(0.0249989543853487,-0.00888813483073795,-0.005978138932226));
#2994=CARTESIAN_POINT('',(0.0399994216096212,-0.00855603430512371,-0.00535830949619796));
#2995=CARTESIAN_POINT('',(0.0783338061516252,-0.00767115618305085,-0.00373520685002344));
#2996=CARTESIAN_POINT('',(0.116666834198748,-0.00652740775262491,-0.00183236431983715));
#2997=CARTESIAN_POINT('',(0.14,-0.00583121250999385,-0.000674111436816031));
#2998=CARTESIAN_POINT('',(0.0249989543853487,-0.00877511337701886,-0.00593798733988599));
#2999=CARTESIAN_POINT('',(0.0399994216096212,-0.00844832640617276,-0.00532395640787737));
#3000=CARTESIAN_POINT('',(0.0783338061516252,-0.00757753123063715,-0.00371599778680124));
#3001=CARTESIAN_POINT('',(0.116666834198748,-0.00645147121948143,-0.00183062930176628));
#3002=CARTESIAN_POINT('',(0.14,-0.00576604284919573,-0.000683012802394083));
#3003=CARTESIAN_POINT('',(0.0249989543853487,-0.00854798762200823,-0.00585701451685626));
#3004=CARTESIAN_POINT('',(0.0399994216096212,-0.00823187030540936,-0.00525465279242641));
#3005=CARTESIAN_POINT('',(0.0783338061516252,-0.00738935415529084,-0.00367717114737604));
#3006=CARTESIAN_POINT('',(0.116666834198748,-0.00629881564994438,-0.00182697127659227));
#3007=CARTESIAN_POINT('',(0.14,-0.00563500908275596,-0.000700761776591861));
#3008=CARTESIAN_POINT('',(0.0249989543853487,-0.0084338942343785,-0.00581619731784063));
#3009=CARTESIAN_POINT('',(0.0399994216096212,-0.00812313248376948,-0.0052197057186645));
#3010=CARTESIAN_POINT('',(0.0783338061516252,-0.00729481100612359,-0.00365755552054056));
#3011=CARTESIAN_POINT('',(0.116666834198748,-0.00622210387288854,-0.00182504852803687));
#3012=CARTESIAN_POINT('',(0.14,-0.0055691511928866,-0.000709608614563854));
#3013=CARTESIAN_POINT('',(0.0249989543853487,-0.00820479660534756,-0.00573394774770921));
#3014=CARTESIAN_POINT('',(0.0399994216096212,-0.00790478018792215,-0.00514926013827457));
#3015=CARTESIAN_POINT('',(0.0783338061516252,-0.00710493910241578,-0.00361793968892946));
#3016=CARTESIAN_POINT('',(0.116666834198748,-0.00606801183680686,-0.00182101368519336));
#3017=CARTESIAN_POINT('',(0.14,-0.00543683822374011,-0.000727231781864122));
#3018=CARTESIAN_POINT('',(0.0249989543853487,-0.00808982359658463,-0.00569252692657095));
#3019=CARTESIAN_POINT('',(0.0399994216096212,-0.00779519520925147,-0.0051137714476313));
#3020=CARTESIAN_POINT('',(0.0783338061516252,-0.00700963532815541,-0.00359794484453457));
#3021=CARTESIAN_POINT('',(0.116666834198748,-0.00599065149901454,-0.0018189023219098));
#3022=CARTESIAN_POINT('',(0.14,-0.0053703999862744,-0.000736006024313606));
#3023=CARTESIAN_POINT('',(0.0249989543853487,-0.00791643795648355,-0.00562983781374223));
#3024=CARTESIAN_POINT('',(0.0399994216096212,-0.00762992725571376,-0.00506004097921885));
#3025=CARTESIAN_POINT('',(0.0783338061516252,-0.00686588433641008,-0.00356761361350906));
#3026=CARTESIAN_POINT('',(0.116666834198748,-0.00587393995188669,-0.00181558331748306));
#3027=CARTESIAN_POINT('',(0.14,-0.00527014724442689,-0.000749129257664566));
#3028=CARTESIAN_POINT('',(0.0249989543853487,-0.00785848699084169,-0.00560884794430353));
#3029=CARTESIAN_POINT('',(0.0399994216096212,-0.00757468822646245,-0.0050420474854113));
#3030=CARTESIAN_POINT('',(0.0783338061516252,-0.0068178337415665,-0.00355744649253021));
#3031=CARTESIAN_POINT('',(0.116666834198748,-0.00583492345655387,-0.0018144516251665));
#3032=CARTESIAN_POINT('',(0.14,-0.00523662977049906,-0.000753497395802395));
#3033=CARTESIAN_POINT('',(0.0249989543853487,-0.00774222080529513,-0.00556666058917584));
#3034=CARTESIAN_POINT('',(0.0399994216096212,-0.0074638604187741,-0.00500587601910208));
#3035=CARTESIAN_POINT('',(0.0783338061516252,-0.00672142145606261,-0.00353698838291557));
#3036=CARTESIAN_POINT('',(0.116666834198748,-0.00575662936407603,-0.00181213558650007));
#3037=CARTESIAN_POINT('',(0.14,-0.00516936415198829,-0.000762224365501821));
#3038=CARTESIAN_POINT('',(0.0249989543853487,-0.00768388923945298,-0.00554545707660668));
#3039=CARTESIAN_POINT('',(0.0399994216096212,-0.00740825592080589,-0.00498769282172387));
#3040=CARTESIAN_POINT('',(0.0783338061516252,-0.00667304575382461,-0.00352669429849282));
#3041=CARTESIAN_POINT('',(0.116666834198748,-0.00571734022995909,-0.00181095084250663));
#3042=CARTESIAN_POINT('',(0.14,-0.00513560597671634,-0.000766584441769265));
#3043=CARTESIAN_POINT('',(0.0249989543853487,-0.0075084168447164,-0.00548155865307683));
#3044=CARTESIAN_POINT('',(0.0399994216096212,-0.00724098530929772,-0.00493288734366478));
#3045=CARTESIAN_POINT('',(0.0783338061516252,-0.00652751570757276,-0.00349563947286599));
#3046=CARTESIAN_POINT('',(0.116666834198748,-0.00559913541307105,-0.00180731834284625));
#3047=CARTESIAN_POINT('',(0.14,-0.0050340339211776,-0.000779643805784379));
#3048=CARTESIAN_POINT('',(0.0249989543853487,-0.00739086284213741,-0.0054385997033462));
#3049=CARTESIAN_POINT('',(0.0399994216096212,-0.0071289230330831,-0.00489602945032699));
#3050=CARTESIAN_POINT('',(0.0783338061516252,-0.0064300100972067,-0.00347471724460678));
#3051=CARTESIAN_POINT('',(0.116666834198748,-0.00551992354805519,-0.00180479382364127));
#3052=CARTESIAN_POINT('',(0.14,-0.004965957388149,-0.000788317900870897));
#3053=CARTESIAN_POINT('',(0.0249989543853487,-0.00721491602126416,-0.00537407325002321));
#3054=CARTESIAN_POINT('',(0.0399994216096212,-0.00696119147451632,-0.00484064883751404));
#3055=CARTESIAN_POINT('',(0.0783338061516252,-0.00628405388441556,-0.00344322481640128));
#3056=CARTESIAN_POINT('',(0.116666834198748,-0.0054013297348235,-0.00180087811145791));
#3057=CARTESIAN_POINT('',(0.14,-0.0048640189616208,-0.000801188028992353));
#3058=CARTESIAN_POINT('',(0.0249989543853487,-0.00715633774291192,-0.00535255215343507));
#3059=CARTESIAN_POINT('',(0.0399994216096212,-0.006905347762728,-0.00482217511913828));
#3060=CARTESIAN_POINT('',(0.0783338061516253,-0.00623545826836477,-0.00343271050261493));
#3061=CARTESIAN_POINT('',(0.116666834198748,-0.00536184096486363,-0.00179955151945246));
#3062=CARTESIAN_POINT('',(0.14,-0.00483007349362771,-0.000805453967673131));
#3063=CARTESIAN_POINT('',(0.0249989543853487,-0.00703948514975921,-0.00530954468066403));
#3064=CARTESIAN_POINT('',(0.0399994216096212,-0.00679394769297502,-0.00478525102707872));
#3065=CARTESIAN_POINT('',(0.0783338061516253,-0.00613851050883476,-0.00341167564762232));
#3066=CARTESIAN_POINT('',(0.116666834198748,-0.00528305275385191,-0.0017968589521655));
#3067=CARTESIAN_POINT('',(0.14,-0.00476233892951109,-0.000813926279917305));
#3068=CARTESIAN_POINT('',(0.0249989543853487,-0.0069811921109689,-0.00528805153115687));
#3069=CARTESIAN_POINT('',(0.0399994216096212,-0.00673837340045142,-0.00476679481736331));
#3070=CARTESIAN_POINT('',(0.0783338061516252,-0.00609014255776381,-0.00340115173924418));
#3071=CARTESIAN_POINT('',(0.116666834198748,-0.00524374041596316,-0.00179549260491281));
#3072=CARTESIAN_POINT('',(0.14,-0.00472853870831587,-0.00081813410467662));
#3073=CARTESIAN_POINT('',(0.0249989543853487,-0.00680662937587507,-0.00522357413240713));
#3074=CARTESIAN_POINT('',(0.0399994216096212,-0.00657194827760647,-0.00471141827070548));
#3075=CARTESIAN_POINT('',(0.0783338061516252,-0.00594528740673726,-0.00336954633418491));
#3076=CARTESIAN_POINT('',(0.116666834198748,-0.00512599266660982,-0.00179133204248456));
#3077=CARTESIAN_POINT('',(0.14,-0.00462729112943966,-0.000830679111730414));
#3078=CARTESIAN_POINT('',(0.0249989543853487,-0.00669067594598181,-0.00518059189163032));
#3079=CARTESIAN_POINT('',(0.0399994216096212,-0.00646139506847099,-0.00467448997172989));
#3080=CARTESIAN_POINT('',(0.0783338061516252,-0.00584904873158441,-0.00334843111139699));
#3081=CARTESIAN_POINT('',(0.116666834198748,-0.00504774632597247,-0.00178847630571901));
#3082=CARTESIAN_POINT('',(0.14,-0.00455999665318114,-0.000838937853431889));
#3083=CARTESIAN_POINT('',(0.0249989543853487,-0.00645916847624575,-0.00509447458530163));
#3084=CARTESIAN_POINT('',(0.0399994216096212,-0.00624065935075622,-0.00460047683298813));
#3085=CARTESIAN_POINT('',(0.0783338061516252,-0.00565686685875533,-0.0033060351079675));
#3086=CARTESIAN_POINT('',(0.116666834198748,-0.00489146026427253,-0.00178259368804741));
#3087=CARTESIAN_POINT('',(0.14,-0.00442556023277792,-0.000855280792343172));
#3088=CARTESIAN_POINT('',(0.0249989543853487,-0.00634361988619961,-0.00505134145948094));
#3089=CARTESIAN_POINT('',(0.0399994216096212,-0.00613048259151142,-0.00456339385290948));
#3090=CARTESIAN_POINT('',(0.0783338061516252,-0.00556093001494724,-0.0032847558377648));
#3091=CARTESIAN_POINT('',(0.116666834198748,-0.0048134263498474,-0.0017795669329261));
#3092=CARTESIAN_POINT('',(0.14,-0.00435842376217348,-0.000863364272504086));
#3093=CARTESIAN_POINT('',(0.0249989543853487,-0.00611305706675357,-0.00496497342956882));
#3094=CARTESIAN_POINT('',(0.0399994216096212,-0.00591062960249123,-0.00448911569230246));
#3095=CARTESIAN_POINT('',(0.0783338061516252,-0.0053694676229365,-0.00324205828081537));
#3096=CARTESIAN_POINT('',(0.116666834198748,-0.00465766071574327,-0.00177334629050031));
#3097=CARTESIAN_POINT('',(0.14,-0.00422438660643997,-0.000879346986762029));
#3098=CARTESIAN_POINT('',(0.0249989543853487,-0.00599805068483151,-0.00492174137653596));
#3099=CARTESIAN_POINT('',(0.0399994216096212,-0.00580096090377594,-0.00445192297486467));
#3100=CARTESIAN_POINT('',(0.0783338061516252,-0.00527394875008166,-0.00322064143094427));
#3101=CARTESIAN_POINT('',(0.116666834198748,-0.00457993447874086,-0.00177015256526031));
#3102=CARTESIAN_POINT('',(0.14,-0.00415749067801312,-0.00088724560695094));
#3103=CARTESIAN_POINT('',(0.0249989543853487,-0.00576865361652816,-0.00483520713702068));
#3104=CARTESIAN_POINT('',(0.0399994216096212,-0.00558220125371807,-0.00437745251429759));
#3105=CARTESIAN_POINT('',(0.0783338061516252,-0.00508338872564509,-0.00317768430731104));
#3106=CARTESIAN_POINT('',(0.116666834198748,-0.00442483789349768,-0.00176360085823931));
#3107=CARTESIAN_POINT('',(0.14,-0.00402398055094289,-0.000902853736111738));
#3108=CARTESIAN_POINT('',(0.0249989543853487,-0.00565425207247512,-0.00479190100112724));
#3109=CARTESIAN_POINT('',(0.0399994216096212,-0.00547309997720989,-0.00434017139333638));
#3110=CARTESIAN_POINT('',(0.0783338061516252,-0.00498833865265622,-0.00315614214216477));
#3111=CARTESIAN_POINT('',(0.116666834198748,-0.00434746033465205,-0.00176024265574242));
#3112=CARTESIAN_POINT('',(0.14,-0.00395736018305339,-0.000910564041297071));
#3113=CARTESIAN_POINT('',(0.0249989543853487,-0.00531189407352949,-0.00466185249523913));
#3114=CARTESIAN_POINT('',(0.0399994216096212,-0.00514658962457958,-0.00422817942734146));
#3115=CARTESIAN_POINT('',(0.0783338061516252,-0.00470384182477542,-0.00309131943448928));
#3116=CARTESIAN_POINT('',(0.116666834198748,-0.00411581061006421,-0.00174992194588132));
#3117=CARTESIAN_POINT('',(0.14,-0.00375787828569105,-0.000933418486551275));
#3118=CARTESIAN_POINT('',(0.0249989543853487,-0.00508477291404475,-0.0045749759977251));
#3119=CARTESIAN_POINT('',(0.0399994216096212,-0.00492996335154849,-0.00415331657873504));
#3120=CARTESIAN_POINT('',(0.0783338061516252,-0.00451503950419784,-0.00304784088822255));
#3121=CARTESIAN_POINT('',(0.116666834198748,-0.00396201430061045,-0.00174271316718211));
#3122=CARTESIAN_POINT('',(0.14,-0.0036253899997148,-0.00094828697498538));
#3123=CARTESIAN_POINT('',(0.0249989543853487,-0.0046328530967003,-0.00440091370848536));
#3124=CARTESIAN_POINT('',(0.0399994216096212,-0.00449888932321139,-0.00400322819719375));
#3125=CARTESIAN_POINT('',(0.0783338061516252,-0.00413923375028817,-0.0029603834777964));
#3126=CARTESIAN_POINT('',(0.116666834198748,-0.00365575742060747,-0.00172764912856727));
#3127=CARTESIAN_POINT('',(0.14,-0.00336146725006438,-0.00097728850158778));
#3128=CARTESIAN_POINT('',(0.0249989543853487,-0.00440805033119877,-0.00431372640427315));
#3129=CARTESIAN_POINT('',(0.0399994216096212,-0.00428443759513614,-0.00392800134515094));
#3130=CARTESIAN_POINT('',(0.0783338061516252,-0.00395222672096977,-0.00291640381399052));
#3131=CARTESIAN_POINT('',(0.116666834198748,-0.00350329386061712,-0.00171979376930526));
#3132=CARTESIAN_POINT('',(0.14,-0.00323003016615079,-0.000991421866679639));
#3133=CARTESIAN_POINT('',(0.0249989543853487,-0.00328986400797929,-0.00387705377948952));
#3134=CARTESIAN_POINT('',(0.0399994216096212,-0.00321764621862246,-0.00355099462636221));
#3135=CARTESIAN_POINT('',(0.0783338061516252,-0.00302170903068205,-0.0026952814345165));
#3136=CARTESIAN_POINT('',(0.116666834198748,-0.00274433481403084,-0.00167891884796169));
#3137=CARTESIAN_POINT('',(0.14,-0.0025754982019542,-0.00106026287543797));
#3138=CARTESIAN_POINT('',(0.0249989543853487,-0.00241398154374318,-0.00352538383131105));
#3139=CARTESIAN_POINT('',(0.0399994216096212,-0.00238172655643773,-0.00324661910984372));
#3140=CARTESIAN_POINT('',(0.0783338061516252,-0.00229176789202767,-0.00251448313321118));
#3141=CARTESIAN_POINT('',(0.116666834198748,-0.0021479313065014,-0.00164111546405937));
#3142=CARTESIAN_POINT('',(0.14,-0.0020603785336225,-0.00110949994428566));
#3143=CARTESIAN_POINT('',(0.0249989543853487,-0.000701779670203489,-0.00281864082496933));
#3144=CARTESIAN_POINT('',(0.0399994216096212,-0.000747053604429745,-0.00263344673168006));
#3145=CARTESIAN_POINT('',(0.0783338061516252,-0.000862730749590055,-0.0021458339997192));
#3146=CARTESIAN_POINT('',(0.116666834198748,-0.000978242950454222,-0.00155561727145451));
#3147=CARTESIAN_POINT('',(0.14,-0.00104855478002108,-0.00119635463344056));
#3148=CARTESIAN_POINT('',(0.0249989543853487,0.000134542177365863,-0.00246355983751095));
#3149=CARTESIAN_POINT('',(0.0399994216096212,5.17022208438858E-5,-0.0023246424774587));
#3150=CARTESIAN_POINT('',(0.0783338061516252,-0.000163631963558157,-0.00195797718659112));
#3151=CARTESIAN_POINT('',(0.116666834198748,-0.000404955084071742,-0.00150791817981024));
#3152=CARTESIAN_POINT('',(0.14,-0.00055184753346804,-0.00123396900437188));
#3153=CARTESIAN_POINT('',(0.0249989543853487,0.0013572328838582,-0.00192924326617744));
#3154=CARTESIAN_POINT('',(0.0399994216096212,0.00121993777334799,-0.00185886251796012));
#3155=CARTESIAN_POINT('',(0.0783338061516252,0.000860114589561747,-0.0016713449721619));
#3156=CARTESIAN_POINT('',(0.116666834198748,0.00043619254633482,-0.00142904598273354));
#3157=CARTESIAN_POINT('',(0.14,0.000178152839446556,-0.001281559525706));
#3158=CARTESIAN_POINT('',(0.0249989543853487,0.00175949240689604,-0.00175085539906837));
#3159=CARTESIAN_POINT('',(0.0399994216096212,0.00160436152779197,-0.00170317360038907));
#3160=CARTESIAN_POINT('',(0.0783338061516252,0.00119720890452525,-0.00157499261664725));
#3161=CARTESIAN_POINT('',(0.116666834198748,0.000713441119963552,-0.00140153369868776));
#3162=CARTESIAN_POINT('',(0.14,0.000418973541962509,-0.00129594992671235));
#3163=CARTESIAN_POINT('',(0.0249989543853487,0.00235461467240207,-0.00148296548125461));
#3164=CARTESIAN_POINT('',(0.0399994216096212,0.00217321853358405,-0.00146909598144207));
#3165=CARTESIAN_POINT('',(0.0783338061516252,0.00169636044887424,-0.00142930838110504));
#3166=CARTESIAN_POINT('',(0.116666834198748,0.00112440313942026,-0.00135844066830942));
#3167=CARTESIAN_POINT('',(0.14,0.000776254938961847,-0.00131530376582985));
#3168=CARTESIAN_POINT('',(0.0249989543853487,0.0025516106015725,-0.00139361757662616));
#3169=CARTESIAN_POINT('',(0.0399994216096212,0.00236154077688339,-0.00139097948112184));
#3170=CARTESIAN_POINT('',(0.0783338061516252,0.00186166233051159,-0.00138055440746226));
#3171=CARTESIAN_POINT('',(0.116666834198748,0.00126057173529142,-0.00134377222102919));
#3172=CARTESIAN_POINT('',(0.14,0.000894690216549839,-0.00132138304651576));
#3173=CARTESIAN_POINT('',(0.0249989543853487,0.00294278457914781,-0.00121484277882447));
#3174=CARTESIAN_POINT('',(0.0399994216096212,0.00273553307876611,-0.00123458548581699));
#3175=CARTESIAN_POINT('',(0.0783338061516252,0.0021900511524593,-0.00128267303784317));
#3176=CARTESIAN_POINT('',(0.116666834198748,0.00153122996211606,-0.00131382903762406));
#3177=CARTESIAN_POINT('',(0.14,0.00113020805357391,-0.00133279357409891));
#3178=CARTESIAN_POINT('',(0.0249989543853487,0.00313698022345014,-0.00112540690083363));
#3179=CARTESIAN_POINT('',(0.0399994216096212,0.00292122002600818,-0.00115630004891429));
#3180=CARTESIAN_POINT('',(0.0783338061516252,0.00235315309064414,-0.00123354043904027));
#3181=CARTESIAN_POINT('',(0.116666834198748,0.00166573210339875,-0.00129855236658997));
#3182=CARTESIAN_POINT('',(0.14,0.00124730160918005,-0.00133812487525564));
#3183=CARTESIAN_POINT('',(0.0249989543853487,0.00352246107525363,-0.000946495329836385));
#3184=CARTESIAN_POINT('',(0.0399994216096212,0.00328985306603005,-0.000999602379232599));
#3185=CARTESIAN_POINT('',(0.0783338061516252,0.00267706375169558,-0.00113492293223077));
#3186=CARTESIAN_POINT('',(0.116666834198748,0.00193299286397275,-0.00126739809817879));
#3187=CARTESIAN_POINT('',(0.14,0.00148007979460138,-0.00134803521893569));
#3188=CARTESIAN_POINT('',(0.0249989543853487,0.00371371047439382,-0.000857037931534874));
#3189=CARTESIAN_POINT('',(0.0399994216096212,0.0034727654239972,-0.000921205993933185));
#3190=CARTESIAN_POINT('',(0.0783338061516252,0.00283784407360146,-0.00108544764322511));
#3191=CARTESIAN_POINT('',(0.116666834198748,0.00206572866501995,-0.00125152407415175));
#3192=CARTESIAN_POINT('',(0.14,0.00159574500435044,-0.00135261415484477));
#3193=CARTESIAN_POINT('',(0.0249989543853487,0.00399861202982943,-0.000722708664009646));
#3194=CARTESIAN_POINT('',(0.0399994216096212,0.00374527953467752,-0.000803416226968302));
#3195=CARTESIAN_POINT('',(0.0783338061516252,0.00307747185926582,-0.00101090485158028));
#3196=CARTESIAN_POINT('',(0.116666834198748,0.00226367205692241,-0.00122723611925269));
#3197=CARTESIAN_POINT('',(0.14,0.00176831526711281,-0.00135891612455752));
#3198=CARTESIAN_POINT('',(0.0249989543853487,0.00409321335531548,-0.000677927301467771));
#3199=CARTESIAN_POINT('',(0.0399994216096212,0.00383577273417695,-0.000764137243103409));
#3200=CARTESIAN_POINT('',(0.0783338061516252,0.00315705853058475,-0.000986013469010772));
#3201=CARTESIAN_POINT('',(0.116666834198748,0.0023294327956102,-0.00121906480452191));
#3202=CARTESIAN_POINT('',(0.14,0.00182566021412239,-0.00136092225040381));
#3203=CARTESIAN_POINT('',(0.0249989543853487,0.00428137206385328,-0.000588513046506924));
#3204=CARTESIAN_POINT('',(0.0399994216096212,0.00401577046324011,-0.000685687397937788));
#3205=CARTESIAN_POINT('',(0.0783338061516252,0.00331538950451965,-0.000936233613201547));
#3206=CARTESIAN_POINT('',(0.116666834198748,0.00246029433655263,-0.00120260482456498));
#3207=CARTESIAN_POINT('',(0.14,0.00193980121752492,-0.00136474394991096));
#3208=CARTESIAN_POINT('',(0.0249989543853487,0.00437488064833084,-0.000543908181220665));
#3209=CARTESIAN_POINT('',(0.0399994216096212,0.00410522920829081,-0.000646540837432927));
#3210=CARTESIAN_POINT('',(0.0783338061516252,0.00339409572348346,-0.000911360035194876));
#3211=CARTESIAN_POINT('',(0.116666834198748,0.00252536474349848,-0.00119432248846605));
#3212=CARTESIAN_POINT('',(0.14,0.00199657155847393,-0.00136656063854354));
#3213=CARTESIAN_POINT('',(0.0249989543853487,0.00451509634499889,-0.000476675204964661));
#3214=CARTESIAN_POINT('',(0.0399994216096212,0.00423938497308896,-0.000587511516493961));
#3215=CARTESIAN_POINT('',(0.0783338061516252,0.00351216075385908,-0.000873783735281702));
#3216=CARTESIAN_POINT('',(0.116666834198748,0.00262301527516731,-0.00118169199798401));
#3217=CARTESIAN_POINT('',(0.14,0.00208179586379588,-0.00136911456570751));
#3218=CARTESIAN_POINT('',(0.0249989543853487,0.00456182963741197,-0.000454208458476626));
#3219=CARTESIAN_POINT('',(0.0399994216096212,0.00428410068477454,-0.000567782169139015));
#3220=CARTESIAN_POINT('',(0.0783338061516252,0.00355151902505135,-0.000861213049335826));
#3221=CARTESIAN_POINT('',(0.116666834198748,0.00265557494478683,-0.00117744693977291));
#3222=CARTESIAN_POINT('',(0.14,0.00211021725095259,-0.00136993728487355));
#3223=CARTESIAN_POINT('',(0.0249989543853487,0.00465541434777269,-0.000409087041455226));
#3224=CARTESIAN_POINT('',(0.0399994216096212,0.00437364936983325,-0.000528149941139177));
#3225=CARTESIAN_POINT('',(0.0783338061516252,0.00363035021059056,-0.000835936033494819));
#3226=CARTESIAN_POINT('',(0.116666834198748,0.00272080336813307,-0.00116886703270256));
#3227=CARTESIAN_POINT('',(0.14,0.00216716572560255,-0.00137152084328442));
#3228=CARTESIAN_POINT('',(0.0249989543853487,0.00470225658530415,-0.000386437560441605));
#3229=CARTESIAN_POINT('',(0.0399994216096212,0.00441847334910398,-0.000508251771571933));
#3230=CARTESIAN_POINT('',(0.0783338061516252,0.00366981469017006,-0.00082323310217332));
#3231=CARTESIAN_POINT('',(0.116666834198748,0.00275346484179347,-0.00116453362718955));
#3232=CARTESIAN_POINT('',(0.14,0.00219568623589157,-0.00137228193573611));
#3233=CARTESIAN_POINT('',(0.0249989543853487,0.00484287455313586,-0.000318250696673829));
#3234=CARTESIAN_POINT('',(0.0399994216096212,0.00455303833199949,-0.000448335581918092));
#3235=CARTESIAN_POINT('',(0.0783338061516252,0.00378830563310609,-0.000784946604050678));
#3236=CARTESIAN_POINT('',(0.116666834198748,0.0028515504035693,-0.0011514082511792));
#3237=CARTESIAN_POINT('',(0.14,0.00228135112113583,-0.00137447203736739));
#3238=CARTESIAN_POINT('',(0.0249989543853487,0.00493673450151316,-0.000272478565922685));
#3239=CARTESIAN_POINT('',(0.0399994216096212,0.00464286551914939,-0.000408099187012293));
#3240=CARTESIAN_POINT('',(0.0783338061516252,0.00386742324301649,-0.000759187642912573));
#3241=CARTESIAN_POINT('',(0.116666834198748,0.0029170701734226,-0.00114249200929021));
#3242=CARTESIAN_POINT('',(0.14,0.0023385939383779,-0.00137580789349425));
#3243=CARTESIAN_POINT('',(0.0249989543853487,0.00512441835882345,-0.00018043058061145));
#3244=CARTESIAN_POINT('',(0.0399994216096212,0.00482250135214309,-0.000327150763347862));
#3245=CARTESIAN_POINT('',(0.0783338061516252,0.00402568541614249,-0.000707268269211565));
#3246=CARTESIAN_POINT('',(0.116666834198748,0.00304818772184783,-0.00112434940849143));
#3247=CARTESIAN_POINT('',(0.14,0.0024531886588132,-0.00137822508362538));
#3248=CARTESIAN_POINT('',(0.0249989543853487,0.00521826775527022,-0.000134141407753361));
#3249=CARTESIAN_POINT('',(0.0399994216096212,0.00491233452940234,-0.00028642691345864));
#3250=CARTESIAN_POINT('',(0.0783338061516252,0.00410485193220198,-0.000681099986614509));
#3251=CARTESIAN_POINT('',(0.116666834198748,0.003113803907169,-0.00111512002511302));
#3252=CARTESIAN_POINT('',(0.14,0.00251055681026159,-0.00137930634263801));
#3253=CARTESIAN_POINT('',(0.0249989543853487,0.00540605380393765,-4.09808498038386E-5));
#3254=CARTESIAN_POINT('',(0.0399994216096212,0.00509210112790956,-0.000204433313028534));
#3255=CARTESIAN_POINT('',(0.0783338061516253,0.00426331861507227,-0.000628313299082013));
#3256=CARTESIAN_POINT('',(0.116666834198748,0.00324520487110889,-0.00109632825279052));
#3257=CARTESIAN_POINT('',(0.14,0.00262548297584856,-0.00138120714362382));
#3258=CARTESIAN_POINT('',(0.0249989543853487,0.00549999585484991,5.89331042079449E-6));
#3259=CARTESIAN_POINT('',(0.0399994216096212,0.00518203966678459,-0.00016316114168312));
#3260=CARTESIAN_POINT('',(0.0783338061516252,0.00434262316900281,-0.000601693383590387));
#3261=CARTESIAN_POINT('',(0.116666834198748,0.00331099321882045,-0.00108676529746219));
#3262=CARTESIAN_POINT('',(0.14,0.00268304406115018,-0.00138202669392655));
#3263=CARTESIAN_POINT('',(0.0249989543853487,0.00596988963708983,0.000241738687322073));
#3264=CARTESIAN_POINT('',(0.0399994216096212,0.00563195028218166,4.45831290410843E-5));
#3265=CARTESIAN_POINT('',(0.0783338061516252,0.00473945262711842,-0.000467450683785887));
#3266=CARTESIAN_POINT('',(0.116666834198748,0.00364033666206591,-0.00103810008833957));
#3267=CARTESIAN_POINT('',(0.14,0.00297130902835416,-0.00138545217214752));
#3268=CARTESIAN_POINT('',(0.0249989543853487,0.00634632575664755,0.000435091634603831));
#3269=CARTESIAN_POINT('',(0.0399994216096212,0.00599251312445132,0.000215168276343439));
#3270=CARTESIAN_POINT('',(0.0783338061516252,0.00505784289895142,-0.000356423353620462));
#3271=CARTESIAN_POINT('',(0.116666834198748,0.00390505139096039,-0.000996458274122401));
#3272=CARTESIAN_POINT('',(0.14,0.00320335166201742,-0.0013860450529259));
#3273=CARTESIAN_POINT('',(0.0249989543853487,0.00691134002084505,0.000732701944407321));
#3274=CARTESIAN_POINT('',(0.0399994216096212,0.00653392941272031,0.000478176871399861));
#3275=CARTESIAN_POINT('',(0.0783338061516252,0.0055365489970312,-0.000183938876752854));
#3276=CARTESIAN_POINT('',(0.116666834198748,0.00430384322020901,-0.000929506760560286));
#3277=CARTESIAN_POINT('',(0.14,0.00355349998514304,-0.00138333104565411));
#3278=CARTESIAN_POINT('',(0.0249989543853487,0.0070997446345532,0.000833174149854518));
#3279=CARTESIAN_POINT('',(0.0399994216096212,0.00671450313451112,0.000567039658733316));
#3280=CARTESIAN_POINT('',(0.0783338061516252,0.00569631017193787,-0.00012545003030905));
#3281=CARTESIAN_POINT('',(0.116666834198748,0.00443706538168235,-0.000906439573736403));
#3282=CARTESIAN_POINT('',(0.14,0.00367056795186088,-0.00138182488593852));
#3283=CARTESIAN_POINT('',(0.0249989543853487,0.00738235144267704,0.000985843335612494));
#3284=CARTESIAN_POINT('',(0.0399994216096212,0.00698542371783162,0.00070218112378444));
#3285=CARTESIAN_POINT('',(0.0783338061516252,0.00593616785604534,-3.61692951892324E-5));
#3286=CARTESIAN_POINT('',(0.116666834198748,0.00463728691553073,-0.000870659297011476));
#3287=CARTESIAN_POINT('',(0.14,0.00384666311446141,-0.00137861013116079));
#3288=CARTESIAN_POINT('',(0.0249989543853487,0.00747655233708666,0.00103705914780633));
#3289=CARTESIAN_POINT('',(0.0399994216096212,0.00707573932136499,0.000747535539904184));
#3290=CARTESIAN_POINT('',(0.0783338061516252,0.00601615539600443,-6.15148614939417E-6));
#3291=CARTESIAN_POINT('',(0.116666834198748,0.00470409136493221,-0.000858536085499355));
#3292=CARTESIAN_POINT('',(0.14,0.00390544306766667,-0.00137737929190133));
#3293=CARTESIAN_POINT('',(0.0249989543853487,0.00766497179485468,0.00114017600189131));
#3294=CARTESIAN_POINT('',(0.0399994216096212,0.00725640827823749,0.000838889421408742));
#3295=CARTESIAN_POINT('',(0.0783338061516252,0.00617622023948334,5.4423119343887E-5));
#3296=CARTESIAN_POINT('',(0.116666834198748,0.00483784702118157,-0.000833880912429514));
#3297=CARTESIAN_POINT('',(0.14,0.00402318442348122,-0.00137458813831862));
#3298=CARTESIAN_POINT('',(0.0249989543853487,0.00775920105465429,0.00119208321356572));
#3299=CARTESIAN_POINT('',(0.0399994216096212,0.00734677192004557,0.000884894383020792));
#3300=CARTESIAN_POINT('',(0.0783338061516252,0.00625630673890799,8.49836419133144E-5));
#3301=CARTESIAN_POINT('',(0.116666834198748,0.00490480597381076,-0.000821347344070531));
#3302=CARTESIAN_POINT('',(0.14,0.00408215268918722,-0.00137302750721277));
#3303=CARTESIAN_POINT('',(0.0249989543853487,0.00794762572330009,0.00129657446090145));
#3304=CARTESIAN_POINT('',(0.0399994216096212,0.00752748773465643,0.000977542774113274));
#3305=CARTESIAN_POINT('',(0.0783338061516252,0.0064165264928958,0.00014664198128331));
#3306=CARTESIAN_POINT('',(0.116666834198748,0.00503883619861183,-0.0007958666445138));
#3307=CARTESIAN_POINT('',(0.14,0.00420024144894098,-0.00136956799698194));
#3308=CARTESIAN_POINT('',(0.0249989543853487,0.00804180603685598,0.0013491496944618));
#3309=CARTESIAN_POINT('',(0.0399994216096212,0.00761782531110358,0.00102417831236442));
#3310=CARTESIAN_POINT('',(0.0783338061516252,0.00649664651011772,0.000177734326580955));
#3311=CARTESIAN_POINT('',(0.116666834198748,0.00510589619324924,-0.000782921907176168));
#3312=CARTESIAN_POINT('',(0.14,0.00425935185838106,-0.00136766963836781));
#3313=CARTESIAN_POINT('',(0.0249989543853487,0.00823001874979295,0.00145493286860274));
#3314=CARTESIAN_POINT('',(0.0399994216096212,0.00779838102166682,0.00111805029498877));
#3315=CARTESIAN_POINT('',(0.0783338061516252,0.00665684122857584,0.000240435596836972));
#3316=CARTESIAN_POINT('',(0.116666834198748,0.00524005475982684,-0.000756622057777176));
#3317=CARTESIAN_POINT('',(0.14,0.00437766232008397,-0.0013635271929499));
#3318=CARTESIAN_POINT('',(0.0249989543853487,0.00832408475735767,0.00150816064030594));
#3319=CARTESIAN_POINT('',(0.0399994216096212,0.00788863165087607,0.0011653045205531));
#3320=CARTESIAN_POINT('',(0.0783338061516252,0.00673694538907723,0.000272056862136385));
#3321=CARTESIAN_POINT('',(0.116666834198748,0.00530717838656564,-0.000743261492648026));
#3322=CARTESIAN_POINT('',(0.14,0.00443688474616367,-0.0013612818453349));
#3323=CARTESIAN_POINT('',(0.0249989543853487,0.00846544336630592,0.00158871292159682));
#3324=CARTESIAN_POINT('',(0.0399994216096212,0.00802427466578656,0.00123684776165653));
#3325=CARTESIAN_POINT('',(0.0783338061516252,0.00685738721726479,0.000320022186867704));
#3326=CARTESIAN_POINT('',(0.116666834198748,0.00540816376129242,-0.000722844079158975));
#3327=CARTESIAN_POINT('',(0.14,0.00452602705297662,-0.00135763273879263));
#3328=CARTESIAN_POINT('',(0.0249989543853487,0.00851262369909105,0.00161569238889461));
#3329=CARTESIAN_POINT('',(0.0399994216096212,0.00806955045413872,0.00126081502432882));
#3330=CARTESIAN_POINT('',(0.0783338061516252,0.00689759741712871,0.000336105892146843));
#3331=CARTESIAN_POINT('',(0.116666834198748,0.00544188854422648,-0.000715972724350625));
#3332=CARTESIAN_POINT('',(0.14,0.0045558041877278,-0.00135636890605872));
#3333=CARTESIAN_POINT('',(0.0249989543853487,0.00860701194570842,0.00166985683067669));
#3334=CARTESIAN_POINT('',(0.0399994216096212,0.00816013313383517,0.00130894161209586));
#3335=CARTESIAN_POINT('',(0.0783338061516252,0.00697805826856416,0.000368430328500988));
#3336=CARTESIAN_POINT('',(0.116666834198748,0.00550939040205014,-0.000702112875432843));
#3337=CARTESIAN_POINT('',(0.14,0.00461541795629878,-0.0013537483800448));
#3338=CARTESIAN_POINT('',(0.0249989543853487,0.0086542052780274,0.00169703324734946));
#3339=CARTESIAN_POINT('',(0.0399994216096212,0.0082054261856386,0.00133309341746152));
#3340=CARTESIAN_POINT('',(0.0783338061516252,0.00701829700628582,0.000384666203231945));
#3341=CARTESIAN_POINT('',(0.116666834198748,0.00554315770014507,-0.000695126499113631));
#3342=CARTESIAN_POINT('',(0.14,0.00464524611414114,-0.00135239213760789));
#3343=CARTESIAN_POINT('',(0.0249989543853487,0.00874838458129654,0.00175145693758207));
#3344=CARTESIAN_POINT('',(0.0399994216096212,0.00829581824733524,0.0013814696513732));
#3345=CARTESIAN_POINT('',(0.0783338061516252,0.00709861575119037,0.000417215240483324));
#3346=CARTESIAN_POINT('',(0.116666834198748,0.00561057798458843,-0.000681070715373675));
#3347=CARTESIAN_POINT('',(0.14,0.00470481515562629,-0.00134959312570074));
#3348=CARTESIAN_POINT('',(0.0249989543853487,0.00879537055224669,0.00177870421114193));
#3349=CARTESIAN_POINT('',(0.0399994216096212,0.00834091725722844,0.00140569407991923));
#3350=CARTESIAN_POINT('',(0.0783338061516253,0.00713869575837326,0.000433528403003746));
#3351=CARTESIAN_POINT('',(0.116666834198748,0.00564423097093687,-0.000674001307952932));
#3352=CARTESIAN_POINT('',(0.14,0.00473455603926909,-0.00134815035623048));
#3353=CARTESIAN_POINT('',(0.0249989543853487,0.00888892935338866,0.00183315208047237));
#3354=CARTESIAN_POINT('',(0.0399994216096212,0.00843072376928397,0.00145411116040775));
#3355=CARTESIAN_POINT('',(0.0783338061516253,0.00721852168765353,0.000466161990515743));
#3356=CARTESIAN_POINT('',(0.116666834198748,0.00571127558177451,-0.000659809334629031));
#3357=CARTESIAN_POINT('',(0.14,0.00479382071104181,-0.00134518372208314));
#3358=CARTESIAN_POINT('',(0.0249989543853487,0.00893548348048371,0.00186034207013549));
#3359=CARTESIAN_POINT('',(0.0399994216096212,0.00847541339431256,0.00147829443540771));
#3360=CARTESIAN_POINT('',(0.0783338061516252,0.0072582519140186,0.00048247623234375));
#3361=CARTESIAN_POINT('',(0.116666834198748,0.00574465419717139,-0.000652689381882694));
#3362=CARTESIAN_POINT('',(0.14,0.00482333312542678,-0.00134366029751359));
#3363=CARTESIAN_POINT('',(0.0249989543853487,0.00907447609641161,0.00194181222694418));
#3364=CARTESIAN_POINT('',(0.0399994216096212,0.00860884912010251,0.00155077130049073));
#3365=CARTESIAN_POINT('',(0.0783338061516252,0.00737690597315901,0.000531415621559171));
#3366=CARTESIAN_POINT('',(0.116666834198748,0.0058443710973681,-0.000631256072393597));
#3367=CARTESIAN_POINT('',(0.14,0.00491152305027223,-0.00133896983228943));
#3368=CARTESIAN_POINT('',(0.0249989543853487,0.00916627352890814,0.00199600890431427));
#3369=CARTESIAN_POINT('',(0.0399994216096212,0.00869698890732105,0.00159900602277116));
#3370=CARTESIAN_POINT('',(0.0783338061516252,0.0074553152672849,0.000564045920731207));
#3371=CARTESIAN_POINT('',(0.116666834198748,0.00591030799773354,-0.000616865696458754));
#3372=CARTESIAN_POINT('',(0.14,0.00496986805283107,-0.00133568202703));
#3373=CARTESIAN_POINT('',(0.0249989543853487,0.00934856070023654,0.00210440056466749));
#3374=CARTESIAN_POINT('',(0.0399994216096212,0.00887203741456411,0.00169551454858834));
#3375=CARTESIAN_POINT('',(0.0783338061516252,0.00761110477678052,0.000629451055727454));
#3376=CARTESIAN_POINT('',(0.116666834198748,0.00604139882429509,-0.000587826001593963));
#3377=CARTESIAN_POINT('',(0.14,0.00508592488668888,-0.0013287778348179));
#3378=CARTESIAN_POINT('',(0.0249989543853487,0.0094390579406118,0.00215859984618022));
#3379=CARTESIAN_POINT('',(0.0399994216096212,0.00895895279305901,0.00174379186253061));
#3380=CARTESIAN_POINT('',(0.0783338061516252,0.00768848957254636,0.000662227517388478));
#3381=CARTESIAN_POINT('',(0.116666834198748,0.00610655579986944,-0.00057317601450109));
#3382=CARTESIAN_POINT('',(0.14,0.00514363883544142,-0.0013251613626347));
#3383=CARTESIAN_POINT('',(0.0249989543853487,0.00970838953135513,0.00232107069079817));
#3384=CARTESIAN_POINT('',(0.0399994216096212,0.00921765950979229,0.00188857019703703));
#3385=CARTESIAN_POINT('',(0.0783338061516252,0.00791892350602156,0.000760694123704728));
#3386=CARTESIAN_POINT('',(0.116666834198748,0.00630070022642182,-0.000528874606574392));
#3387=CARTESIAN_POINT('',(0.14,0.00531569397959129,-0.00131383010131701));
#3388=CARTESIAN_POINT('',(0.0249989543853487,0.00988498728892809,0.00242917245913856));
#3389=CARTESIAN_POINT('',(0.0399994216096212,0.00938733846576844,0.00198497986042351));
#3390=CARTESIAN_POINT('',(0.0783338061516252,0.00807018840208948,0.000826496816958775));
#3391=CARTESIAN_POINT('',(0.116666834198748,0.00642830823988866,-0.000498882015427602));
#3392=CARTESIAN_POINT('',(0.14,0.0054289021401847,-0.00130563498071706));
#3393=CARTESIAN_POINT('',(0.0249989543853487,0.0104057605696004,0.00275264840008279));
#3394=CARTESIAN_POINT('',(0.0399994216096212,0.00988785292289054,0.00227370479546182));
#3395=CARTESIAN_POINT('',(0.0783338061516252,0.00851677508153794,0.00102424650628505));
#3396=CARTESIAN_POINT('',(0.116666834198748,0.00680554497506991,-0.000407614505418862));
#3397=CARTESIAN_POINT('',(0.14,0.00576392583271497,-0.00127918276111117));
#3398=CARTESIAN_POINT('',(0.0249989543853487,0.0107408997334584,0.00296719369437107));
#3399=CARTESIAN_POINT('',(0.0399994216096212,0.0102101495403668,0.00246551637160698));
#3400=CARTESIAN_POINT('',(0.0783338061516252,0.00880487242416779,0.00115653547710605));
#3401=CARTESIAN_POINT('',(0.116666834198748,0.00704957222528144,-0.000345047132482768));
#3402=CARTESIAN_POINT('',(0.14,0.00598112778824826,-0.00125905465494463));
#3403=CARTESIAN_POINT('',(0.0249989543853487,0.0112238808193423,0.00328583024587154));
#3404=CARTESIAN_POINT('',(0.0399994216096212,0.0106749113972173,0.00275084204861882));
#3405=CARTESIAN_POINT('',(0.0783338061516252,0.00922109727108912,0.00135463385145078));
#3406=CARTESIAN_POINT('',(0.116666834198748,0.00740311496978179,-0.000249199235595733));
#3407=CARTESIAN_POINT('',(0.14,0.00629651617962102,-0.00122544622791749));
#3408=CARTESIAN_POINT('',(0.0249989543853487,0.011381585373022,0.00339150937674582));
#3409=CARTESIAN_POINT('',(0.0399994216096212,0.0108267169460478,0.00284554936642286));
#3410=CARTESIAN_POINT('',(0.0783338061516252,0.00935718406945354,0.00142060868464368));
#3411=CARTESIAN_POINT('',(0.116666834198748,0.00751887820876647,-0.000216918597592889));
#3412=CARTESIAN_POINT('',(0.14,0.0063999085466752,-0.00121367511611078));
#3413=CARTESIAN_POINT('',(0.0249989543853487,0.0116900766678352,0.00360147545522579));
#3414=CARTESIAN_POINT('',(0.0399994216096212,0.0111237679549011,0.00303386469727007));
#3415=CARTESIAN_POINT('',(0.0783338061516252,0.0096237438551948,0.00155222238113206));
#3416=CARTESIAN_POINT('',(0.116666834198748,0.00774596681398497,-0.00015182357221346));
#3417=CARTESIAN_POINT('',(0.14,0.00660297119708584,-0.00118906974836956));
#3418=CARTESIAN_POINT('',(0.0249989543853487,0.0118408712936006,0.00370576873169812));
#3419=CARTESIAN_POINT('',(0.0399994216096212,0.0112690211048518,0.00312747847980989));
#3420=CARTESIAN_POINT('',(0.0783338061516252,0.00975422399115125,0.00161786552153842));
#3421=CARTESIAN_POINT('',(0.116666834198748,0.00785729847423336,-0.000119006850096644));
#3422=CARTESIAN_POINT('',(0.14,0.00670264725428645,-0.00117623434000833));
#3423=CARTESIAN_POINT('',(0.0249989543853487,0.0120615783014952,0.00386087064522606));
#3424=CARTESIAN_POINT('',(0.0399994216096212,0.0114816921554187,0.00326680678489506));
#3425=CARTESIAN_POINT('',(0.0783338061516252,0.00994546671708959,0.00171587858410218));
#3426=CARTESIAN_POINT('',(0.116666834198748,0.00802073006151587,-6.94997209647133E-5));
#3427=CARTESIAN_POINT('',(0.14,0.00684915030911437,-0.00115625258481028));
#3428=CARTESIAN_POINT('',(0.0249989543853487,0.0121342209355364,0.00391233892741068));
#3429=CARTESIAN_POINT('',(0.0399994216096212,0.0115517025768388,0.00331305903729064));
#3430=CARTESIAN_POINT('',(0.0783338061516252,0.0100084572979852,0.00174846824549064));
#3431=CARTESIAN_POINT('',(0.116666834198748,0.00807460364318978,-5.29535704668044E-5));
#3432=CARTESIAN_POINT('',(0.14,0.00689747440865011,-0.00114947205729377));
#3433=CARTESIAN_POINT('',(0.0249989543853487,0.0122776366336184,0.00401478321492618));
#3434=CARTESIAN_POINT('',(0.0399994216096212,0.0116899471988027,0.00340515730785865));
#3435=CARTESIAN_POINT('',(0.0783338061516252,0.0101329092929094,0.00181346572416567));
#3436=CARTESIAN_POINT('',(0.116666834198748,0.00818112948201991,-1.97864994627195E-5));
#3437=CARTESIAN_POINT('',(0.14,0.0069930886656504,-0.00113568003223686));
#3438=CARTESIAN_POINT('',(0.0249989543853487,0.0123484365759268,0.00406577946506748));
#3439=CARTESIAN_POINT('',(0.0399994216096212,0.0117582074632939,0.003451021664725));
#3440=CARTESIAN_POINT('',(0.0783338061516252,0.010194394559497,0.001845886837201));
#3441=CARTESIAN_POINT('',(0.116666834198748,0.00823380244760707,-3.15855519878939E-6));
#3442=CARTESIAN_POINT('',(0.14,0.00704039761772728,-0.00112866532867537));
#3443=CARTESIAN_POINT('',(0.0249989543853487,0.0124531855403417,0.00414185507904232));
#3444=CARTESIAN_POINT('',(0.0399994216096212,0.011859217394314,0.00351946770909842));
#3445=CARTESIAN_POINT('',(0.0783338061516252,0.0102854288199306,0.00189434644785875));
#3446=CARTESIAN_POINT('',(0.116666834198748,0.00831185304156786,2.18180949547381E-5));
#3447=CARTESIAN_POINT('',(0.14,0.00711054510416039,-0.0011179826656881));
#3448=CARTESIAN_POINT('',(0.0249989543853487,0.012487851955519,0.00416713767355927));
#3449=CARTESIAN_POINT('',(0.0399994216096212,0.0118926495038981,0.00354221910633542));
#3450=CARTESIAN_POINT('',(0.0783338061516252,0.0103155676194697,0.00191046704373349));
#3451=CARTESIAN_POINT('',(0.116666834198748,0.00833770407674773,3.01473571100448E-5));
#3452=CARTESIAN_POINT('',(0.14,0.00713378619377095,-0.00111439595821083));
#3453=CARTESIAN_POINT('',(0.0249989543853487,0.0125566332240939,0.00421750956514211));
#3454=CARTESIAN_POINT('',(0.0399994216096212,0.0119589879654805,0.00358755657858887));
#3455=CARTESIAN_POINT('',(0.0783338061516252,0.0103753879040197,0.00194261605718712));
#3456=CARTESIAN_POINT('',(0.116666834198748,0.00838903515772324,4.67986656172609E-5));
#3457=CARTESIAN_POINT('',(0.14,0.00717994992938882,-0.0011071780427194));
#3458=CARTESIAN_POINT('',(0.0249989543853487,0.0125907337618612,0.00424258811302076));
#3459=CARTESIAN_POINT('',(0.0399994216096212,0.0119918804129692,0.00361013290171196));
#3460=CARTESIAN_POINT('',(0.0783338061516252,0.0104050566118783,0.00195863737074896));
#3461=CARTESIAN_POINT('',(0.116666834198748,0.0084145041026866,5.51169659325369E-5));
#3462=CARTESIAN_POINT('',(0.14,0.00720286249493331,-0.00110354853675218));
#3463=CARTESIAN_POINT('',(0.0249989543853487,0.0126584233102157,0.00429257938788788));
#3464=CARTESIAN_POINT('',(0.0399994216096212,0.0120571792695771,0.00365514575190681));
#3465=CARTESIAN_POINT('',(0.0783338061516252,0.0104639752504309,0.00199060778131856));
#3466=CARTESIAN_POINT('',(0.116666834198748,0.00846510566902922,7.17565970244927E-5));
#3467=CARTESIAN_POINT('',(0.14,0.00724840149161361,-0.00109624069178927));
#3468=CARTESIAN_POINT('',(0.0249989543853487,0.0126920242029814,0.00431750105170309));
#3469=CARTESIAN_POINT('',(0.0399994216096212,0.0120895970162778,0.00367759023433063));
#3470=CARTESIAN_POINT('',(0.0783338061516252,0.0104932351022695,0.00200656231344057));
#3471=CARTESIAN_POINT('',(0.116666834198748,0.00849024661845668,8.00807566508474E-5));
#3472=CARTESIAN_POINT('',(0.14,0.00727103528108599,-0.00109256111036706));
#3473=CARTESIAN_POINT('',(0.0249989543853487,0.0127588979256594,0.00436731390631102));
#3474=CARTESIAN_POINT('',(0.0399994216096212,0.0121541232014166,0.00372246107265627));
#3475=CARTESIAN_POINT('',(0.0783338061516252,0.0105514948582891,0.00203848509651076));
#3476=CARTESIAN_POINT('',(0.116666834198748,0.00854032817857939,9.67767377738651E-5));
#3477=CARTESIAN_POINT('',(0.14,0.00731613880502059,-0.00108513362465273));
#3478=CARTESIAN_POINT('',(0.0249989543853487,0.0127921797074151,0.00439221161602715));
#3479=CARTESIAN_POINT('',(0.0399994216096212,0.0121862404185693,0.00374489340041951));
#3480=CARTESIAN_POINT('',(0.0783338061516252,0.0105805030346222,0.00205445783002622));
#3481=CARTESIAN_POINT('',(0.116666834198748,0.00856527609601307,0.000105150899601873));
#3482=CARTESIAN_POINT('',(0.14,0.00733861525857775,-0.001081384684));
#3483=CARTESIAN_POINT('',(0.0249989543853487,0.0128917030118078,0.00446698465009195));
#3484=CARTESIAN_POINT('',(0.0399994216096212,0.0122822907482501,0.00381227526689749));
#3485=CARTESIAN_POINT('',(0.0783338061516252,0.0106672809128427,0.00210247375046645));
#3486=CARTESIAN_POINT('',(0.116666834198748,0.0086399401919439,0.000130384760605403));
#3487=CARTESIAN_POINT('',(0.14,0.00740590574211618,-0.00107001817439582));
#3488=CARTESIAN_POINT('',(0.0249989543853487,0.0129575590619234,0.00451689361110391));
#3489=CARTESIAN_POINT('',(0.0399994216096212,0.0123458613973766,0.00385726807991862));
#3490=CARTESIAN_POINT('',(0.0783338061516252,0.0107247489365493,0.00213458524160088));
#3491=CARTESIAN_POINT('',(0.116666834198748,0.00868942967526614,0.000147340658696735));
#3492=CARTESIAN_POINT('',(0.14,0.00745053871878809,-0.00106228742712889));
#3493=CARTESIAN_POINT('',(0.0249989543853487,0.0130879173302957,0.00461657148326867));
#3494=CARTESIAN_POINT('',(0.0399994216096212,0.0124717225928621,0.00394716308502988));
#3495=CARTESIAN_POINT('',(0.0783338061516252,0.0108385998111584,0.00219884629476439));
#3496=CARTESIAN_POINT('',(0.116666834198748,0.00878756499079718,0.000181436200714214));
#3497=CARTESIAN_POINT('',(0.14,0.00753910803433663,-0.001046553514988));
#3498=CARTESIAN_POINT('',(0.0249989543853487,0.0131524394526193,0.00466635494470957));
#3499=CARTESIAN_POINT('',(0.0399994216096212,0.0125340326338636,0.00399207858898173));
#3500=CARTESIAN_POINT('',(0.0783338061516252,0.0108950009709672,0.00223100580926478));
#3501=CARTESIAN_POINT('',(0.116666834198748,0.00883622694843951,0.000198581045760317));
#3502=CARTESIAN_POINT('',(0.14,0.00758305916957538,-0.00103854804112325));
#3503=CARTESIAN_POINT('',(0.0249989543853487,0.0133441348734327,0.00481562577566952));
#3504=CARTESIAN_POINT('',(0.0399994216096212,0.012719197928157,0.00412680778013448));
#3505=CARTESIAN_POINT('',(0.0783338061516252,0.011062719789212,0.0023276285498225));
#3506=CARTESIAN_POINT('',(0.116666834198748,0.00898107257466731,0.000250339031959125));
#3507=CARTESIAN_POINT('',(0.14,0.00771398197235497,-0.00101409905725011));
#3508=CARTESIAN_POINT('',(0.0249989543853487,0.0134694100100513,0.00491501317432323));
#3509=CARTESIAN_POINT('',(0.0399994216096212,0.0128402616222272,0.00421658541347854));
#3510=CARTESIAN_POINT('',(0.0783338061516252,0.0111725274978777,0.00239222183162542));
#3511=CARTESIAN_POINT('',(0.116666834198748,0.00907609359507566,0.000285268131252104));
#3512=CARTESIAN_POINT('',(0.14,0.00780000239285409,-0.000997226431033353));
#3513=CARTESIAN_POINT('',(0.0249989543853487,0.0138371549486329,0.00521255307043965));
#3514=CARTESIAN_POINT('',(0.0399994216096212,0.0131958211417246,0.00448558035959935));
#3515=CARTESIAN_POINT('',(0.0783338061516252,0.0114955049075732,0.00258640272335522));
#3516=CARTESIAN_POINT('',(0.116666834198748,0.00935617324953139,0.000391283761821923));
#3517=CARTESIAN_POINT('',(0.14,0.00805397034973455,-0.000944876653680965));
#3518=CARTESIAN_POINT('',(0.0249989543853487,0.0140716361775115,0.00541013252093759));
#3519=CARTESIAN_POINT('',(0.0399994216096212,0.0134227731922432,0.00466450307843199));
#3520=CARTESIAN_POINT('',(0.0783338061516252,0.0117023058411633,0.00271641943525497));
#3521=CARTESIAN_POINT('',(0.116666834198748,0.00953631219227682,0.000463609626567509));
#3522=CARTESIAN_POINT('',(0.14,0.0082178802418502,-0.00090766698430111));
#3523=CARTESIAN_POINT('',(0.0249989543853487,0.0144052639846122,0.00570460235913636));
#3524=CARTESIAN_POINT('',(0.0399994216096212,0.0137460961848283,0.00493165350640682));
#3525=CARTESIAN_POINT('',(0.0783338061516253,0.0119980155725211,0.00291194233307171));
#3526=CARTESIAN_POINT('',(0.116666834198748,0.00979525837997879,0.000574544395873421));
#3527=CARTESIAN_POINT('',(0.14,0.0084544486028251,-0.00084822068141466));
#3528=CARTESIAN_POINT('',(0.0249989543853487,0.0145134510583019,0.00580244154771518));
#3529=CARTESIAN_POINT('',(0.0399994216096212,0.0138510134869224,0.00502049742081661));
#3530=CARTESIAN_POINT('',(0.0783338061516253,0.012094164928145,0.00297719963178015));
#3531=CARTESIAN_POINT('',(0.116666834198748,0.00987969260455831,0.000611931088495891));
#3532=CARTESIAN_POINT('',(0.14,0.00853175187248224,-0.000827798718841327));
#3533=CARTESIAN_POINT('',(0.0249989543853487,0.0147233242936583,0.00599734770709506));
#3534=CARTESIAN_POINT('',(0.0399994216096212,0.0140546996603232,0.00519765740162892));
#3535=CARTESIAN_POINT('',(0.0783338061516252,0.0122812468418417,0.00310782220896952));
#3536=CARTESIAN_POINT('',(0.116666834198748,0.0100444966259723,0.000687529332643399));
#3537=CARTESIAN_POINT('',(0.14,0.00868299542709214,-0.000785693573240345));
#3538=CARTESIAN_POINT('',(0.0249989543853487,0.0148250113476346,0.00609441473273651));
#3539=CARTESIAN_POINT('',(0.0399994216096212,0.0141534693705736,0.00528597349176929));
#3540=CARTESIAN_POINT('',(0.0783338061516252,0.0123721800991844,0.00317318743095305));
#3541=CARTESIAN_POINT('',(0.116666834198748,0.0101248669588315,0.00072574074206243));
#3542=CARTESIAN_POINT('',(0.14,0.00875693614870288,-0.000764010584428338));
#3543=CARTESIAN_POINT('',(0.0249989543853487,0.01502131757314,0.00628762522181114));
#3544=CARTESIAN_POINT('',(0.0399994216096212,0.0143443214480667,0.0054619526554814));
#3545=CARTESIAN_POINT('',(0.0783338061516252,0.0125483652308034,0.00330396899089774));
#3546=CARTESIAN_POINT('',(0.116666834198748,0.0102811717030707,0.000803009956309067));
#3547=CARTESIAN_POINT('',(0.14,0.00890113977809258,-0.000719314127884316));
#3548=CARTESIAN_POINT('',(0.0249989543853487,0.0151159383881668,0.00638376880851003));
#3549=CARTESIAN_POINT('',(0.0399994216096212,0.0144364053719886,0.00554961579515507));
#3550=CARTESIAN_POINT('',(0.0783338061516252,0.0126336184308393,0.00336938524561781));
#3551=CARTESIAN_POINT('',(0.116666834198748,0.0103571071445336,0.000842067505241403));
#3552=CARTESIAN_POINT('',(0.14,0.00897140353597729,-0.000696301021141509));
#3553=CARTESIAN_POINT('',(0.0249989543853487,0.0152973851306857,0.00657496318828427));
#3554=CARTESIAN_POINT('',(0.0399994216096212,0.0146131955939103,0.00572415195203821));
#3555=CARTESIAN_POINT('',(0.0783338061516252,0.0127978504070654,0.00350021555447713));
#3556=CARTESIAN_POINT('',(0.116666834198748,0.0105040706121366,0.000921071569691681));
#3557=CARTESIAN_POINT('',(0.14,0.00910785572922056,-0.000648843391065412));
#3558=CARTESIAN_POINT('',(0.0249989543853487,0.0153842145507937,0.00667001432812228));
#3559=CARTESIAN_POINT('',(0.0399994216096212,0.014697905197085,0.00581102518908536));
#3560=CARTESIAN_POINT('',(0.0783338061516252,0.0128768319915967,0.0035656294977244));
#3561=CARTESIAN_POINT('',(0.116666834198748,0.0105751008222898,0.000961017598038041));
#3562=CARTESIAN_POINT('',(0.14,0.00917404596856618,-0.00062439958394365));
#3563=CARTESIAN_POINT('',(0.0249989543853487,0.0155491158351229,0.00685882991486089));
#3564=CARTESIAN_POINT('',(0.0399994216096212,0.0148590336537517,0.00598382843100145));
#3565=CARTESIAN_POINT('',(0.0783338061516252,0.0130277387618919,0.00369640840727978));
#3566=CARTESIAN_POINT('',(0.116666834198748,0.0107116354513003,0.00104187315663197));
#3567=CARTESIAN_POINT('',(0.14,0.0093018323308052,-0.000573932175847659));
#3568=CARTESIAN_POINT('',(0.0249989543853487,0.0156271938412906,0.00695259517862649));
#3569=CARTESIAN_POINT('',(0.0399994216096212,0.0149354583087759,0.00606975901602739));
#3570=CARTESIAN_POINT('',(0.0783338061516252,0.0130996688526755,0.00376177333937911));
#3571=CARTESIAN_POINT('',(0.116666834198748,0.0107771436885736,0.00108278197072061));
#3572=CARTESIAN_POINT('',(0.14,0.00936343161070306,-0.000547909706132772));
#3573=CARTESIAN_POINT('',(0.0249989543853487,0.0157732602645606,0.00713860500802418));
#3574=CARTESIAN_POINT('',(0.0399994216096212,0.0150787543225508,0.00624049738311166));
#3575=CARTESIAN_POINT('',(0.0783338061516252,0.0132353940116452,0.00389241651714588));
#3576=CARTESIAN_POINT('',(0.116666834198748,0.0109017850800665,0.00116568693833962));
#3577=CARTESIAN_POINT('',(0.14,0.00948132635583336,-0.000494062802256175));
#3578=CARTESIAN_POINT('',(0.0249989543853487,0.0158412597379167,0.00723085176990175));
#3579=CARTESIAN_POINT('',(0.0399994216096212,0.0151456361848418,0.00632530689889022));
#3580=CARTESIAN_POINT('',(0.0783338061516252,0.0132991981144194,0.00395769528718139));
#3581=CARTESIAN_POINT('',(0.116666834198748,0.0109609253958936,0.00120768221123088));
#3582=CARTESIAN_POINT('',(0.14,0.00953762784259731,-0.000466240103955993));
#3583=CARTESIAN_POINT('',(0.0249989543853487,0.0159342339802209,0.00736784594197688));
#3584=CARTESIAN_POINT('',(0.0399994216096212,0.0152374128353958,0.0064515019690266));
#3585=CARTESIAN_POINT('',(0.0783338061516252,0.0133876245854803,0.00405552336138662));
#3586=CARTESIAN_POINT('',(0.116666834198748,0.0110439288819183,0.00127163855460684));
#3587=CARTESIAN_POINT('',(0.14,0.00961733037862069,-0.000422901352032575));
#3588=CARTESIAN_POINT('',(0.0249989543853487,0.0159637150724527,0.00741328050712135));
#3589=CARTESIAN_POINT('',(0.0399994216096212,0.0152665748645615,0.00649339653194501));
#3590=CARTESIAN_POINT('',(0.0783338061516252,0.0134158818377192,0.00408811773031316));
#3591=CARTESIAN_POINT('',(0.116666834198748,0.0110706416723939,0.00129311863089024));
#3592=CARTESIAN_POINT('',(0.14,0.00964310306119888,-0.000408186502662305));
#3593=CARTESIAN_POINT('',(0.0249989543853487,0.0160193159912751,0.00750363272321582));
#3594=CARTESIAN_POINT('',(0.0399994216096212,0.0153217157478984,0.00657680185044357));
#3595=CARTESIAN_POINT('',(0.0783338061516252,0.0134696842488199,0.0041532693402329));
#3596=CARTESIAN_POINT('',(0.116666834198748,0.0111219404536112,0.00133643497015681));
#3597=CARTESIAN_POINT('',(0.14,0.00969287789259664,-0.00037816120812716));
#3598=CARTESIAN_POINT('',(0.0249989543853487,0.0160454369524268,0.00754855083445369));
#3599=CARTESIAN_POINT('',(0.0399994216096212,0.0153476956941697,0.00661831300721293));
#3600=CARTESIAN_POINT('',(0.0783338061516252,0.0134952303840783,0.00418582682593186));
#3601=CARTESIAN_POINT('',(0.116666834198748,0.0111465272535801,0.0013582712823386));
#3602=CARTESIAN_POINT('',(0.14,0.00971688074888797,-0.000362850832768122));
#3603=CARTESIAN_POINT('',(0.0249989543853487,0.0160938863183282,0.00763779262924624));
#3604=CARTESIAN_POINT('',(0.0399994216096212,0.0153960635133604,0.00670089168700962));
#3605=CARTESIAN_POINT('',(0.0783338061516252,0.0135432609497031,0.0042508909607607));
#3606=CARTESIAN_POINT('',(0.116666834198748,0.0111932984827456,0.00140233906725494));
#3607=CARTESIAN_POINT('',(0.14,0.00976288542482506,-0.000331563444775481));
#3608=CARTESIAN_POINT('',(0.0249989543853487,0.0161162155637633,0.00768211709331912));
#3609=CARTESIAN_POINT('',(0.0399994216096212,0.0154184521931275,0.00674195991847789));
#3610=CARTESIAN_POINT('',(0.0783338061516252,0.0135657461001494,0.00428339813074047));
#3611=CARTESIAN_POINT('',(0.116666834198748,0.0112154835431531,0.00142457084896538));
#3612=CARTESIAN_POINT('',(0.14,0.00978488782158742,-0.000315586252132872));
#3613=CARTESIAN_POINT('',(0.0249989543853487,0.016156517950743,0.00777005234182844));
#3614=CARTESIAN_POINT('',(0.0399994216096212,0.0154591025982362,0.00682355760200583));
#3615=CARTESIAN_POINT('',(0.0783338061516252,0.0136071957541654,0.0043483293975598));
#3616=CARTESIAN_POINT('',(0.116666834198748,0.0112570874708854,0.00146946957723655));
#3617=CARTESIAN_POINT('',(0.14,0.00982658565513385,-0.000282881252538443));
#3618=CARTESIAN_POINT('',(0.0249989543853487,0.0161744934632703,0.00781366520573825));
#3619=CARTESIAN_POINT('',(0.0399994216096212,0.0154773666363128,0.00686408895675785));
#3620=CARTESIAN_POINT('',(0.0783338061516252,0.0136261624101976,0.00438075492582231));
#3621=CARTESIAN_POINT('',(0.116666834198748,0.0112765082486954,0.00149213734444531));
#3622=CARTESIAN_POINT('',(0.14,0.00984628285511218,-0.000266152996714902));
#3623=CARTESIAN_POINT('',(0.0249989543853487,0.0162053509833941,0.00789998066275059));
#3624=CARTESIAN_POINT('',(0.0399994216096212,0.0155090665908559,0.00694445008507243));
#3625=CARTESIAN_POINT('',(0.0783338061516252,0.0136599699600902,0.00444544839497582));
#3626=CARTESIAN_POINT('',(0.116666834198748,0.0113120992653727,0.00153793567645834));
#3627=CARTESIAN_POINT('',(0.14,0.00988295946111827,-0.000231856061544163));
#3628=CARTESIAN_POINT('',(0.0249989543853487,0.0162182342012448,0.00794268267243378));
#3629=CARTESIAN_POINT('',(0.0399994216096212,0.0155225036377229,0.00698427927121915));
#3630=CARTESIAN_POINT('',(0.0783338061516252,0.0136748117724667,0.00447771574007876));
#3631=CARTESIAN_POINT('',(0.116666834198748,0.011328270154958,0.00156106565027703));
#3632=CARTESIAN_POINT('',(0.14,0.00989993935485631,-0.000214287970259259));
#3633=CARTESIAN_POINT('',(0.0249989543853487,0.0162379393303597,0.00802682356444122));
#3634=CARTESIAN_POINT('',(0.0399994216096212,0.0155436265815788,0.00706293306380528));
#3635=CARTESIAN_POINT('',(0.0783338061516252,0.0136995654150148,0.00454192023679816));
#3636=CARTESIAN_POINT('',(0.116666834198748,0.0113567073778975,0.00160776748688431));
#3637=CARTESIAN_POINT('',(0.14,0.00993061875892244,-0.000178239935116802));
#3638=CARTESIAN_POINT('',(0.0249989543853487,0.0162447705998348,0.00806823494026928));
#3639=CARTESIAN_POINT('',(0.0399994216096212,0.0155513205367179,0.00710173100978256));
#3640=CARTESIAN_POINT('',(0.0783338061516252,0.013709481820453,0.00457383313573353));
#3641=CARTESIAN_POINT('',(0.116666834198748,0.011368973655094,0.00163131926291777));
#3642=CARTESIAN_POINT('',(0.14,0.00994431539396295,-0.000159777542231339));
#3643=CARTESIAN_POINT('',(0.0249989543853487,0.0162495715205694,0.0081289149421659));
#3644=CARTESIAN_POINT('',(0.0399994216096212,0.0155576846137479,0.00715874099470288));
#3645=CARTESIAN_POINT('',(0.0783338061516252,0.0137198927628483,0.00462116845172082));
#3646=CARTESIAN_POINT('',(0.116666834198748,0.0113838044841746,0.00166686372737691));
#3647=CARTESIAN_POINT('',(0.14,0.00996183659096134,-0.00013141012345997));
#3648=CARTESIAN_POINT('',(0.0249989543853487,0.0162502513953749,0.00814892989213184));
#3649=CARTESIAN_POINT('',(0.0399994216096212,0.0155589321531789,0.00717757264258983));
#3650=CARTESIAN_POINT('',(0.0783338061516252,0.0137226126028766,0.00463687977723119));
#3651=CARTESIAN_POINT('',(0.116666834198748,0.0113881511948597,0.00167876544130861));
#3652=CARTESIAN_POINT('',(0.14,0.0099671735715182,-0.000121827305350778));
#3653=CARTESIAN_POINT('',(0.0249989543853487,0.0162497301745118,0.00818810627783791));
#3654=CARTESIAN_POINT('',(0.0399994216096212,0.0155596290408347,0.00721448736627987));
#3655=CARTESIAN_POINT('',(0.0783338061516252,0.0137264734994214,0.00466782901863194));
#3656=CARTESIAN_POINT('',(0.116666834198748,0.0113955414888426,0.00170242054637618));
#3657=CARTESIAN_POINT('',(0.14,0.00997671219606099,-0.000102612112836689));
#3658=CARTESIAN_POINT('',(0.0249989543853487,0.0162485552230679,0.00820719435890456));
#3659=CARTESIAN_POINT('',(0.0399994216096212,0.0155591003516094,0.00723250168250485));
#3660=CARTESIAN_POINT('',(0.0783338061516252,0.0137276258943493,0.00468300999823248));
#3661=CARTESIAN_POINT('',(0.116666834198748,0.0113985862327791,0.00171412939879016));
#3662=CARTESIAN_POINT('',(0.14,0.00998090880551446,-9.30167308020291E-5));
#3663=CARTESIAN_POINT('',(0.0249989543853487,0.0162456878542168,0.00823080886602633));
#3664=CARTESIAN_POINT('',(0.0399994216096212,0.0155571128582861,0.00725483386921774));
#3665=CARTESIAN_POINT('',(0.0783338061516252,0.0137279311607465,0.00470195577310727));
#3666=CARTESIAN_POINT('',(0.116666834198748,0.01140150045119,0.00172890614305002));
#3667=CARTESIAN_POINT('',(0.14,0.00998541108291787,-8.0777659340911E-5));
#3668=CARTESIAN_POINT('',(0.0249989543853487,0.0162450429235314,0.00823552348643539));
#3669=CARTESIAN_POINT('',(0.0399994216096212,0.0155566476281233,0.00725929505647639));
#3670=CARTESIAN_POINT('',(0.0783338061516252,0.0137279344331547,0.00470574746404064));
#3671=CARTESIAN_POINT('',(0.116666834198748,0.0114020385424185,0.00173187210242446));
#3672=CARTESIAN_POINT('',(0.14,0.00998627471629235,-7.83143195703231E-5));
#3673=CARTESIAN_POINT('',(0.0249989543853487,0.0162436114162526,0.00824492604647176));
#3674=CARTESIAN_POINT('',(0.0399994216096212,0.0155555833940291,0.0072681953277289));
#3675=CARTESIAN_POINT('',(0.0783338061516252,0.0137278276601478,0.00471332099726055));
#3676=CARTESIAN_POINT('',(0.116666834198748,0.0114030242833519,0.00173781040944241));
#3677=CARTESIAN_POINT('',(0.14,0.00998792546623251,-7.33713684122495E-5));
#3678=CARTESIAN_POINT('',(0.0249989543853487,0.0162428274885392,0.0082496072059529));
#3679=CARTESIAN_POINT('',(0.0399994216096212,0.0155549866850797,0.00727262791067229));
#3680=CARTESIAN_POINT('',(0.0783338061516252,0.0137277189823035,0.00471709711401104));
#3681=CARTESIAN_POINT('',(0.116666834198748,0.0114034722085988,0.0017407782526553));
#3682=CARTESIAN_POINT('',(0.14,0.0099887121936266,-7.08955181731933E-5));
#3683=CARTESIAN_POINT('',(0.0249989543853487,0.0162403152457605,0.00826346805783388));
#3684=CARTESIAN_POINT('',(0.0399994216096212,0.0155530405344412,0.00728575646799485));
#3685=CARTESIAN_POINT('',(0.0783338061516252,0.0137272483448957,0.00472829217217991));
#3686=CARTESIAN_POINT('',(0.116666834198748,0.0114046834003707,0.00174959559116635));
#3687=CARTESIAN_POINT('',(0.14,0.00999094710831057,-6.35254884147101E-5));
#3688=CARTESIAN_POINT('',(0.0249989543853487,0.0162384264710567,0.00827246512367131));
#3689=CARTESIAN_POINT('',(0.0399994216096212,0.0155515350689617,0.00729428325086649));
#3690=CARTESIAN_POINT('',(0.0783338061516253,0.0137267417814575,0.00473557782151575));
#3691=CARTESIAN_POINT('',(0.116666834198748,0.0114053140829271,0.00175535889533687));
#3692=CARTESIAN_POINT('',(0.14,0.0099922700281021,-5.86888298539714E-5));
#3693=CARTESIAN_POINT('',(0.0249989543853487,0.0162354486400574,0.00828510640949746));
#3694=CARTESIAN_POINT('',(0.0399994216096212,0.0155491158308271,0.00730626890832314));
#3695=CARTESIAN_POINT('',(0.0783338061516252,0.0137257778091421,0.00474583434133785));
#3696=CARTESIAN_POINT('',(0.116666834198748,0.0114060039455876,0.00176350242837967));
#3697=CARTESIAN_POINT('',(0.14,0.00999396657371108,-5.1831463685231E-5));
#3698=CARTESIAN_POINT('',(0.0249989543853487,0.0162344374057148,0.00828916119646777));
#3699=CARTESIAN_POINT('',(0.0399994216096212,0.0155482874036966,0.00731011371856333));
#3700=CARTESIAN_POINT('',(0.0783338061516252,0.0137254254468093,0.00474912579873934));
#3701=CARTESIAN_POINT('',(0.116666834198748,0.0114061912658042,0.00176612070736328));
#3702=CARTESIAN_POINT('',(0.14,0.00999448239660659,-4.9622945799E-5));
#3703=CARTESIAN_POINT('',(0.0249989543853487,0.0162323625870028,0.00829700567958649));
#3704=CARTESIAN_POINT('',(0.0399994216096212,0.0155465717026668,0.00731755945559117));
#3705=CARTESIAN_POINT('',(0.0783338061516252,0.0137246461845442,0.00475551939807227));
#3706=CARTESIAN_POINT('',(0.116666834198748,0.0114064822038158,0.00177122517487337));
#3707=CARTESIAN_POINT('',(0.14,0.00999542476138438,-4.53031678397799E-5));
#3708=CARTESIAN_POINT('',(0.0249989543853487,0.0162312936453502,0.00830081137518263));
#3709=CARTESIAN_POINT('',(0.0399994216096212,0.0155456800734486,0.00732117503347892));
#3710=CARTESIAN_POINT('',(0.0783338061516252,0.0137242173950847,0.00475863279095663));
#3711=CARTESIAN_POINT('',(0.116666834198748,0.0114065857195925,0.00177371954076074));
#3712=CARTESIAN_POINT('',(0.14,0.00999585228929806,-4.31856012895044E-5));
#3713=CARTESIAN_POINT('',(0.0249989543853487,0.0162279053101839,0.00831214911190976));
#3714=CARTESIAN_POINT('',(0.0399994216096212,0.0155428302789986,0.00733195719014087));
#3715=CARTESIAN_POINT('',(0.0783338061516252,0.0137227748115674,0.00476794562570828));
#3716=CARTESIAN_POINT('',(0.116666834198748,0.0114067717403262,0.00178120880424597));
#3717=CARTESIAN_POINT('',(0.14,0.00999702963513563,-3.68063385758619E-5));
#3718=CARTESIAN_POINT('',(0.0249989543853487,0.0162254027954933,0.00831960821759499));
#3719=CARTESIAN_POINT('',(0.0399994216096212,0.0155406955269959,0.00733906662193482));
#3720=CARTESIAN_POINT('',(0.0783338061516252,0.0137216032705097,0.00477412748739595));
#3721=CARTESIAN_POINT('',(0.116666834198748,0.0114067306568087,0.00178622009576973));
#3722=CARTESIAN_POINT('',(0.14,0.00999767665674738,-3.2507568580091E-5));
#3723=CARTESIAN_POINT('',(0.0249989543853487,0.0162164840428213,0.00834379022064511));
#3724=CARTESIAN_POINT('',(0.0399994216096212,0.0155330137158985,0.00736214819883546));
#3725=CARTESIAN_POINT('',(0.0783338061516252,0.013717163666181,0.00479428476494156));
#3726=CARTESIAN_POINT('',(0.116666834198748,0.0114061138180994,0.00180265092693131));
#3727=CARTESIAN_POINT('',(0.14,0.00999938672067431,-1.83450109089439E-5));
#3728=CARTESIAN_POINT('',(0.0249989543853487,0.0162087211915362,0.00836202024366393));
#3729=CARTESIAN_POINT('',(0.0399994216096212,0.0155262463492832,0.00737956430241113));
#3730=CARTESIAN_POINT('',(0.0783338061516252,0.0137130035559777,0.00480954182347343));
#3731=CARTESIAN_POINT('',(0.116666834198748,0.0114050134819917,0.00181518343651303));
#3732=CARTESIAN_POINT('',(0.14,0.0100001488572154,-7.47092372759512E-6));
#3733=CARTESIAN_POINT('',(0.0249989543853487,0.0161950072878691,0.00838782319839181));
#3734=CARTESIAN_POINT('',(0.0399994216096212,0.0155141039917378,0.00740428097568108));
#3735=CARTESIAN_POINT('',(0.0783338061516252,0.013704976654229,0.00483137823287706));
#3736=CARTESIAN_POINT('',(0.116666834198748,0.011401812456567,0.00183339388010797));
#3737=CARTESIAN_POINT('',(0.14,0.00999988532403025,8.53240851416778E-6));
#3738=CARTESIAN_POINT('',(0.0249989543853487,0.0161901188333277,0.00839618195762471));
#3739=CARTESIAN_POINT('',(0.0399994216096212,0.015509752758964,0.00741229914710986));
#3740=CARTESIAN_POINT('',(0.0783338061516252,0.0137020316863241,0.00483849314553255));
#3741=CARTESIAN_POINT('',(0.116666834198748,0.0114005124969743,0.00183937034320514));
#3742=CARTESIAN_POINT('',(0.14,0.00999958667463015,1.38159017716628E-5));
#3743=CARTESIAN_POINT('',(0.0249989543853487,0.0161827403812086,0.00840795508512785));
#3744=CARTESIAN_POINT('',(0.0399994216096212,0.0155031629387817,0.00742360371726502));
#3745=CARTESIAN_POINT('',(0.0783338061516252,0.0136975051609503,0.00484855525309353));
#3746=CARTESIAN_POINT('',(0.116666834198748,0.0113983920317242,0.0018478677089564));
#3747=CARTESIAN_POINT('',(0.14,0.0099989307688644,2.13608152397911E-5));
#3748=CARTESIAN_POINT('',(0.0249989543853487,0.0161802732687843,0.0084117519590712));
#3749=CARTESIAN_POINT('',(0.0399994216096212,0.015500955836884,0.00742725145948541));
#3750=CARTESIAN_POINT('',(0.0783338061516252,0.0136959781402397,0.00485180757871014));
#3751=CARTESIAN_POINT('',(0.116666834198748,0.0113976567889973,0.00185062227605773));
#3752=CARTESIAN_POINT('',(0.14,0.00999867747833155,2.38123986594816E-5));
#3753=CARTESIAN_POINT('',(0.0249989543853487,0.0161753954471121,0.00841902375770386));
#3754=CARTESIAN_POINT('',(0.0399994216096212,0.0154965860926425,0.00743424078034746));
#3755=CARTESIAN_POINT('',(0.0783338061516252,0.0136929368955575,0.00485804807185201));
#3756=CARTESIAN_POINT('',(0.116666834198748,0.0113961592783924,0.00185592116700508));
#3757=CARTESIAN_POINT('',(0.14,0.0099981196326843,2.85381399955785E-5));
#3758=CARTESIAN_POINT('',(0.0249989543853487,0.0161729941910999,0.00842248760282702));
#3759=CARTESIAN_POINT('',(0.0399994216096212,0.0154944325092016,0.00743757104706599));
#3760=CARTESIAN_POINT('',(0.0783338061516252,0.0136914304416625,0.00486102450821285));
#3761=CARTESIAN_POINT('',(0.116666834198748,0.0113954014803412,0.00185845458958538));
#3762=CARTESIAN_POINT('',(0.14,0.00999781753854762,3.08019018023743E-5));
#3763=CARTESIAN_POINT('',(0.0249989543853487,0.0161659052764678,0.00843238623656102));
#3764=CARTESIAN_POINT('',(0.0399994216096212,0.015488061073928,0.00744709871471062));
#3765=CARTESIAN_POINT('',(0.0783338061516252,0.0136869356693496,0.00486956830784778));
#3766=CARTESIAN_POINT('',(0.116666834198748,0.0113930918075572,0.00186575803625904));
#3767=CARTESIAN_POINT('',(0.14,0.00999683792738916,3.73503504294066E-5));
#3768=CARTESIAN_POINT('',(0.0249989543853487,0.0161612791522856,0.00843839022375764));
#3769=CARTESIAN_POINT('',(0.0399994216096212,0.0154838852169384,0.00745289200934843));
#3770=CARTESIAN_POINT('',(0.0783338061516252,0.0136839398800439,0.0048748010923849));
#3771=CARTESIAN_POINT('',(0.116666834198748,0.0113914863512469,0.00187027235901037));
#3772=CARTESIAN_POINT('',(0.14,0.00999607876139184,4.14273482725814E-5));
#3773=CARTESIAN_POINT('',(0.0249989543853487,0.0161537873216182,0.00844742039740628));
#3774=CARTESIAN_POINT('',(0.0399994216096212,0.0154770955867457,0.00746162952182923));
#3775=CARTESIAN_POINT('',(0.0783338061516252,0.0136789942787499,0.00488275666477409));
#3776=CARTESIAN_POINT('',(0.116666834198748,0.0113887390992604,0.00187720249502293));
#3777=CARTESIAN_POINT('',(0.14,0.00999466963611992,4.77333051317155E-5));
#3778=CARTESIAN_POINT('',(0.0249989543853487,0.0161511968006955,0.00845043603924962));
#3779=CARTESIAN_POINT('',(0.0399994216096212,0.0154747434133285,0.00746455184591628));
#3780=CARTESIAN_POINT('',(0.0783338061516252,0.0136772687688468,0.00488542897169371));
#3781=CARTESIAN_POINT('',(0.116666834198748,0.0113877658568058,0.00187954221871582));
#3782=CARTESIAN_POINT('',(0.14,0.00999415429594955,4.98705867017784E-5));
#3783=CARTESIAN_POINT('',(0.0249989543853487,0.0161457193988839,0.00845662152191661));
#3784=CARTESIAN_POINT('',(0.0399994216096212,0.0154697639771679,0.00747055170504054));
#3785=CARTESIAN_POINT('',(0.0783338061516252,0.0136735989494781,0.00489093059456326));
#3786=CARTESIAN_POINT('',(0.116666834198748,0.0113856706829832,0.00188437483386836));
#3787=CARTESIAN_POINT('',(0.14,0.00999301760277596,5.42959794464319E-5));
#3788=CARTESIAN_POINT('',(0.0249989543853487,0.0161428401814396,0.00845978080721202));
#3789=CARTESIAN_POINT('',(0.0399994216096212,0.0154671443640016,0.0074736180040479));
#3790=CARTESIAN_POINT('',(0.0783338061516252,0.0136716618408684,0.00489374729132042));
#3791=CARTESIAN_POINT('',(0.116666834198748,0.0113845525463449,0.00188685626975178));
#3792=CARTESIAN_POINT('',(0.14,0.00999239797120682,5.65733433336692E-5));
#3793=CARTESIAN_POINT('',(0.0249989543853487,0.0161338574496245,0.00846934608693586));
#3794=CARTESIAN_POINT('',(0.0399994216096212,0.0154589644296677,0.00748290795416173));
#3795=CARTESIAN_POINT('',(0.0783338061516252,0.0136655918711385,0.00490229805276509));
#3796=CARTESIAN_POINT('',(0.116666834198748,0.0113810102211366,0.001894413323349));
#3797=CARTESIAN_POINT('',(0.14,0.0099903942134353,6.35255308103665E-5));
#3798=CARTESIAN_POINT('',(0.0249989543853487,0.0161274088557711,0.0084758395052019));
#3799=CARTESIAN_POINT('',(0.0399994216096212,0.015453083013665,0.00748922265835991));
#3800=CARTESIAN_POINT('',(0.0783338061516252,0.0136612003661176,0.00490813278862578));
#3801=CARTESIAN_POINT('',(0.116666834198748,0.011378398117273,0.00189960168700973));
#3802=CARTESIAN_POINT('',(0.14,0.00998886522416882,6.83204502148118E-5));
#3803=CARTESIAN_POINT('',(0.0249989543853487,0.0161139992968203,0.00848846102904419));
#3804=CARTESIAN_POINT('',(0.0399994216096212,0.0154408297443564,0.00750151858036614));
#3805=CARTESIAN_POINT('',(0.0783338061516252,0.0136519833876756,0.00491955346457423));
#3806=CARTESIAN_POINT('',(0.116666834198748,0.0113727993828282,0.00190983832899215));
#3807=CARTESIAN_POINT('',(0.14,0.00998546890084048,7.78363753050172E-5));
#3808=CARTESIAN_POINT('',(0.0249989543853487,0.0161070711262627,0.00849453855212562));
#3809=CARTESIAN_POINT('',(0.0399994216096212,0.015434487021086,0.00750745144033044));
#3810=CARTESIAN_POINT('',(0.0783338061516252,0.0136471775592208,0.00492509694921133));
#3811=CARTESIAN_POINT('',(0.116666834198748,0.0113698220519099,0.00191485160828124));
#3812=CARTESIAN_POINT('',(0.14,0.00998360456929523,8.2526920650965E-5));
#3813=CARTESIAN_POINT('',(0.0249989543853487,0.0160928163691948,0.00850618374062192));
#3814=CARTESIAN_POINT('',(0.0399994216096212,0.0154214089738336,0.00751885183657956));
#3815=CARTESIAN_POINT('',(0.0783338061516252,0.0136371903331897,0.0049358347463724));
#3816=CARTESIAN_POINT('',(0.116666834198748,0.0113635243837266,0.00192466190795083));
#3817=CARTESIAN_POINT('',(0.14,0.00997955272069319,9.17726561874368E-5));
#3818=CARTESIAN_POINT('',(0.0249989543853487,0.0160854764623496,0.00851177183966883));
#3819=CARTESIAN_POINT('',(0.0399994216096212,0.0154146623520241,0.00752433806731114));
#3820=CARTESIAN_POINT('',(0.0783338061516253,0.0136320025902144,0.00494104342911061));
#3821=CARTESIAN_POINT('',(0.116666834198748,0.0113602011063265,0.00192946983558017));
#3822=CARTESIAN_POINT('',(0.14,0.00997736433627215,9.63366457331834E-5));
#3823=CARTESIAN_POINT('',(0.0249989543853487,0.0160703291374383,0.00852257486623501));
#3824=CARTESIAN_POINT('',(0.0399994216096212,0.0154007168622452,0.00753497416456488));
#3825=CARTESIAN_POINT('',(0.0783338061516252,0.0136212159231733,0.00495122065962703));
#3826=CARTESIAN_POINT('',(0.116666834198748,0.0113531991359636,0.0019389572847414));
#3827=CARTESIAN_POINT('',(0.14,0.00997266609612828,0.000105404227653348));
#3828=CARTESIAN_POINT('',(0.0249989543853487,0.0160625155019046,0.00852779811968142));
#3829=CARTESIAN_POINT('',(0.0399994216096212,0.0153935125219462,0.00754013189739868));
#3830=CARTESIAN_POINT('',(0.0783338061516252,0.0136156134134641,0.00495619588116976));
#3831=CARTESIAN_POINT('',(0.116666834198748,0.0113495186184059,0.00194364215887936));
#3832=CARTESIAN_POINT('',(0.14,0.00997015548775398,0.000109912368449836));
#3833=CARTESIAN_POINT('',(0.0249989543853487,0.0160384189005163,0.0085429052480467));
#3834=CARTESIAN_POINT('',(0.0399994216096212,0.0153712655410819,0.00755509433660664));
#3835=CARTESIAN_POINT('',(0.0783338061516252,0.0135982296015285,0.00497074696856059));
#3836=CARTESIAN_POINT('',(0.116666834198748,0.0113379737204172,0.00195748427888912));
#3837=CARTESIAN_POINT('',(0.14,0.00996216471408482,0.00012332294275886));
#3838=CARTESIAN_POINT('',(0.0249989543853487,0.0160214994412315,0.00855219822147306));
#3839=CARTESIAN_POINT('',(0.0399994216096212,0.0153556058739432,0.00756436141670448));
#3840=CARTESIAN_POINT('',(0.0783338061516252,0.0135858831581506,0.00497992500923818));
#3841=CARTESIAN_POINT('',(0.116666834198748,0.0113296113744857,0.00196640964241145));
#3842=CARTESIAN_POINT('',(0.14,0.00995622747284814,0.000132094502674784));
#3843=CARTESIAN_POINT('',(0.0249989543853487,0.0159686769386721,0.00857756657863536));
#3844=CARTESIAN_POINT('',(0.0399994216096212,0.0153066060853508,0.00758986221629062));
#3845=CARTESIAN_POINT('',(0.0783338061516252,0.0135469408566575,0.00500570980529417));
#3846=CARTESIAN_POINT('',(0.116666834198748,0.0113027897320577,0.00199208866752694));
#3847=CARTESIAN_POINT('',(0.14,0.00993678362867909,0.000157709145428191));
#3848=CARTESIAN_POINT('',(0.0249989543853487,0.0159306324599575,0.00859126935564639));
#3849=CARTESIAN_POINT('',(0.0399994216096212,0.0152711770045726,0.00760392728627115));
#3850=CARTESIAN_POINT('',(0.0783338061516252,0.0135183975529844,0.0050206827631183));
#3851=CARTESIAN_POINT('',(0.116666834198748,0.0112825775145568,0.00200784089936209));
#3852=CARTESIAN_POINT('',(0.14,0.00992164251108514,0.000173935718337611));
#3853=CARTESIAN_POINT('',(0.0249989543853487,0.0158503174626982,0.00861305504084287));
#3854=CARTESIAN_POINT('',(0.0399994216096212,0.0151961677600973,0.00762689461544718));
#3855=CARTESIAN_POINT('',(0.0783338061516252,0.0134573649289943,0.00504666528933364));
#3856=CARTESIAN_POINT('',(0.116666834198748,0.0112385088018595,0.00203680596676972));
#3857=CARTESIAN_POINT('',(0.14,0.00988789966553159,0.000204716247024823));
#3858=CARTESIAN_POINT('',(0.0249989543853487,0.0158080434736517,0.00862114527967967));
#3859=CARTESIAN_POINT('',(0.0399994216096212,0.0151565843793482,0.0076358041342875));
#3860=CARTESIAN_POINT('',(0.0783338061516252,0.0134248731475275,0.00505768185399859));
#3861=CARTESIAN_POINT('',(0.116666834198748,0.0112146513756637,0.00205002494910623));
#3862=CARTESIAN_POINT('',(0.14,0.00986929793796927,0.000219275832473392));
#3863=CARTESIAN_POINT('',(0.0249989543853487,0.0157202019160043,0.0086325948337081));
#3864=CARTESIAN_POINT('',(0.0399994216096212,0.0150741711339268,0.00764926933972191));
#3865=CARTESIAN_POINT('',(0.0783338061516252,0.0133567738036611,0.00507635090899348));
#3866=CARTESIAN_POINT('',(0.116666834198748,0.0111640254899546,0.00207427521426103));
#3867=CARTESIAN_POINT('',(0.14,0.00982930807860804,0.000246923358649984));
#3868=CARTESIAN_POINT('',(0.0249989543853487,0.0156746281779045,0.00863595471747678));
#3869=CARTESIAN_POINT('',(0.0399994216096212,0.0150313354300801,0.00765382574923578));
#3870=CARTESIAN_POINT('',(0.0783338061516252,0.0133211612906366,0.0050840045271683));
#3871=CARTESIAN_POINT('',(0.116666834198748,0.0111372532859913,0.00208530810493745));
#3872=CARTESIAN_POINT('',(0.14,0.00980791693655318,0.0002600131994184));
#3873=CARTESIAN_POINT('',(0.0249989543853487,0.0155807791327155,0.00863867480470009));
#3874=CARTESIAN_POINT('',(0.0399994216096212,0.014942997154789,0.00765925508502708));
#3875=CARTESIAN_POINT('',(0.0783338061516252,0.013247366505256,0.00509645835020035));
#3876=CARTESIAN_POINT('',(0.116666834198748,0.0110812965285698,0.0021055080425395));
#3877=CARTESIAN_POINT('',(0.14,0.00976281811770689,0.000284928166977256));
#3878=CARTESIAN_POINT('',(0.0249989543853487,0.01553250166436,0.0086380350581284));
#3879=CARTESIAN_POINT('',(0.0399994216096212,0.0148974925466351,0.00766012812231701));
#3880=CARTESIAN_POINT('',(0.0783338061516252,0.0132091825248842,0.00510125882518847));
#3881=CARTESIAN_POINT('',(0.116666834198748,0.0110521106700877,0.0021146755411127));
#3882=CARTESIAN_POINT('',(0.14,0.00973910938119114,0.000296753855903786));
#3883=CARTESIAN_POINT('',(0.0249989543853487,0.0154336459212014,0.00863332779511598));
#3884=CARTESIAN_POINT('',(0.0399994216096212,0.014804211211228,0.00765871682058761));
#3885=CARTESIAN_POINT('',(0.0783338061516252,0.0131306229506722,0.00510841232101654));
#3886=CARTESIAN_POINT('',(0.116666834198748,0.0109916793207972,0.00213140836424664));
#3887=CARTESIAN_POINT('',(0.14,0.00968971261224363,0.000319317578491254));
#3888=CARTESIAN_POINT('',(0.0249989543853487,0.0153830655584637,0.0086292589462107));
#3889=CARTESIAN_POINT('',(0.0399994216096212,0.0147564324912588,0.00765643130267295));
#3890=CARTESIAN_POINT('',(0.0783338061516252,0.0130902456132385,0.00511076455881124));
#3891=CARTESIAN_POINT('',(0.116666834198748,0.0109604323769259,0.00213897332590654));
#3892=CARTESIAN_POINT('',(0.14,0.00966402330359385,0.000330055504991631));
#3893=CARTESIAN_POINT('',(0.0249989543853487,0.0152798870421401,0.00861813622812775));
#3894=CARTESIAN_POINT('',(0.0399994216096212,0.0146588829877768,0.00764911108130232));
#3895=CARTESIAN_POINT('',(0.0783338061516252,0.0130075709683921,0.00511333905657532));
#3896=CARTESIAN_POINT('',(0.116666834198748,0.0108961360236521,0.00215271068201229));
#3897=CARTESIAN_POINT('',(0.14,0.00961091374526569,0.000350587649763234));
#3898=CARTESIAN_POINT('',(0.0249989543853487,0.0152272880637959,0.00861108178755118));
#3899=CARTESIAN_POINT('',(0.0399994216096212,0.0146091114041765,0.00764407585597854));
#3900=CARTESIAN_POINT('',(0.0783338061516252,0.012965272927249,0.00511356092807456));
#3901=CARTESIAN_POINT('',(0.116666834198748,0.0108630859705554,0.00215888287017548));
#3902=CARTESIAN_POINT('',(0.14,0.00958349290669778,0.000360381772648598));
#3903=CARTESIAN_POINT('',(0.0249989543853487,0.0151202818379598,0.00859433499205753));
#3904=CARTESIAN_POINT('',(0.0399994216096212,0.0145077840832189,0.00763157658040104));
#3905=CARTESIAN_POINT('',(0.0783338061516252,0.0128789600588311,0.00511212484919775));
#3906=CARTESIAN_POINT('',(0.116666834198748,0.0107953775159738,0.00217000135332131));
#3907=CARTESIAN_POINT('',(0.14,0.00952710888680836,0.00037914216910419));
#3908=CARTESIAN_POINT('',(0.0249989543853487,0.0150658738413423,0.00858464177570823));
#3909=CARTESIAN_POINT('',(0.0399994216096212,0.0144562276182781,0.00762411174812725));
#3910=CARTESIAN_POINT('',(0.0783338061516252,0.012834944561128,0.00511046632231167));
#3911=CARTESIAN_POINT('',(0.116666834198748,0.0107607185162643,0.00217494729567815));
#3912=CARTESIAN_POINT('',(0.14,0.00949814515121254,0.000388108226326063));
#3913=CARTESIAN_POINT('',(0.0249989543853487,0.0149001792837467,0.00855201927159709));
#3914=CARTESIAN_POINT('',(0.0399994216096212,0.0142991224124634,0.00759845641566546));
#3915=CARTESIAN_POINT('',(0.0783338061516252,0.0127005589986168,0.00510297039769047));
#3916=CARTESIAN_POINT('',(0.116666834198748,0.010654555854631,0.00218814677494264));
#3917=CARTESIAN_POINT('',(0.14,0.00940916166010469,0.000413904917832571));
#3918=CARTESIAN_POINT('',(0.0249989543853487,0.0147864333963793,0.00852556651888317));
#3919=CARTESIAN_POINT('',(0.0399994216096212,0.0141911490483994,0.00757702300390904));
#3920=CARTESIAN_POINT('',(0.0783338061516252,0.0126078608824342,0.00509462672502293));
#3921=CARTESIAN_POINT('',(0.116666834198748,0.0105808771428835,0.002194771401672));
#3922=CARTESIAN_POINT('',(0.14,0.0093470599862206,0.000429640690468817));
#3923=CARTESIAN_POINT('',(0.0249989543853487,0.0145533100365634,0.00846488581125291));
#3924=CARTESIAN_POINT('',(0.0399994216096212,0.013969658954254,0.00752700601080183));
#3925=CARTESIAN_POINT('',(0.0783338061516252,0.01241716514592,0.00507243027780443));
#3926=CARTESIAN_POINT('',(0.116666834198748,0.0104285958379534,0.00220446576500528));
#3927=CARTESIAN_POINT('',(0.14,0.00921816139710975,0.000458746866749056));
#3928=CARTESIAN_POINT('',(0.0249989543853487,0.014433926953603,0.00843064920717216));
#3929=CARTESIAN_POINT('',(0.0399994216096212,0.013856136684472,0.00749841447118207));
#3930=CARTESIAN_POINT('',(0.0783338061516252,0.0123191621831489,0.00505857135264776));
#3931=CARTESIAN_POINT('',(0.116666834198748,0.0103499882162251,0.00220753145949649));
#3932=CARTESIAN_POINT('',(0.14,0.00915135964440298,0.000472114511711849));
#3933=CARTESIAN_POINT('',(0.0249989543853487,0.0141901662056622,0.00835552238872017));
#3934=CARTESIAN_POINT('',(0.0399994216096212,0.0136241831263926,0.00743511786777716));
#3935=CARTESIAN_POINT('',(0.0783338061516252,0.0121184825146928,0.00502615791037559));
#3936=CARTESIAN_POINT('',(0.116666834198748,0.0101884533868845,0.00221065504107899));
#3937=CARTESIAN_POINT('',(0.14,0.00901365212711868,0.000496869342165815));
#3938=CARTESIAN_POINT('',(0.0249989543853487,0.0140657860167418,0.00831462783835569));
#3939=CARTESIAN_POINT('',(0.0399994216096212,0.0135057493272801,0.00740040879626852));
#3940=CARTESIAN_POINT('',(0.0783338061516252,0.0120158033387706,0.005007600248484));
#3941=CARTESIAN_POINT('',(0.116666834198748,0.0101055237999676,0.00221071081833218));
#3942=CARTESIAN_POINT('',(0.14,0.00894274403858708,0.000508255047781632));
#3943=CARTESIAN_POINT('',(0.0249989543853487,0.0138125062522957,0.00822701173824921));
#3944=CARTESIAN_POINT('',(0.0399994216096212,0.0132644456317836,0.00732564098253059));
#3945=CARTESIAN_POINT('',(0.0783338061516252,0.0118062369979405,0.00496638833171255));
#3946=CARTESIAN_POINT('',(0.116666834198748,0.00993579392675118,0.00220821669381406));
#3947=CARTESIAN_POINT('',(0.14,0.00879726246901685,0.000529328293547823));
#3948=CARTESIAN_POINT('',(0.0249989543853487,0.0136836050498233,0.00818028719382265));
#3949=CARTESIAN_POINT('',(0.0399994216096212,0.0131415741120539,0.00728557947148269));
#3950=CARTESIAN_POINT('',(0.0783338061516252,0.011699348223316,0.00494373190083291));
#3951=CARTESIAN_POINT('',(0.116666834198748,0.00984899207604129,0.0022056653205306));
#3952=CARTESIAN_POINT('',(0.14,0.00872268745114575,0.000539014791004927));
#3953=CARTESIAN_POINT('',(0.0249989543853487,0.0134216532266364,0.00808164520538469));
#3954=CARTESIAN_POINT('',(0.0399994216096212,0.0128917628944867,0.00720069259053524));
#3955=CARTESIAN_POINT('',(0.0783338061516252,0.0114817243008145,0.00489478140958094));
#3956=CARTESIAN_POINT('',(0.116666834198748,0.00967186535518752,0.00219826435258087));
#3957=CARTESIAN_POINT('',(0.14,0.00857021122018729,0.00055690485706853));
#3958=CARTESIAN_POINT('',(0.0249989543853487,0.0132886016896484,0.00802972601982783));
#3959=CARTESIAN_POINT('',(0.0399994216096212,0.0127648222832269,0.00715586561409238));
#3960=CARTESIAN_POINT('',(0.0783338061516252,0.0113709882491232,0.00486848609508443));
#3961=CARTESIAN_POINT('',(0.116666834198748,0.00958153960745106,0.00219341390925757));
#3962=CARTESIAN_POINT('',(0.14,0.00849230914546841,0.000565107823824286));
#3963=CARTESIAN_POINT('',(0.0249989543853487,0.013018646276393,0.00792119741772446));
#3964=CARTESIAN_POINT('',(0.0399994216096212,0.0125071681267346,0.00706191209494026));
#3965=CARTESIAN_POINT('',(0.0783338061516252,0.011145959463651,0.00481262131431571));
#3966=CARTESIAN_POINT('',(0.116666834198748,0.0093976430482945,0.0021816578374007));
#3967=CARTESIAN_POINT('',(0.14,0.00833344961326464,0.000580200552355798));
#3968=CARTESIAN_POINT('',(0.0249989543853487,0.0128817419628909,0.00786458717691049));
#3969=CARTESIAN_POINT('',(0.0399994216096212,0.0123764541465084,0.00701278479365568));
#3970=CARTESIAN_POINT('',(0.0783338061516252,0.0110316663017058,0.0047830512602691));
#3971=CARTESIAN_POINT('',(0.116666834198748,0.00930407182343163,0.00217475181279433));
#3972=CARTESIAN_POINT('',(0.14,0.00825249175129791,0.000587090034746773));
#3973=CARTESIAN_POINT('',(0.0249989543853487,0.0126043256054213,0.00774708682932331));
#3974=CARTESIAN_POINT('',(0.0399994216096212,0.0121114962498644,0.00691060961106394));
#3975=CARTESIAN_POINT('',(0.0783338061516252,0.0107997614606949,0.00472093354975571));
#3976=CARTESIAN_POINT('',(0.116666834198748,0.0091139125205331,0.00215908261467408));
#3977=CARTESIAN_POINT('',(0.14,0.0080877427958689,0.000599693866337576));
#3978=CARTESIAN_POINT('',(0.0249989543853487,0.0124638128600277,0.0076861960965369));
#3979=CARTESIAN_POINT('',(0.0399994216096212,0.0119772516492201,0.00685756116139484));
#3980=CARTESIAN_POINT('',(0.0783338061516252,0.0106821491451696,0.00468838547668968));
#3981=CARTESIAN_POINT('',(0.116666834198748,0.00901732388108596,0.0021503192080353));
#3982=CARTESIAN_POINT('',(0.14,0.00800395118667674,0.000605408094092617));
#3983=CARTESIAN_POINT('',(0.0249989543853487,0.0121793858269968,0.00756047830709248));
#3984=CARTESIAN_POINT('',(0.0399994216096212,0.0117054372892679,0.00674786092710426));
#3985=CARTESIAN_POINT('',(0.0783338061516252,0.0104438065598135,0.00462055988026157));
#3986=CARTESIAN_POINT('',(0.116666834198748,0.00882132173486203,0.00213110078483327));
#3987=CARTESIAN_POINT('',(0.14,0.00783372150187055,0.000615776669095389));
#3988=CARTESIAN_POINT('',(0.0249989543853487,0.0120354650571283,0.00749564796768763));
#3989=CARTESIAN_POINT('',(0.0399994216096212,0.0115678612468878,0.00669120621383789));
#3990=CARTESIAN_POINT('',(0.0783338061516252,0.0103230705603014,0.00458528037657734));
#3991=CARTESIAN_POINT('',(0.116666834198748,0.008721903369719,0.00212064504679716));
#3992=CARTESIAN_POINT('',(0.14,0.00774727909825637,0.000620431061126927));
#3993=CARTESIAN_POINT('',(0.0249989543853487,0.011817172952833,0.00739567415180029));
#3994=CARTESIAN_POINT('',(0.0399994216096212,0.0113591424271827,0.00660372834066162));
#3995=CARTESIAN_POINT('',(0.0783338061516252,0.0101397639512067,0.0045304753952535));
#3996=CARTESIAN_POINT('',(0.116666834198748,0.00857078647628945,0.00210379957848947));
#3997=CARTESIAN_POINT('',(0.14,0.00761575596015936,0.00062669140146685));
#3998=CARTESIAN_POINT('',(0.0249989543853487,0.0117440227167817,0.0073619021972863));
#3999=CARTESIAN_POINT('',(0.0399994216096212,0.0112891919731973,0.00657415954455794));
#4000=CARTESIAN_POINT('',(0.0783338061516252,0.0100783077898834,0.00451189687232639));
#4001=CARTESIAN_POINT('',(0.116666834198748,0.00852009347321078,0.00209799211410962));
#4002=CARTESIAN_POINT('',(0.14,0.0075716144498445,0.000628657630993327));
#4003=CARTESIAN_POINT('',(0.0249989543853487,0.0115968954999528,0.00729346064058758));
#4004=CARTESIAN_POINT('',(0.0399994216096212,0.0111484843555511,0.00651420163687499));
#4005=CARTESIAN_POINT('',(0.0783338061516252,0.00995464301812444,0.00447412251537797));
#4006=CARTESIAN_POINT('',(0.116666834198748,0.00841803117425895,0.00208600135895814));
#4007=CARTESIAN_POINT('',(0.14,0.00748270149247631,0.000632361254458143));
#4008=CARTESIAN_POINT('',(0.0249989543853487,0.0115228763388264,0.00725877067036272));
#4009=CARTESIAN_POINT('',(0.0399994216096212,0.0110776868304399,0.00648379463512847));
#4010=CARTESIAN_POINT('',(0.0783338061516252,0.00989239887830424,0.00445491527033226));
#4011=CARTESIAN_POINT('',(0.116666834198748,0.00836663249606635,0.00207981418674422));
#4012=CARTESIAN_POINT('',(0.14,0.00743790440479821,0.000634099350181717));
#4013=CARTESIAN_POINT('',(0.0249989543853487,0.0114113521930136,0.00720613924586904));
#4014=CARTESIAN_POINT('',(0.0399994216096212,0.0109710064484403,0.00643763793656039));
#4015=CARTESIAN_POINT('',(0.0783338061516252,0.00979857900033015,0.00442568989119696));
#4016=CARTESIAN_POINT('',(0.116666834198748,0.00828912213690813,0.00207027355917182));
#4017=CARTESIAN_POINT('',(0.14,0.00737032158661593,0.000636540754694267));
#4018=CARTESIAN_POINT('',(0.0249989543853487,0.0113741017062211,0.00718849929829917));
#4019=CARTESIAN_POINT('',(0.0399994216096212,0.010935372181786,0.00642216423172277));
#4020=CARTESIAN_POINT('',(0.0783338061516252,0.00976723595805353,0.00441588090552895));
#4021=CARTESIAN_POINT('',(0.116666834198748,0.0082632215543017,0.00206705067862727));
#4022=CARTESIAN_POINT('',(0.14,0.00734773380814526,0.000637326810846314));
#4023=CARTESIAN_POINT('',(0.0249989543853487,0.0112994948654323,0.00715305192478455));
#4024=CARTESIAN_POINT('',(0.0399994216096212,0.0108639986237842,0.00639106224017224));
#4025=CARTESIAN_POINT('',(0.0783338061516252,0.00970444734342762,0.00439614228405726));
#4026=CARTESIAN_POINT('',(0.116666834198748,0.00821132279763645,0.00206052516884194));
#4027=CARTESIAN_POINT('',(0.14,0.00730246366587061,0.000638844071002074));
#4028=CARTESIAN_POINT('',(0.0249989543853487,0.0112621291281446,0.00713523997128964));
#4029=CARTESIAN_POINT('',(0.0399994216096212,0.0108282500426847,0.0063754298273638));
#4030=CARTESIAN_POINT('',(0.0783338061516252,0.00967299283688869,0.00438620966360147));
#4031=CARTESIAN_POINT('',(0.116666834198748,0.00818531687873139,0.00205722152291781));
#4032=CARTESIAN_POINT('',(0.14,0.00727977428116909,0.000639575456217399));
#4033=CARTESIAN_POINT('',(0.0249989543853487,0.0111870922986309,0.00709935457701929));
#4034=CARTESIAN_POINT('',(0.0399994216096212,0.0107564564177225,0.00634392769060834));
#4035=CARTESIAN_POINT('',(0.0783338061516252,0.00960981144112556,0.00436617072042717));
#4036=CARTESIAN_POINT('',(0.116666834198748,0.00813306643888359,0.00205051719955291));
#4037=CARTESIAN_POINT('',(0.14,0.00723417747187783,0.00064098786431778));
#4038=CARTESIAN_POINT('',(0.0249989543853487,0.0111494212064049,0.00708128113624385));
#4039=CARTESIAN_POINT('',(0.0399994216096212,0.0107204113738598,0.00632805796666133));
#4040=CARTESIAN_POINT('',(0.0783338061516252,0.00957808455190137,0.00435606439770866));
#4041=CARTESIAN_POINT('',(0.116666834198748,0.00810682191794087,0.00204711652211215));
#4042=CARTESIAN_POINT('',(0.14,0.00721127004728809,0.000641668887202836));
#4043=CARTESIAN_POINT('',(0.0249989543853487,0.0110735929458627,0.00704478781360714));
#4044=CARTESIAN_POINT('',(0.0399994216096212,0.0106478519648049,0.0062960067305565));
#4045=CARTESIAN_POINT('',(0.0783338061516252,0.0095142064065345,0.00433563096718612));
#4046=CARTESIAN_POINT('',(0.116666834198748,0.00805396875312501,0.00204020288626025));
#4047=CARTESIAN_POINT('',(0.14,0.00716512774546056,0.000642984698037525));
#4048=CARTESIAN_POINT('',(0.0249989543853487,0.0110354291043266,0.00702636475181371));
#4049=CARTESIAN_POINT('',(0.0399994216096212,0.0106113316047957,0.00627982261387787));
#4050=CARTESIAN_POINT('',(0.0783338061516252,0.00948205083984913,0.00432530264346134));
#4051=CARTESIAN_POINT('',(0.116666834198748,0.00802735712931047,0.00203668951447839));
#4052=CARTESIAN_POINT('',(0.14,0.00714189069821322,0.000643619561125506));
#4053=CARTESIAN_POINT('',(0.0249989543853487,0.0109202736974413,0.00697060774231981));
#4054=CARTESIAN_POINT('',(0.0399994216096212,0.0105011306791593,0.00623083137540336));
#4055=CARTESIAN_POINT('',(0.0783338061516252,0.00938500825464546,0.00429400682805661));
#4056=CARTESIAN_POINT('',(0.116666834198748,0.0079470284615665,0.00202598796822516));
#4057=CARTESIAN_POINT('',(0.14,0.00707173572733444,0.000645453666793051));
#4058=CARTESIAN_POINT('',(0.0249989543853487,0.0108426410449158,0.0069327966712543));
#4059=CARTESIAN_POINT('',(0.0399994216096212,0.0104268320189808,0.00619759472276871));
#4060=CARTESIAN_POINT('',(0.0783338061516252,0.00931956436195162,0.00427273435078523));
#4061=CARTESIAN_POINT('',(0.116666834198748,0.0078928333772053,0.00201864024690214));
#4062=CARTESIAN_POINT('',(0.14,0.0070243877490659,0.000646581890518908));
#4063=CARTESIAN_POINT('',(0.0249989543853487,0.0106859789353378,0.00685605680946519));
#4064=CARTESIAN_POINT('',(0.0399994216096212,0.0102768843736656,0.00613011135459838));
#4065=CARTESIAN_POINT('',(0.0783338061516252,0.00918745056535733,0.00422946152065333));
#4066=CARTESIAN_POINT('',(0.116666834198748,0.00778338110098472,0.00200354966640917));
#4067=CARTESIAN_POINT('',(0.14,0.00692872945258358,0.000648645736299523));
#4068=CARTESIAN_POINT('',(0.0249989543853487,0.0106069096379878,0.0068171093129562));
#4069=CARTESIAN_POINT('',(0.0399994216096212,0.0102011972709445,0.00609584823604897));
#4070=CARTESIAN_POINT('',(0.0783338061516252,0.00912074712299955,0.004207450789146));
#4071=CARTESIAN_POINT('',(0.116666834198748,0.00772809621376961,0.00199580345119968));
#4072=CARTESIAN_POINT('',(0.14,0.00688039499568739,0.000649582276948585));
#4073=CARTESIAN_POINT('',(0.0249989543853487,0.0103674608996935,0.00669853422436122));
#4074=CARTESIAN_POINT('',(0.0399994216096212,0.009971971914963,0.0059914956636646));
#4075=CARTESIAN_POINT('',(0.0783338061516252,0.00891867788242789,0.00414029918185193));
#4076=CARTESIAN_POINT('',(0.116666834198748,0.00756055125612638,0.00197196746434698));
#4077=CARTESIAN_POINT('',(0.14,0.00673386483543371,0.000652112340601994));
#4078=CARTESIAN_POINT('',(0.0249989543853487,0.0102048941759778,0.00661719911155286));
#4079=CARTESIAN_POINT('',(0.0399994216096212,0.00981632101695354,0.00591986505383705));
#4080=CARTESIAN_POINT('',(0.0783338061516252,0.00878139877947048,0.00409405301328746));
#4081=CARTESIAN_POINT('',(0.116666834198748,0.0074466387486082,0.00195528489137621));
#4082=CARTESIAN_POINT('',(0.14,0.00663417548411713,0.000653425013840861));
#4083=CARTESIAN_POINT('',(0.0249989543853487,0.00987441719478641,0.00645028960039719));
#4084=CARTESIAN_POINT('',(0.0399994216096212,0.00949985538797673,0.00577277466721515));
#4085=CARTESIAN_POINT('',(0.0783338061516253,0.0085021570327736,0.00399880622287149));
#4086=CARTESIAN_POINT('',(0.116666834198748,0.00721476116143834,0.00192043057916011));
#4087=CARTESIAN_POINT('',(0.14,0.00643112827752462,0.00065533136935113));
#4088=CARTESIAN_POINT('',(0.0249989543853487,0.00970648936679762,0.00636470704476166));
#4089=CARTESIAN_POINT('',(0.0399994216096212,0.00933902392038748,0.00569730777771309));
#4090=CARTESIAN_POINT('',(0.0783338061516252,0.00836017984504186,0.00394980119979785));
#4091=CARTESIAN_POINT('',(0.116666834198748,0.00709678417102483,0.00190225745071798));
#4092=CARTESIAN_POINT('',(0.14,0.00632776011432404,0.000655925495833906));
#4093=CARTESIAN_POINT('',(0.0249989543853487,0.00919520407304012,0.00610198771247143));
#4094=CARTESIAN_POINT('',(0.0399994216096212,0.00884927947856006,0.00546551245420239));
#4095=CARTESIAN_POINT('',(0.0783338061516252,0.00792767117564912,0.00379890350941282));
#4096=CARTESIAN_POINT('',(0.116666834198748,0.00673716025445201,0.00184563546656522));
#4097=CARTESIAN_POINT('',(0.14,0.00601250086468648,0.000656688769163114));
#4098=CARTESIAN_POINT('',(0.0249989543853487,0.00884436006863947,0.00591888402809956));
#4099=CARTESIAN_POINT('',(0.0399994216096212,0.00851313095036095,0.0053037933523883));
#4100=CARTESIAN_POINT('',(0.0783338061516252,0.00763057500553604,0.00369313021197391));
#4101=CARTESIAN_POINT('',(0.116666834198748,0.00648983031452024,0.00180508381234889));
#4102=CARTESIAN_POINT('',(0.14,0.00579546343644193,0.000655837276730806));
#4103=CARTESIAN_POINT('',(0.0249989543853487,0.00830479060865424,0.00563372694297694));
#4104=CARTESIAN_POINT('',(0.0399994216096212,0.00799605381357725,0.00505173130796434));
#4105=CARTESIAN_POINT('',(0.0783338061516252,0.00717327660881261,0.00352765484270186));
#4106=CARTESIAN_POINT('',(0.116666834198748,0.00610875699940638,0.00174058104791658));
#4107=CARTESIAN_POINT('',(0.14,0.00546078803346858,0.00065279614604196));
#4108=CARTESIAN_POINT('',(0.0249989543853487,0.00812273962648821,0.00553693786872591));
#4109=CARTESIAN_POINT('',(0.0399994216096212,0.00782157410257651,0.00496614205806217));
#4110=CARTESIAN_POINT('',(0.0783338061516252,0.00701892049668445,0.00347136845994067));
#4111=CARTESIAN_POINT('',(0.116666834198748,0.00598006867778008,0.00171847112737626));
#4112=CARTESIAN_POINT('',(0.14,0.00534772359657154,0.000651489305772763));
#4113=CARTESIAN_POINT('',(0.0249989543853487,0.00784638617096301,0.00538922990723555));
#4114=CARTESIAN_POINT('',(0.0399994216096212,0.00755669007398492,0.00483548100518491));
#4115=CARTESIAN_POINT('',(0.0783338061516252,0.00678452242700463,0.00338530932624725));
#4116=CARTESIAN_POINT('',(0.116666834198748,0.00578456594328244,0.00168443848297584));
#4117=CARTESIAN_POINT('',(0.14,0.00517589630205179,0.000649124984032342));
#4118=CARTESIAN_POINT('',(0.0249989543853487,0.00775373144549168,0.00533957828014633));
#4119=CARTESIAN_POINT('',(0.0399994216096212,0.00746787698978112,0.00479155236567664));
#4120=CARTESIAN_POINT('',(0.0783338061516252,0.0067059207057565,0.00335635455322656));
#4121=CARTESIAN_POINT('',(0.116666834198748,0.00571899374843636,0.00167295095213387));
#4122=CARTESIAN_POINT('',(0.14,0.00511825512949484,0.000648269695896209));
#4123=CARTESIAN_POINT('',(0.0249989543853487,0.00756749537937451,0.00523953652645857));
#4124=CARTESIAN_POINT('',(0.0399994216096212,0.00728935552472677,0.00470302805640098));
#4125=CARTESIAN_POINT('',(0.0783338061516252,0.00654790559681989,0.00329796517672377));
#4126=CARTESIAN_POINT('',(0.116666834198748,0.00558714703992376,0.00164971586164358));
#4127=CARTESIAN_POINT('',(0.14,0.00500233702503345,0.000646432883234264));
#4128=CARTESIAN_POINT('',(0.0249989543853487,0.00747394993846004,0.00518916596612706));
#4129=CARTESIAN_POINT('',(0.0399994216096212,0.00719968135005222,0.00465844959828814));
#4130=CARTESIAN_POINT('',(0.0783338061516252,0.00646852197686191,0.00326854169306429));
#4131=CARTESIAN_POINT('',(0.116666834198748,0.00552089706506186,0.00163797279700238));
#4132=CARTESIAN_POINT('',(0.14,0.00494408144910671,0.000645451821216019));
#4133=CARTESIAN_POINT('',(0.0249989543853487,0.00733270973228169,0.00511294206867741));
#4134=CARTESIAN_POINT('',(0.0399994216096212,0.00706428001534333,0.00459098041584116));
#4135=CARTESIAN_POINT('',(0.0783338061516252,0.00634864209986258,0.00322397964155735));
#4136=CARTESIAN_POINT('',(0.116666834198748,0.00542083132558076,0.00162013872428153));
#4137=CARTESIAN_POINT('',(0.14,0.00485607649844078,0.000643886965729492));
#4138=CARTESIAN_POINT('',(0.0249989543853487,0.00728547388501973,0.00508742161114796));
#4139=CARTESIAN_POINT('',(0.0399994216096212,0.0070189959154372,0.00456838944405501));
#4140=CARTESIAN_POINT('',(0.0783338061516252,0.00630854641745303,0.00320905388079808));
#4141=CARTESIAN_POINT('',(0.116666834198748,0.00538735962616452,0.00161415720966526));
#4142=CARTESIAN_POINT('',(0.14,0.0048266367918339,0.000643349779121069));
#4143=CARTESIAN_POINT('',(0.0249989543853487,0.0071906370043401,0.00503612807397619));
#4144=CARTESIAN_POINT('',(0.0399994216096212,0.00692807570179714,0.00452298062290625));
#4145=CARTESIAN_POINT('',(0.0783338061516252,0.00622803823628605,0.00317904298386885));
#4146=CARTESIAN_POINT('',(0.116666834198748,0.00532014559151749,0.00160211454731507));
#4147=CARTESIAN_POINT('',(0.14,0.00476751485271752,0.000642244311611652));
#4148=CARTESIAN_POINT('',(0.0249989543853487,0.00714302145566056,0.00501034706804012));
#4149=CARTESIAN_POINT('',(0.0399994216096212,0.00688242592030184,0.00450015589044136));
#4150=CARTESIAN_POINT('',(0.0783338061516252,0.00618761425183631,0.00316395361327558));
#4151=CARTESIAN_POINT('',(0.116666834198748,0.00528639406881701,0.00159605169034021));
#4152=CARTESIAN_POINT('',(0.14,0.00473782483165751,0.000641675858538465));
#4153=CARTESIAN_POINT('',(0.0249989543853487,0.00699986867129803,0.00493275917117044));
#4154=CARTESIAN_POINT('',(0.0399994216096212,0.00674518237306799,0.00443146135829066));
#4155=CARTESIAN_POINT('',(0.0783338061516252,0.00606607943147918,0.00311852893798153));
#4156=CARTESIAN_POINT('',(0.116666834198748,0.00518491393515181,0.0015777778181564));
#4157=CARTESIAN_POINT('',(0.14,0.00464855190815843,0.00063992857511852));
#4158=CARTESIAN_POINT('',(0.0249989543853487,0.00690403622325822,0.00488071339614398));
#4159=CARTESIAN_POINT('',(0.0399994216096212,0.00665330440218892,0.0043853762784169));
#4160=CARTESIAN_POINT('',(0.0783338061516253,0.00598471343089007,0.00308803981467727));
#4161=CARTESIAN_POINT('',(0.116666834198748,0.00511696571807927,0.00156548260667398));
#4162=CARTESIAN_POINT('',(0.14,0.00458877104397783,0.000638707927341078));
#4163=CARTESIAN_POINT('',(0.0249989543853487,0.00671323451886188,0.0047768976319956));
#4164=CARTESIAN_POINT('',(0.0399994216096212,0.00647037342785182,0.00429344122898054));
#4165=CARTESIAN_POINT('',(0.0783338061516252,0.00582270408853353,0.00302718944155817));
#4166=CARTESIAN_POINT('',(0.116666834198748,0.00498165654341428,0.00154088929206242));
#4167=CARTESIAN_POINT('',(0.14,0.00446971415804156,0.00063618414390724));
#4168=CARTESIAN_POINT('',(0.0249989543853487,0.00661825409726553,0.00472512173611853));
#4169=CARTESIAN_POINT('',(0.0399994216096212,0.00637930757817255,0.00424758488141404));
#4170=CARTESIAN_POINT('',(0.0783338061516252,0.00574204413068212,0.00299682126151361));
#4171=CARTESIAN_POINT('',(0.116666834198748,0.00491427896376831,0.00152858837268844));
#4172=CARTESIAN_POINT('',(0.14,0.00441042151059876,0.000634880696172668));
#4173=CARTESIAN_POINT('',(0.0249989543853487,0.00642867866667181,0.00462160752844109));
#4174=CARTESIAN_POINT('',(0.0399994216096212,0.00619753914259903,0.00415589526768146));
#4175=CARTESIAN_POINT('',(0.0783338061516252,0.00558102925812284,0.00293607055970077));
#4176=CARTESIAN_POINT('',(0.116666834198748,0.00477975904837564,0.00150393218807076));
#4177=CARTESIAN_POINT('',(0.14,0.00429202897308256,0.000632195104464983));
#4178=CARTESIAN_POINT('',(0.0249989543853487,0.00633404238004137,0.0045698470707187));
#4179=CARTESIAN_POINT('',(0.0399994216096212,0.0061067969236533,0.00411004237196049));
#4180=CARTESIAN_POINT('',(0.0783338061516252,0.0055006391051011,0.00290567501291249));
#4181=CARTESIAN_POINT('',(0.116666834198748,0.00471258724236396,0.00149157174611792));
#4182=CARTESIAN_POINT('',(0.14,0.00423290312373324,0.000630812561019171));
#4183=CARTESIAN_POINT('',(0.0249989543853487,0.00614499158716929,0.00446629385620864));
#4184=CARTESIAN_POINT('',(0.0399994216096212,0.00592552105741491,0.00401829971789416));
#4185=CARTESIAN_POINT('',(0.0783338061516252,0.00534003236950463,0.00284483510492825));
#4186=CARTESIAN_POINT('',(0.116666834198748,0.0045783732868478,0.00146678802552941));
#4187=CARTESIAN_POINT('',(0.14,0.00411475435129662,0.00062797610214009));
#4188=CARTESIAN_POINT('',(0.0249989543853487,0.00605060655270218,0.00441451695972742));
#4189=CARTESIAN_POINT('',(0.0399994216096212,0.00583501551209558,0.0039724239156393));
#4190=CARTESIAN_POINT('',(0.0783338061516252,0.00525984029508434,0.00281439976481481));
#4191=CARTESIAN_POINT('',(0.116666834198748,0.00451135138466569,0.00145436834155434));
#4192=CARTESIAN_POINT('',(0.14,0.00405574908197968,0.000626522478325427));
#4193=CARTESIAN_POINT('',(0.0249989543853487,0.005862215842729,0.00431103331877977));
#4194=CARTESIAN_POINT('',(0.0399994216096212,0.00565436397005749,0.00388072678479968));
#4195=CARTESIAN_POINT('',(0.0783338061516253,0.005099763303274,0.00275354269994553));
#4196=CARTESIAN_POINT('',(0.116666834198748,0.00437754971535549,0.00142949606758777));
#4197=CARTESIAN_POINT('',(0.14,0.0039379410997746,0.000623554007299347));
#4198=CARTESIAN_POINT('',(0.0249989543853487,0.00576820023987911,0.00425932111003789));
#4199=CARTESIAN_POINT('',(0.0399994216096212,0.00556420840412196,0.00383490058675162));
#4200=CARTESIAN_POINT('',(0.0783338061516252,0.0050198697853506,0.00272311767785699));
#4201=CARTESIAN_POINT('',(0.116666834198748,0.00431076269899463,0.00141704212488174));
#4202=CARTESIAN_POINT('',(0.14,0.00387913196018509,0.000622038991054959));
#4203=CARTESIAN_POINT('',(0.0249989543853487,0.00548663625627454,0.0041042668211889));
#4204=CARTESIAN_POINT('',(0.0399994216096212,0.00529419896075004,0.00369748470757917));
#4205=CARTESIAN_POINT('',(0.0783338061516252,0.0047805789188002,0.00263185424578101));
#4206=CARTESIAN_POINT('',(0.116666834198748,0.00411070788183151,0.00137963416243791));
#4207=CARTESIAN_POINT('',(0.14,0.00370295997441777,0.000617412644524345));
#4208=CARTESIAN_POINT('',(0.0249989543853487,0.00529955923013771,0.00400100150899771));
#4209=CARTESIAN_POINT('',(0.0399994216096212,0.00511479149129922,0.00360595291530496));
#4210=CARTESIAN_POINT('',(0.0783338061516252,0.00462156202725285,0.00257102454717431));
#4211=CARTESIAN_POINT('',(0.116666834198748,0.00397773885620157,0.00135463301511031));
#4212=CARTESIAN_POINT('',(0.14,0.00358584618395141,0.000614220197683072));
#4213=CARTESIAN_POINT('',(0.0249989543853487,0.00474025158260805,0.00369170564460482));
#4214=CARTESIAN_POINT('',(0.0399994216096212,0.00457839645776163,0.00333176971818976));
#4215=CARTESIAN_POINT('',(0.0783338061516252,0.0041460844859173,0.00238871831778435));
#4216=CARTESIAN_POINT('',(0.116666834198748,0.00358008795246343,0.00127954950134597));
#4217=CARTESIAN_POINT('',(0.14,0.00323556805328463,0.000604402735905999));
#4218=CARTESIAN_POINT('',(0.0249989543853487,0.00436992212838247,0.00348616942100919));
#4219=CARTESIAN_POINT('',(0.0399994216096212,0.00422321494744924,0.0031495256743291));
#4220=CARTESIAN_POINT('',(0.0783338061516252,0.00383117819709064,0.00226742230031599));
#4221=CARTESIAN_POINT('',(0.116666834198748,0.00331664702310365,0.00122938790631303));
#4222=CARTESIAN_POINT('',(0.14,0.00300345388903158,0.000597540388478063));
#4223=CARTESIAN_POINT('',(0.0249989543853487,0.00391001516742115,0.00323045432848418));
#4224=CARTESIAN_POINT('',(0.0399994216096212,0.00378210580189817,0.00292276384109872));
#4225=CARTESIAN_POINT('',(0.0783338061516252,0.00344004948269085,0.00211642222159566));
#4226=CARTESIAN_POINT('',(0.116666834198748,0.00298939201441952,0.00116681555159852));
#4227=CARTESIAN_POINT('',(0.14,0.0027150785577883,0.000588793647099365));
#4228=CARTESIAN_POINT('',(0.0249989543853487,0.00381818577139761,0.00317937211239249));
#4229=CARTESIAN_POINT('',(0.0399994216096212,0.00369402904835901,0.00287746410532333));
#4230=CARTESIAN_POINT('',(0.0783338061516252,0.00336195045774087,0.00208625347481838));
#4231=CARTESIAN_POINT('',(0.116666834198748,0.00292404456672211,0.00115430755970015));
#4232=CARTESIAN_POINT('',(0.14,0.00265749294580855,0.000587035688338427));
#4233=CARTESIAN_POINT('',(0.0249989543853487,0.00363484929015535,0.00307735079653489));
#4234=CARTESIAN_POINT('',(0.0399994216096212,0.00351818361033436,0.00278698959745754));
#4235=CARTESIAN_POINT('',(0.0783338061516252,0.00320602267360288,0.00202599347112527));
#4236=CARTESIAN_POINT('',(0.116666834198748,0.00279357206070472,0.00112931383719087));
#4237=CARTESIAN_POINT('',(0.14,0.00254251496905649,0.000583508414684807));
#4238=CARTESIAN_POINT('',(0.0249989543853487,0.00354334531311157,0.00302641362418001));
#4239=CARTESIAN_POINT('',(0.0399994216096212,0.00343041783769231,0.00274181649873111));
#4240=CARTESIAN_POINT('',(0.0783338061516252,0.00312819632607191,0.00199590324864992));
#4241=CARTESIAN_POINT('',(0.116666834198748,0.00272844892494861,0.00111682857586535));
#4242=CARTESIAN_POINT('',(0.14,0.00248512422913894,0.00058173922506978));
#4243=CARTESIAN_POINT('',(0.0249989543853487,0.00336058752946823,0.00292464795218814));
#4244=CARTESIAN_POINT('',(0.0399994216096212,0.00325512510729481,0.00265156488844952));
#4245=CARTESIAN_POINT('',(0.0783338061516252,0.00297275237839662,0.00193578063351784));
#4246=CARTESIAN_POINT('',(0.116666834198748,0.00259837383603338,0.00109187368066423));
#4247=CARTESIAN_POINT('',(0.14,0.00237049106635878,0.000578190784871182));
#4248=CARTESIAN_POINT('',(0.0249989543853487,0.00326930771239996,0.00287380364195361));
#4249=CARTESIAN_POINT('',(0.0399994216096212,0.00316757310734612,0.00260647224983975));
#4250=CARTESIAN_POINT('',(0.0783338061516252,0.00289511233070377,0.00190573853901133));
#4251=CARTESIAN_POINT('',(0.116666834198748,0.00253340288982394,0.00107939964897631));
#4252=CARTESIAN_POINT('',(0.14,0.00231323175318553,0.000576410365022357));
#4253=CARTESIAN_POINT('',(0.0249989543853487,0.00313264309521255,0.0027976666329094));
#4254=CARTESIAN_POINT('',(0.0399994216096212,0.00303649005241909,0.00253894781200843));
#4255=CARTESIAN_POINT('',(0.0783338061516252,0.0027788700105398,0.00186075062500859));
#4256=CARTESIAN_POINT('',(0.116666834198748,0.00243612829514269,0.00106071650845472));
#4257=CARTESIAN_POINT('',(0.14,0.00222750273958953,0.00057373883830402));
#4258=CARTESIAN_POINT('',(0.0249989543853487,0.00308713567213231,0.00277231220539619));
#4259=CARTESIAN_POINT('',(0.0399994216096212,0.00299284123271361,0.00251646140865902));
#4260=CARTESIAN_POINT('',(0.0783338061516252,0.00274016298450252,0.0018457689584831));
#4261=CARTESIAN_POINT('',(0.116666834198748,0.00240373716674737,0.00105449424420524));
#4262=CARTESIAN_POINT('',(0.14,0.00219895607364269,0.000572848388315985));
#4263=CARTESIAN_POINT('',(0.0249989543853487,0.00299625204417127,0.00272167574369587));
#4264=CARTESIAN_POINT('',(0.0399994216096212,0.00290566958617395,0.00247155286644592));
#4265=CARTESIAN_POINT('',(0.0783338061516252,0.00266286098588951,0.0018158485652793));
#4266=CARTESIAN_POINT('',(0.116666834198748,0.00233904883224088,0.00104206738865347));
#4267=CARTESIAN_POINT('',(0.14,0.00214194562765564,0.000571069781422871));
#4268=CARTESIAN_POINT('',(0.0249989543853487,0.00295088467484907,0.00269639953667226));
#4269=CARTESIAN_POINT('',(0.0399994216096212,0.00286215537337634,0.00244913601887403));
#4270=CARTESIAN_POINT('',(0.0783338061516252,0.00262427400182827,0.00180091368640328));
#4271=CARTESIAN_POINT('',(0.116666834198748,0.00230675856399304,0.00103586467185523));
#4272=CARTESIAN_POINT('',(0.14,0.00211348814595148,0.000570182297882854));
#4273=CARTESIAN_POINT('',(0.0249989543853487,0.00281496126944224,0.00262066650024055));
#4274=CARTESIAN_POINT('',(0.0399994216096212,0.00273178299144421,0.00238196934573054));
#4275=CARTESIAN_POINT('',(0.0783338061516252,0.00250866115796716,0.00175616264069476));
#4276=CARTESIAN_POINT('',(0.116666834198748,0.00221000968610415,0.00101727739991897));
#4277=CARTESIAN_POINT('',(0.14,0.00202822169113539,0.000567520813772812));
#4278=CARTESIAN_POINT('',(0.0249989543853487,0.00272453607888086,0.00257027364113504));
#4279=CARTESIAN_POINT('',(0.0399994216096212,0.00264504925392438,0.00233727523216654));
#4280=CARTESIAN_POINT('',(0.0783338061516252,0.00243174293547585,0.00172638087602948));
#4281=CARTESIAN_POINT('',(0.116666834198748,0.00214563903429977,0.00100490446812145));
#4282=CARTESIAN_POINT('',(0.14,0.0019714886970418,0.000565744571159625));
#4283=CARTESIAN_POINT('',(0.0249989543853487,0.00254299476855004,0.00246896587606175));
#4284=CARTESIAN_POINT('',(0.0399994216096212,0.00247091256963892,0.00224741492714537));
#4285=CARTESIAN_POINT('',(0.0783338061516253,0.00227729599677951,0.00166647702938234));
#4286=CARTESIAN_POINT('',(0.116666834198748,0.00201636891506212,0.000979979114687657));
#4287=CARTESIAN_POINT('',(0.14,0.00185754361035977,0.000562110491157752));
#4288=CARTESIAN_POINT('',(0.0249989543853487,0.0024518091018313,0.00241800560666678));
#4289=CARTESIAN_POINT('',(0.0399994216096212,0.00238344346121261,0.00220220862849191));
#4290=CARTESIAN_POINT('',(0.0783338061516252,0.00219970991853156,0.00163632833547203));
#4291=CARTESIAN_POINT('',(0.116666834198748,0.00195142194652547,0.000967414024789799));
#4292=CARTESIAN_POINT('',(0.14,0.00180029001898369,0.000560248472963534));
#4293=CARTESIAN_POINT('',(0.0249989543853487,0.00226883883417165,0.00231560744698283));
#4294=CARTESIAN_POINT('',(0.0399994216096212,0.00220792760997322,0.00211136528564149));
#4295=CARTESIAN_POINT('',(0.0783338061516252,0.00204401665899644,0.00157572261169796));
#4296=CARTESIAN_POINT('',(0.116666834198748,0.00182107845349344,0.000942116644794834));
#4297=CARTESIAN_POINT('',(0.14,0.00168537683070382,0.000556443145163163));
#4298=CARTESIAN_POINT('',(0.0249989543853487,0.00217708869236176,0.00226419045278433));
#4299=CARTESIAN_POINT('',(0.0399994216096212,0.00211991375403253,0.00206574672022905));
#4300=CARTESIAN_POINT('',(0.0783338061516252,0.00196593824877072,0.00154527781263529));
#4301=CARTESIAN_POINT('',(0.116666834198748,0.00175570588431622,0.000929389833623472));
#4302=CARTESIAN_POINT('',(0.14,0.00162773825779384,0.000554501204642358));
#4303=CARTESIAN_POINT('',(0.0249989543853487,0.0019931694800289,0.00216099046450371));
#4304=CARTESIAN_POINT('',(0.0399994216096212,0.00194347978676724,0.00197417747442673));
#4305=CARTESIAN_POINT('',(0.0783338061516252,0.00180940925077913,0.00148414505798334));
#4306=CARTESIAN_POINT('',(0.116666834198748,0.00162463474266651,0.000903798926802968));
#4307=CARTESIAN_POINT('',(0.14,0.00151216321476277,0.000550544483029308));
#4308=CARTESIAN_POINT('',(0.0249989543853487,0.00190097653700882,0.00210919350811304));
#4309=CARTESIAN_POINT('',(0.0399994216096212,0.00185503683610182,0.00192821442061651));
#4310=CARTESIAN_POINT('',(0.0783338061516252,0.00173093854821038,0.00145344886123417));
#4311=CARTESIAN_POINT('',(0.116666834198748,0.00155891938278896,0.000890931235786463));
#4312=CARTESIAN_POINT('',(0.14,0.00145421198261078,0.000548528934445625));
#4313=CARTESIAN_POINT('',(0.0249989543853487,0.00162359521957637,0.00195315902589));
#4314=CARTESIAN_POINT('',(0.0399994216096212,0.00158893214130515,0.00178974357254929));
#4315=CARTESIAN_POINT('',(0.0783338061516252,0.00149482187598773,0.00136094091049382));
#4316=CARTESIAN_POINT('',(0.116666834198748,0.00136116280106337,0.000852100249773419));
#4317=CARTESIAN_POINT('',(0.14,0.00127980503949498,0.000542370909101134));
#4318=CARTESIAN_POINT('',(0.0249989543853487,0.0014376332801247,0.00184829478965539));
#4319=CARTESIAN_POINT('',(0.0399994216096212,0.00141052257523709,0.00169666927390157));
#4320=CARTESIAN_POINT('',(0.0783338061516252,0.00133649687918135,0.00129872039080878));
#4321=CARTESIAN_POINT('',(0.116666834198748,0.00122853286305756,0.000825913683415962));
#4322=CARTESIAN_POINT('',(0.14,0.00116281558432631,0.000538118070661897));
#4323=CARTESIAN_POINT('',(0.0249989543853487,0.00106376306975664,0.00163700119602567));
#4324=CARTESIAN_POINT('',(0.0399994216096212,0.00105182178376664,0.00150910609190092));
#4325=CARTESIAN_POINT('',(0.0783338061516252,0.00101813817549675,0.00117325930963418));
#4326=CARTESIAN_POINT('',(0.116666834198748,0.000961792153835793,0.000772985452746575));
#4327=CARTESIAN_POINT('',(0.14,0.000927494548542527,0.000529340305350871));
#4328=CARTESIAN_POINT('',(0.0249989543853487,0.00087583539945386,0.00153056050435788));
#4329=CARTESIAN_POINT('',(0.0399994216096212,0.000871511944363343,0.00141460713284587));
#4330=CARTESIAN_POINT('',(0.0783338061516252,0.000858087941348418,0.00111001196331242));
#4331=CARTESIAN_POINT('',(0.116666834198748,0.000827667511920724,0.000746240827723523));
#4332=CARTESIAN_POINT('',(0.14,0.000809150714272777,0.000524814745495659));
#4333=CARTESIAN_POINT('',(0.0249989543853487,0.000309122662638649,0.00120894076255743));
#4334=CARTESIAN_POINT('',(0.0399994216096212,0.000327751978080546,0.00112903589031296));
#4335=CARTESIAN_POINT('',(0.0783338061516253,0.000375372093491385,0.000918780703287424));
#4336=CARTESIAN_POINT('',(0.116666834198748,0.000423076697085212,0.000665206524969365));
#4337=CARTESIAN_POINT('',(0.14,0.000452114304648314,0.000510856904106176));
#4338=CARTESIAN_POINT('',(0.0249989543853487,-7.25846388276714E-5,0.000991468976419566));
#4339=CARTESIAN_POINT('',(0.0399994216096212,-3.85214579860271E-5,0.000935893615497252));
#4340=CARTESIAN_POINT('',(0.0783338061516252,5.01475571175465E-5,0.000789310507904394));
#4341=CARTESIAN_POINT('',(0.116666834198748,0.000150398824249197,0.000610117839756871));
#4342=CARTESIAN_POINT('',(0.14,0.000211421382521735,0.000501043956234941));
#4343=CARTESIAN_POINT('',(0.0249989543853487,-0.00122904443497672,0.000330518950053654));
#4344=CARTESIAN_POINT('',(0.0399994216096212,-0.00114828468259698,0.000348775465603153));
#4345=CARTESIAN_POINT('',(0.0783338061516252,-0.000935414272984276,0.000395418186592962));
#4346=CARTESIAN_POINT('',(0.116666834198748,-0.000676144065717308,0.000441968770608144));
#4347=CARTESIAN_POINT('',(0.14,-0.000518327294079851,0.000470303930920449));
#4348=CARTESIAN_POINT('',(0.0249989543853487,-0.00201512246881481,-0.000121473215724103));
#4349=CARTESIAN_POINT('',(0.0399994216096212,-0.0019027051230412,-5.28725783956585E-5));
#4350=CARTESIAN_POINT('',(0.0783338061516252,-0.00160562778249301,0.000125529316687127));
#4351=CARTESIAN_POINT('',(0.116666834198748,-0.00123850685321983,0.000326035393661626));
#4352=CARTESIAN_POINT('',(0.14,-0.00101504176454199,0.000448082666641295));
#4353=CARTESIAN_POINT('',(0.0249989543853487,-0.00361585792585153,-0.00104517664956794));
#4354=CARTESIAN_POINT('',(0.0399994216096212,-0.00343907472531254,-0.000873866057071818));
#4355=CARTESIAN_POINT('',(0.0783338061516252,-0.00297078219397939,-0.000426650815047831));
#4356=CARTESIAN_POINT('',(0.116666834198748,-0.00238432636516949,8.79800374578701E-5));
#4357=CARTESIAN_POINT('',(0.14,-0.00202735297209682,0.000401233845458468));
#4358=CARTESIAN_POINT('',(0.0249989543853487,-0.00443052219732531,-0.00151688539227962));
#4359=CARTESIAN_POINT('',(0.0399994216096212,-0.00422103026462715,-0.00129320890408132));
#4360=CARTESIAN_POINT('',(0.0783338061516252,-0.00366572823332891,-0.00070893933338366));
#4361=CARTESIAN_POINT('',(0.116666834198748,-0.00296778672217446,-3.41390669552786E-5));
#4362=CARTESIAN_POINT('',(0.14,-0.00254295242577284,0.000376609243351606));
#4363=CARTESIAN_POINT('',(0.0249989543853487,-0.00567290758463275,-0.00223746513570432));
#4364=CARTESIAN_POINT('',(0.0399994216096212,-0.00541357068174354,-0.00193385851000962));
#4365=CARTESIAN_POINT('',(0.0783338061516252,-0.00472567212926091,-0.00114039095062061));
#4366=CARTESIAN_POINT('',(0.116666834198748,-0.00385781764229531,-0.000221100952992656));
#4367=CARTESIAN_POINT('',(0.14,-0.00332955797517913,0.000338467310378469));
#4368=CARTESIAN_POINT('',(0.0249989543853487,-0.00609045216829424,-0.00247984290070737));
#4369=CARTESIAN_POINT('',(0.0399994216096212,-0.00581436944736985,-0.0021493612905034));
#4370=CARTESIAN_POINT('',(0.0783338061516253,-0.0050819236079714,-0.00128555465528675));
#4371=CARTESIAN_POINT('',(0.116666834198748,-0.00415698206058387,-0.000284057678819597));
#4372=CARTESIAN_POINT('',(0.14,-0.00359397372074887,0.000325549654382304));
#4373=CARTESIAN_POINT('',(0.0249989543853487,-0.00672168555918194,-0.00284646910793612));
#4374=CARTESIAN_POINT('',(0.0399994216096212,-0.00642029292377294,-0.00247534642320199));
#4375=CARTESIAN_POINT('',(0.0783338061516252,-0.00562051722732047,-0.00150517100526089));
#4376=CARTESIAN_POINT('',(0.116666834198748,-0.00460929064020423,-0.00037935728141492));
#4377=CARTESIAN_POINT('',(0.14,-0.00399376093065946,0.000305921174738611));
#4378=CARTESIAN_POINT('',(0.0249989543853487,-0.0069329221103338,-0.00296919161915132));
#4379=CARTESIAN_POINT('',(0.0399994216096212,-0.00662306107174983,-0.00258446692782903));
#4380=CARTESIAN_POINT('',(0.0783338061516252,-0.00580075743101764,-0.00157869121333138));
#4381=CARTESIAN_POINT('',(0.116666834198748,-0.00476065959396592,-0.000411269302205723));
#4382=CARTESIAN_POINT('',(0.14,-0.00412755606633389,0.000299335896497162));
#4383=CARTESIAN_POINT('',(0.0249989543853487,-0.00725109099709365,-0.00315408169259121));
#4384=CARTESIAN_POINT('',(0.0399994216096212,-0.00692847554014815,-0.00274886662025823));
#4385=CARTESIAN_POINT('',(0.0783338061516252,-0.00607224219442638,-0.00168946188419129));
#4386=CARTESIAN_POINT('',(0.116666834198748,-0.00498866122461389,-0.000459361227098729));
#4387=CARTESIAN_POINT('',(0.14,-0.0043290896823753,0.000289396281671137));
#4388=CARTESIAN_POINT('',(0.0249989543853487,-0.00735734813271694,-0.0032158355784855));
#4389=CARTESIAN_POINT('',(0.0399994216096212,-0.00703047324853312,-0.00280377695752561));
#4390=CARTESIAN_POINT('',(0.0783338061516252,-0.00616290886404101,-0.00172646078506567));
#4391=CARTESIAN_POINT('',(0.116666834198748,-0.00506480659011441,-0.000475426419790782));
#4392=CARTESIAN_POINT('',(0.14,-0.00439639598626744,0.000286073356124084));
#4393=CARTESIAN_POINT('',(0.0249989543853487,-0.00757014974220981,-0.00333952343395517));
#4394=CARTESIAN_POINT('',(0.0399994216096212,-0.00723474464248039,-0.00291375830600012));
#4395=CARTESIAN_POINT('',(0.0783338061516253,-0.00634448800670934,-0.00180056852578017));
#4396=CARTESIAN_POINT('',(0.116666834198748,-0.00521730479408332,-0.000507607906952408));
#4397=CARTESIAN_POINT('',(0.14,-0.00453119273541008,0.000279412217221196));
#4398=CARTESIAN_POINT('',(0.0249989543853487,-0.00767666111698675,-0.00340143811901324));
#4399=CARTESIAN_POINT('',(0.0399994216096212,-0.0073369867416245,-0.00296881227706202));
#4400=CARTESIAN_POINT('',(0.0783338061516252,-0.00643537286263438,-0.00183766613693347));
#4401=CARTESIAN_POINT('',(0.116666834198748,-0.00529363472578668,-0.000523719326853738));
#4402=CARTESIAN_POINT('',(0.14,-0.00459866314107571,0.000276075010706222));
#4403=CARTESIAN_POINT('',(0.0249989543853487,-0.00783686244534249,-0.0034945717490439));
#4404=CARTESIAN_POINT('',(0.0399994216096212,-0.00749076791247558,-0.00305162684320795));
#4405=CARTESIAN_POINT('',(0.0783338061516252,-0.00657207465932605,-0.00189347259373676));
#4406=CARTESIAN_POINT('',(0.116666834198748,-0.00540844633865501,-0.000547958386452768));
#4407=CARTESIAN_POINT('',(0.14,-0.00470015028377846,0.000271050903601303));
#4408=CARTESIAN_POINT('',(0.0249989543853487,-0.00789033726874122,-0.00352566106160994));
#4409=CARTESIAN_POINT('',(0.0399994216096212,-0.00754209985750818,-0.00307927165077269));
#4410=CARTESIAN_POINT('',(0.0783338061516252,-0.00661770592506601,-0.00191210205269268));
#4411=CARTESIAN_POINT('',(0.116666834198748,-0.00544677093960674,-0.000556050335039204));
#4412=CARTESIAN_POINT('',(0.14,-0.00473402734615462,0.0002693730967905));
#4413=CARTESIAN_POINT('',(0.0249989543853487,-0.00799748690576975,-0.003587958926301));
#4414=CARTESIAN_POINT('',(0.0399994216096212,-0.00764495602994661,-0.00313466757589481));
#4415=CARTESIAN_POINT('',(0.0783338061516252,-0.00670914016026421,-0.0019494333646328));
#4416=CARTESIAN_POINT('',(0.116666834198748,-0.00552356496384987,-0.000572266458167077));
#4417=CARTESIAN_POINT('',(0.14,-0.0048019099306555,0.000266009707364624));
#4418=CARTESIAN_POINT('',(0.0249989543853487,-0.00805117331505629,-0.00361917421063039));
#4419=CARTESIAN_POINT('',(0.0399994216096212,-0.00769649155277078,-0.00316242477477874));
#4420=CARTESIAN_POINT('',(0.0783338061516252,-0.00675495357375674,-0.00196813954068199));
#4421=CARTESIAN_POINT('',(0.116666834198748,-0.00556204337792819,-0.000580392518379143));
#4422=CARTESIAN_POINT('',(0.14,-0.00483592355898108,0.000264323722711439));
#4423=CARTESIAN_POINT('',(0.0249989543853487,-0.00821251666914194,-0.0037129896690277));
#4424=CARTESIAN_POINT('',(0.0399994216096212,-0.00785136958930773,-0.00324584659776754));
#4425=CARTESIAN_POINT('',(0.0783338061516252,-0.00689263202837695,-0.00202435803831966));
#4426=CARTESIAN_POINT('',(0.116666834198748,-0.0056776771025172,-0.000604815170019823));
#4427=CARTESIAN_POINT('',(0.14,-0.00493813874172599,0.000259255079460776));
#4428=CARTESIAN_POINT('',(0.0249989543853487,-0.00832038791866837,-0.00377571884065573));
#4429=CARTESIAN_POINT('',(0.0399994216096212,-0.00795491679538623,-0.00330162548601413));
#4430=CARTESIAN_POINT('',(0.0783338061516252,-0.00698467654770399,-0.00206194644238964));
#4431=CARTESIAN_POINT('',(0.116666834198748,-0.00575498203135745,-0.000621145872893428));
#4432=CARTESIAN_POINT('',(0.14,-0.00500647173888769,0.000255863857025782));
#4433=CARTESIAN_POINT('',(0.0249989543853487,-0.00848151173384614,-0.00386942366145521));
#4434=CARTESIAN_POINT('',(0.0399994216096212,-0.00810957974064466,-0.0033849469936712));
#4435=CARTESIAN_POINT('',(0.0783338061516252,-0.00712215323242346,-0.0021180932419126));
#4436=CARTESIAN_POINT('',(0.116666834198748,-0.0058704412986558,-0.000645541458991563));
#4437=CARTESIAN_POINT('',(0.14,-0.00510852908942196,0.000250795111643745));
#4438=CARTESIAN_POINT('',(0.0249989543853487,-0.00853510299766266,-0.00390059213898273));
#4439=CARTESIAN_POINT('',(0.0399994216096212,-0.00816102156505869,-0.00341266149208833));
#4440=CARTESIAN_POINT('',(0.0783338061516252,-0.00716787759570059,-0.00213676832946467));
#4441=CARTESIAN_POINT('',(0.116666834198748,-0.00590884210988765,-0.000653656042906359));
#4442=CARTESIAN_POINT('',(0.14,-0.00514247208287024,0.000249108665417689));
#4443=CARTESIAN_POINT('',(0.0249989543853487,-0.00864187921783859,-0.003962695468269));
#4444=CARTESIAN_POINT('',(0.0399994216096212,-0.00826351506467543,-0.00346788276900948));
#4445=CARTESIAN_POINT('',(0.0783338061516252,-0.00725897923082102,-0.00217397865156847));
#4446=CARTESIAN_POINT('',(0.116666834198748,-0.00598535232481105,-0.000669825124771958));
#4447=CARTESIAN_POINT('',(0.14,-0.00521010055679695,0.000245747305043288));
#4448=CARTESIAN_POINT('',(0.0249989543853487,-0.00869507815014353,-0.00399363843263015));
#4449=CARTESIAN_POINT('',(0.0399994216096212,-0.00831458036432418,-0.00349539688066018));
#4450=CARTESIAN_POINT('',(0.0783338061516252,-0.00730436911969716,-0.00219251911026801));
#4451=CARTESIAN_POINT('',(0.116666834198748,-0.00602347255715775,-0.000677881900243249));
#4452=CARTESIAN_POINT('',(0.14,-0.00524379577735197,0.000244071906975102));
#4453=CARTESIAN_POINT('',(0.0249989543853487,-0.00885418126778485,-0.00408618408011845));
#4454=CARTESIAN_POINT('',(0.0399994216096212,-0.00846730280378776,-0.00357768773737808));
#4455=CARTESIAN_POINT('',(0.0783338061516252,-0.00744011900910427,-0.00224797204172257));
#4456=CARTESIAN_POINT('',(0.116666834198748,-0.00613748153831685,-0.000701980055718241));
#4457=CARTESIAN_POINT('',(0.14,-0.00534457115181043,0.000239059282277722));
#4458=CARTESIAN_POINT('',(0.0249989543853487,-0.00895959177276782,-0.00414750351759753));
#4459=CARTESIAN_POINT('',(0.0399994216096212,-0.00856848648258149,-0.00363221300413565));
#4460=CARTESIAN_POINT('',(0.0783338061516252,-0.00753005923101099,-0.00228471606976472));
#4461=CARTESIAN_POINT('',(0.116666834198748,-0.0062130185793356,-0.000717949265179756));
#4462=CARTESIAN_POINT('',(0.14,-0.00541134103237132,0.000235735624475653));
#4463=CARTESIAN_POINT('',(0.0249989543853487,-0.00927443940973595,-0.00433067168998043));
#4464=CARTESIAN_POINT('',(0.0399994216096212,-0.00887071081827437,-0.00379508770948991));
#4465=CARTESIAN_POINT('',(0.0783338061516252,-0.00779870486694987,-0.00239447967503392));
#4466=CARTESIAN_POINT('',(0.116666834198748,-0.00643864606583199,-0.000765657210982763));
#4467=CARTESIAN_POINT('',(0.14,-0.00561078353780724,0.000225800718398355));
#4468=CARTESIAN_POINT('',(0.0249989543853487,-0.00948247912742454,-0.00445172251776648));
#4469=CARTESIAN_POINT('',(0.0399994216096212,-0.00907040937730507,-0.00390272775544098));
#4470=CARTESIAN_POINT('',(0.0783338061516252,-0.007976215660117,-0.00246702188682933));
#4471=CARTESIAN_POINT('',(0.116666834198748,-0.0065877331088388,-0.00079719228001561));
#4472=CARTESIAN_POINT('',(0.14,-0.00574256915410784,0.000219226538443673));
#4473=CARTESIAN_POINT('',(0.0249989543853487,-0.00989389010959926,-0.00469114804376073));
#4474=CARTESIAN_POINT('',(0.0399994216096212,-0.00946532604598389,-0.00411563008907134));
#4475=CARTESIAN_POINT('',(0.0783338061516252,-0.00832725694871284,-0.00261050951360394));
#4476=CARTESIAN_POINT('',(0.116666834198748,-0.00688256799762499,-0.000859578652715102));
#4477=CARTESIAN_POINT('',(0.14,-0.00600319142488125,0.000206206185190855));
#4478=CARTESIAN_POINT('',(0.0249989543853487,-0.0100973552456514,-0.00480957735180599));
#4479=CARTESIAN_POINT('',(0.0399994216096212,-0.00966063450204671,-0.00422094107384565));
#4480=CARTESIAN_POINT('',(0.0783338061516252,-0.0085008683339729,-0.00268148807219432));
#4481=CARTESIAN_POINT('',(0.116666834198748,-0.00702838407186243,-0.000890444375550106));
#4482=CARTESIAN_POINT('',(0.14,-0.00613208860088318,0.000199756990220232));
#4483=CARTESIAN_POINT('',(0.0249989543853487,-0.0107009058171527,-0.00516094605045271));
#4484=CARTESIAN_POINT('',(0.0399994216096212,-0.0102399907271837,-0.00453339195829704));
#4485=CARTESIAN_POINT('',(0.0783338061516252,-0.00901586678762228,-0.00289208592091663));
#4486=CARTESIAN_POINT('',(0.116666834198748,-0.00746093676570512,-0.00098204164159576));
#4487=CARTESIAN_POINT('',(0.14,-0.00651445687984439,0.000180594918248638));
#4488=CARTESIAN_POINT('',(0.0249989543853487,-0.0110940462839041,-0.00538990749921194));
#4489=CARTESIAN_POINT('',(0.0399994216096212,-0.010617373449907,-0.00473699768542102));
#4490=CARTESIAN_POINT('',(0.0783338061516252,-0.00935133343015079,-0.00302933251485141));
#4491=CARTESIAN_POINT('',(0.116666834198748,-0.0077427069797695,-0.00104175802183269));
#4492=CARTESIAN_POINT('',(0.14,-0.00676354228573895,0.000168070879002736));
#4493=CARTESIAN_POINT('',(0.0249989543853487,-0.0118599776795399,-0.00583619563618358));
#4494=CARTESIAN_POINT('',(0.0399994216096212,-0.0113526100288685,-0.00513387335707722));
#4495=CARTESIAN_POINT('',(0.0783338061516252,-0.010004920925788,-0.00329688976194875));
#4496=CARTESIAN_POINT('',(0.116666834198748,-0.00829169869537337,-0.00115822878357403));
#4497=CARTESIAN_POINT('',(0.14,-0.00724886695488282,0.00014356587610534));
#4498=CARTESIAN_POINT('',(0.0249989543853487,-0.0122327731938916,-0.00605352575918122));
#4499=CARTESIAN_POINT('',(0.0399994216096212,-0.011710468291392,-0.00532714638532692));
#4500=CARTESIAN_POINT('',(0.0783338061516252,-0.0103230457130659,-0.00342720258535111));
#4501=CARTESIAN_POINT('',(0.116666834198748,-0.00855892355730943,-0.0012149843051748));
#4502=CARTESIAN_POINT('',(0.14,-0.00748510922927552,0.000131584399401813));
#4503=CARTESIAN_POINT('',(0.0249989543853487,-0.0127748396887632,-0.00636974450726006));
#4504=CARTESIAN_POINT('',(0.0399994216096212,-0.0122308198755325,-0.00560837170787927));
#4505=CARTESIAN_POINT('',(0.0783338061516252,-0.0107856351684827,-0.00361684633539383));
#4506=CARTESIAN_POINT('',(0.116666834198748,-0.00894751841935628,-0.00129763394101623));
#4507=CARTESIAN_POINT('',(0.14,-0.00782866386874002,0.000114061666745498));
#4508=CARTESIAN_POINT('',(0.0249989543853487,-0.0129526685607735,-0.00647351813463128));
#4509=CARTESIAN_POINT('',(0.0399994216096212,-0.0124015258229084,-0.00570066325022605));
#4510=CARTESIAN_POINT('',(0.0783338061516252,-0.0109373940003052,-0.00367908807004611));
#4511=CARTESIAN_POINT('',(0.116666834198748,-0.0090750056837254,-0.00132476903272016));
#4512=CARTESIAN_POINT('',(0.14,-0.00794137712394527,0.000108295852721172));
#4513=CARTESIAN_POINT('',(0.0249989543853487,-0.0133022145625203,-0.00667757657145129));
#4514=CARTESIAN_POINT('',(0.0399994216096212,-0.0127370725020863,-0.00588214725349439));
#4515=CARTESIAN_POINT('',(0.0783338061516252,-0.0112357022632779,-0.00380149255823249));
#4516=CARTESIAN_POINT('',(0.116666834198748,-0.00932561125954145,-0.00137815283436872));
#4517=CARTESIAN_POINT('',(0.14,-0.00816294625872617,9.69246758181185E-5));
#4518=CARTESIAN_POINT('',(0.0249989543853487,-0.0134739325208263,-0.00677786189161937));
#4519=CARTESIAN_POINT('',(0.0399994216096212,-0.0129019140341459,-0.00597134017251163));
#4520=CARTESIAN_POINT('',(0.0783338061516252,-0.0113822524180713,-0.00386165563072547));
#4521=CARTESIAN_POINT('',(0.116666834198748,-0.00944873018752439,-0.00140440169083093));
#4522=CARTESIAN_POINT('',(0.14,-0.00827180268964199,9.13192713861728E-5));
#4523=CARTESIAN_POINT('',(0.0249989543853487,-0.0138107938862831,-0.00697467719517994));
#4524=CARTESIAN_POINT('',(0.0399994216096212,-0.0132252876127728,-0.0061463900217845));
#4525=CARTESIAN_POINT('',(0.0783338061516252,-0.0116697483971214,-0.00397974341580225));
#4526=CARTESIAN_POINT('',(0.116666834198748,-0.00969026754527834,-0.00145594444293298));
#4527=CARTESIAN_POINT('',(0.14,-0.00848536521249947,8.02822232880034E-5));
#4528=CARTESIAN_POINT('',(0.0249989543853487,-0.0139759374971533,-0.00707120729236292));
#4529=CARTESIAN_POINT('',(0.0399994216096212,-0.0133838198541358,-0.00623224705257041));
#4530=CARTESIAN_POINT('',(0.0783338061516252,-0.011810694392691,-0.00403766819443866));
#4531=CARTESIAN_POINT('',(0.116666834198748,-0.00980868611803051,-0.00148123836592244));
#4532=CARTESIAN_POINT('',(0.14,-0.00859007143017686,7.48505758305232E-5));
#4533=CARTESIAN_POINT('',(0.0249989543853487,-0.0142990876174973,-0.00726018503929267));
#4534=CARTESIAN_POINT('',(0.0399994216096212,-0.0136940347419135,-0.00640033419283652));
#4535=CARTESIAN_POINT('',(0.0783338061516252,-0.0120865016741956,-0.00415108318309159));
#4536=CARTESIAN_POINT('',(0.116666834198748,-0.0100404191592055,-0.00153078599962263));
#4537=CARTESIAN_POINT('',(0.14,-0.00879497665185601,6.41787538863778E-5));
#4538=CARTESIAN_POINT('',(0.0249989543853487,-0.0144570957208643,-0.00735263361661474));
#4539=CARTESIAN_POINT('',(0.0399994216096212,-0.0138457189024536,-0.00648256511681397));
#4540=CARTESIAN_POINT('',(0.0783338061516252,-0.0122213642667264,-0.00420657391732397));
#4541=CARTESIAN_POINT('',(0.116666834198748,-0.0101537347003681,-0.00155503993493781));
#4542=CARTESIAN_POINT('',(0.14,-0.00889517658625038,5.89385371675883E-5));
#4543=CARTESIAN_POINT('',(0.0249989543853487,-0.0147652744023354,-0.00753303743978289));
#4544=CARTESIAN_POINT('',(0.0399994216096212,-0.0141415650197152,-0.00664303440557157));
#4545=CARTESIAN_POINT('',(0.0783338061516252,-0.0124844061805991,-0.00431487365462582));
#4546=CARTESIAN_POINT('',(0.116666834198748,-0.0103747583775414,-0.00160239927297101));
#4547=CARTESIAN_POINT('',(0.14,-0.00909062392537976,4.86733842945563E-5));
#4548=CARTESIAN_POINT('',(0.0249989543853487,-0.0149154622826597,-0.00762100371641701));
#4549=CARTESIAN_POINT('',(0.0399994216096212,-0.0142857435040939,-0.00672128255785369));
#4550=CARTESIAN_POINT('',(0.0783338061516252,-0.0126125999995851,-0.00436768922956581));
#4551=CARTESIAN_POINT('',(0.116666834198748,-0.0104824786192917,-0.0016255077575634));
#4552=CARTESIAN_POINT('',(0.14,-0.00918588197991129,4.36474906130998E-5));
#4553=CARTESIAN_POINT('',(0.0249989543853487,-0.0151341446318698,-0.00774915452456805));
#4554=CARTESIAN_POINT('',(0.0399994216096212,-0.0144956768338472,-0.0068352787411659));
#4555=CARTESIAN_POINT('',(0.0783338061516252,-0.012799261605186,-0.00444464265836709));
#4556=CARTESIAN_POINT('',(0.116666834198748,-0.0106393345008582,-0.00165919436406214));
#4557=CARTESIAN_POINT('',(0.14,-0.00932459523262351,3.62972313822427E-5));
#4558=CARTESIAN_POINT('',(0.0249989543853487,-0.0152059553300223,-0.00779124908633204));
#4559=CARTESIAN_POINT('',(0.0399994216096212,-0.0145646149710393,-0.00687272453868772));
#4560=CARTESIAN_POINT('',(0.0783338061516252,-0.0128605589113742,-0.00446992256886668));
#4561=CARTESIAN_POINT('',(0.116666834198748,-0.0106908453990633,-0.0016702639642088));
#4562=CARTESIAN_POINT('',(0.14,-0.00937014918216829,3.3877392145289E-5));
#4563=CARTESIAN_POINT('',(0.0249989543853487,-0.015347321750044,-0.00787414384708589));
#4564=CARTESIAN_POINT('',(0.0399994216096212,-0.0147003263514051,-0.00694646556110391));
#4565=CARTESIAN_POINT('',(0.0783338061516253,-0.01298122847627,-0.00451970841575257));
#4566=CARTESIAN_POINT('',(0.116666834198748,-0.0107922509490435,-0.00169207115353112));
#4567=CARTESIAN_POINT('',(0.14,-0.0094598288008322,2.91007033882838E-5));
#4568=CARTESIAN_POINT('',(0.0249989543853487,-0.015416826688009,-0.00791491141586881));
#4569=CARTESIAN_POINT('',(0.0399994216096212,-0.0147670501059157,-0.00698273119148259));
#4570=CARTESIAN_POINT('',(0.0783338061516252,-0.0130405548931709,-0.00454419293556079));
#4571=CARTESIAN_POINT('',(0.116666834198748,-0.0108421058159139,-0.00170279850990888));
#4572=CARTESIAN_POINT('',(0.14,-0.00950391837185945,2.67472791424505E-5));
#4573=CARTESIAN_POINT('',(0.0249989543853487,-0.0155189845396053,-0.0079748350273348));
#4574=CARTESIAN_POINT('',(0.0399994216096212,-0.01486512084401,-0.00703603804408227));
#4575=CARTESIAN_POINT('',(0.0783338061516252,-0.0131277546616044,-0.00458018420559085));
#4576=CARTESIAN_POINT('',(0.116666834198748,-0.0109153854012166,-0.00171856841864399));
#4577=CARTESIAN_POINT('',(0.14,-0.0095687247955696,2.32860347591961E-5));
#4578=CARTESIAN_POINT('',(0.0249989543853487,-0.0155527128194311,-0.00799462143442584));
#4579=CARTESIAN_POINT('',(0.0399994216096212,-0.0148975001297138,-0.00705363997000765));
#4580=CARTESIAN_POINT('',(0.0783338061516252,-0.0131565457652844,-0.00459206937797421));
#4581=CARTESIAN_POINT('',(0.116666834198748,-0.0109395811402425,-0.00172377663083029));
#4582=CARTESIAN_POINT('',(0.14,-0.00959012335391722,2.21420624011427E-5));
#4583=CARTESIAN_POINT('',(0.0249989543853487,-0.0156029464888622,-0.00802410208603431));
#4584=CARTESIAN_POINT('',(0.0399994216096212,-0.0149457255276171,-0.00707986680796826));
#4585=CARTESIAN_POINT('',(0.0783338061516252,-0.0131994291924009,-0.00460978083530053));
#4586=CARTESIAN_POINT('',(0.116666834198748,-0.0109756218947593,-0.0017315410324562));
#4587=CARTESIAN_POINT('',(0.14,-0.00962199900010783,2.04323950791869E-5));
#4588=CARTESIAN_POINT('',(0.0249989543853487,-0.0156196312536213,-0.00803389581006579));
#4589=CARTESIAN_POINT('',(0.0399994216096212,-0.0149617434051428,-0.00708857974546722));
#4590=CARTESIAN_POINT('',(0.0783338061516252,-0.0132136731300391,-0.00461566527086784));
#4591=CARTESIAN_POINT('',(0.116666834198748,-0.0109875933372613,-0.00173412118022259));
#4592=CARTESIAN_POINT('',(0.14,-0.00963258718361622,1.98635545077224E-5));
#4593=CARTESIAN_POINT('',(0.0249989543853487,-0.0156529024923288,-0.00805343081113077));
#4594=CARTESIAN_POINT('',(0.0399994216096212,-0.0149936851349498,-0.00710595935123672));
#4595=CARTESIAN_POINT('',(0.0783338061516252,-0.0132420782625631,-0.00462740397078478));
#4596=CARTESIAN_POINT('',(0.116666834198748,-0.0110114674926063,-0.00173926962344327));
#4597=CARTESIAN_POINT('',(0.14,-0.00965370335068989,1.87265750299307E-5));
#4598=CARTESIAN_POINT('',(0.0249989543853487,-0.0156694969705952,-0.00806317723440238));
#4599=CARTESIAN_POINT('',(0.0399994216096212,-0.015009616796619,-0.00711463069150215));
#4600=CARTESIAN_POINT('',(0.0783338061516252,-0.0132562467069146,-0.0046332616263144));
#4601=CARTESIAN_POINT('',(0.116666834198748,-0.0110233764529976,-0.00174183953651677));
#4602=CARTESIAN_POINT('',(0.14,-0.00966423697194014,1.81578980640132E-5));
#4603=CARTESIAN_POINT('',(0.0249989543853487,-0.0157190896717184,-0.00809231029672474));
#4604=CARTESIAN_POINT('',(0.0399994216096212,-0.0150572271305341,-0.00714054942160112));
#4605=CARTESIAN_POINT('',(0.0783338061516252,-0.0132985840703574,-0.00465076847302624));
#4606=CARTESIAN_POINT('',(0.116666834198748,-0.0110589601828844,-0.00174952143121403));
#4607=CARTESIAN_POINT('',(0.14,-0.00969570979122183,1.64564136297642E-5));
#4608=CARTESIAN_POINT('',(0.0249989543853487,-0.0157518688207213,-0.00811157244121279));
#4609=CARTESIAN_POINT('',(0.0399994216096212,-0.0150886944677878,-0.00715768553788468));
#4610=CARTESIAN_POINT('',(0.0783338061516252,-0.0133265625834901,-0.00466234138973962));
#4611=CARTESIAN_POINT('',(0.116666834198748,-0.0110824737184848,-0.00175460081046391));
#4612=CARTESIAN_POINT('',(0.14,-0.00971650551228048,1.53296255001676E-5));
#4613=CARTESIAN_POINT('',(0.0249989543853487,-0.0158000137460873,-0.00813984034578971));
#4614=CARTESIAN_POINT('',(0.0399994216096212,-0.0151349092407845,-0.00718283046089371));
#4615=CARTESIAN_POINT('',(0.0783338061516252,-0.013367644890456,-0.00467931535173482));
#4616=CARTESIAN_POINT('',(0.116666834198748,-0.0111169934625434,-0.0017620442004117));
#4617=CARTESIAN_POINT('',(0.14,-0.00974703064969828,1.36874578688029E-5));
#4618=CARTESIAN_POINT('',(0.0249989543853487,-0.0158158914215195,-0.00814915876195617));
#4619=CARTESIAN_POINT('',(0.0399994216096212,-0.0151501497929695,-0.00719111889332734));
#4620=CARTESIAN_POINT('',(0.0783338061516252,-0.0133811914156557,-0.00468490910355408));
#4621=CARTESIAN_POINT('',(0.116666834198748,-0.0111283749506726,-0.00176449605057313));
#4622=CARTESIAN_POINT('',(0.14,-0.00975709428814252,1.31480710855193E-5));
#4623=CARTESIAN_POINT('',(0.0249989543853487,-0.0158472055362513,-0.00816752291247654));
#4624=CARTESIAN_POINT('',(0.0399994216096212,-0.0151802060022366,-0.0072074518917654));
#4625=CARTESIAN_POINT('',(0.0783338061516252,-0.0134079033336459,-0.00469592847926215));
#4626=CARTESIAN_POINT('',(0.116666834198748,-0.0111508148850075,-0.00176932238240288));
#4627=CARTESIAN_POINT('',(0.14,-0.00977693388256152,1.20914210938255E-5));
#4628=CARTESIAN_POINT('',(0.0249989543853487,-0.0158626067968119,-0.00817654599795615));
#4629=CARTESIAN_POINT('',(0.0399994216096212,-0.0151949877006614,-0.00721547613146126));
#4630=CARTESIAN_POINT('',(0.0783338061516252,-0.0134210380934791,-0.00470133990010543));
#4631=CARTESIAN_POINT('',(0.116666834198748,-0.0111618475103124,-0.00177169012824004));
#4632=CARTESIAN_POINT('',(0.14,-0.0097866869467156,1.15763484521082E-5));
#4633=CARTESIAN_POINT('',(0.0249989543853487,-0.0159083927168406,-0.00820336326927599));
#4634=CARTESIAN_POINT('',(0.0399994216096212,-0.0152389382599109,-0.00723932872738054));
#4635=CARTESIAN_POINT('',(0.0783338061516252,-0.0134601078220828,-0.00471743501019076));
#4636=CARTESIAN_POINT('',(0.116666834198748,-0.0111946735047648,-0.00177873193266795));
#4637=CARTESIAN_POINT('',(0.14,-0.00981571240435692,1.00452561363262E-5));
#4638=CARTESIAN_POINT('',(0.0249989543853487,-0.0159384410059503,-0.00822095816456296));
#4639=CARTESIAN_POINT('',(0.0399994216096212,-0.0152677882805782,-0.00725498236182279));
#4640=CARTESIAN_POINT('',(0.0783338061516252,-0.013485769324007,-0.00472800680842602));
#4641=CARTESIAN_POINT('',(0.116666834198748,-0.0112162428868237,-0.00178335724471087));
#4642=CARTESIAN_POINT('',(0.14,-0.00983479092889269,9.03954722234047E-6));
#4643=CARTESIAN_POINT('',(0.0249989543853487,-0.015985073645811,-0.00824839223850184));
#4644=CARTESIAN_POINT('',(0.0399994216096212,-0.0153125747803175,-0.00727940246304616));
#4645=CARTESIAN_POINT('',(0.0783338061516252,-0.0135256401726772,-0.00474453338015704));
#4646=CARTESIAN_POINT('',(0.116666834198748,-0.0112497831346979,-0.00179062246811379));
#4647=CARTESIAN_POINT('',(0.14,-0.00986447776456549,7.41167069995511E-6));
#4648=CARTESIAN_POINT('',(0.0249989543853487,-0.0160008778934639,-0.00825771055164954));
#4649=CARTESIAN_POINT('',(0.0399994216096212,-0.0153277555250203,-0.00728769910504727));
#4650=CARTESIAN_POINT('',(0.0783338061516252,-0.0135391602215312,-0.00475015371646374));
#4651=CARTESIAN_POINT('',(0.116666834198748,-0.0112611609131203,-0.00179309875180452));
#4652=CARTESIAN_POINT('',(0.14,-0.00987455155126794,6.84915966725867E-6));
#4653=CARTESIAN_POINT('',(0.0249989543853487,-0.0160333854062618,-0.00827693886484738));
#4654=CARTESIAN_POINT('',(0.0399994216096212,-0.0153589853368364,-0.00730482423787214));
#4655=CARTESIAN_POINT('',(0.0783338061516252,-0.0135669858630842,-0.00476176839505496));
#4656=CARTESIAN_POINT('',(0.116666834198748,-0.0112845882109186,-0.00179823225291585));
#4657=CARTESIAN_POINT('',(0.14,-0.00989530159424702,5.6607262020291E-6));
#4658=CARTESIAN_POINT('',(0.0249989543853487,-0.0160501647600319,-0.00828689810188852));
#4659=CARTESIAN_POINT('',(0.0399994216096212,-0.015375102337766,-0.0073136933285385));
#4660=CARTESIAN_POINT('',(0.0783338061516252,-0.0135813390077771,-0.00476778260272534));
#4661=CARTESIAN_POINT('',(0.116666834198748,-0.0112966681798066,-0.00180089817789434));
#4662=CARTESIAN_POINT('',(0.14,-0.00990599788982094,5.03288793828215E-6));
#4663=CARTESIAN_POINT('',(0.0249989543853487,-0.0160998440086748,-0.00831637210311691));
#4664=CARTESIAN_POINT('',(0.0399994216096212,-0.015422796590252,-0.00733992533822807));
#4665=CARTESIAN_POINT('',(0.0783338061516252,-0.0136237548116274,-0.00478553283401352));
#4666=CARTESIAN_POINT('',(0.116666834198748,-0.0113323337471946,-0.00180875921524356));
#4667=CARTESIAN_POINT('',(0.14,-0.00993755461440176,3.19136466279578E-6));
#4668=CARTESIAN_POINT('',(0.0249989543853487,-0.0161320514892279,-0.00833546093262592));
#4669=CARTESIAN_POINT('',(0.0399994216096212,-0.0154536901303287,-0.00735689645095768));
#4670=CARTESIAN_POINT('',(0.0783338061516252,-0.0136511624211488,-0.0047969729097288));
#4671=CARTESIAN_POINT('',(0.116666834198748,-0.0113553389076037,-0.00181381607446666));
#4672=CARTESIAN_POINT('',(0.14,-0.00995788002107616,2.0199446117451E-6));
#4673=CARTESIAN_POINT('',(0.0249989543853487,-0.0161634572045617,-0.00835365166993037));
#4674=CARTESIAN_POINT('',(0.0399994216096212,-0.0154837594626079,-0.00737301959464008));
#4675=CARTESIAN_POINT('',(0.0783338061516252,-0.013677699541736,-0.00480771138614629));
#4676=CARTESIAN_POINT('',(0.116666834198748,-0.0113775065295106,-0.00181844849325142));
#4677=CARTESIAN_POINT('',(0.14,-0.00997738794604894,1.10425947404895E-6));
#4678=CARTESIAN_POINT('',(0.0249989543853487,-0.0161692956658606,-0.00835700630241218));
#4679=CARTESIAN_POINT('',(0.0399994216096212,-0.015489345949423,-0.00737598968601509));
#4680=CARTESIAN_POINT('',(0.0783338061516252,-0.0136826208462877,-0.00480968100051845));
#4681=CARTESIAN_POINT('',(0.116666834198748,-0.0113816106124618,-0.00181929054424616));
#4682=CARTESIAN_POINT('',(0.14,-0.00998099458937499,9.48551942815563E-7));
#4683=CARTESIAN_POINT('',(0.0249989543853487,-0.0161798943846182,-0.00836302429569815));
#4684=CARTESIAN_POINT('',(0.0399994216096212,-0.0154994786810836,-0.00738130967829044));
#4685=CARTESIAN_POINT('',(0.0783338061516252,-0.0136915253312595,-0.00481318732110352));
#4686=CARTESIAN_POINT('',(0.116666834198748,-0.0113890192961798,-0.00182076930909085));
#4687=CARTESIAN_POINT('',(0.14,-0.00998749278465934,7.03952429469485E-7));
#4688=CARTESIAN_POINT('',(0.0249989543853487,-0.0161846827544837,-0.00836569046747994));
#4689=CARTESIAN_POINT('',(0.0399994216096212,-0.0155040513069568,-0.00738366132148651));
#4690=CARTESIAN_POINT('',(0.0783338061516252,-0.013695530269486,-0.00481472308327532));
#4691=CARTESIAN_POINT('',(0.116666834198748,-0.0113923396105146,-0.00182140271273611));
#4692=CARTESIAN_POINT('',(0.14,-0.00999039637108126,6.19810926663806E-7));
#4693=CARTESIAN_POINT('',(0.0249989543853487,-0.0161967833431462,-0.00837242999242945));
#4694=CARTESIAN_POINT('',(0.0399994216096212,-0.0155155792737569,-0.00738959533496229));
#4695=CARTESIAN_POINT('',(0.0783338061516252,-0.0137055599856728,-0.00481857463238668));
#4696=CARTESIAN_POINT('',(0.116666834198748,-0.0114006214647865,-0.00182300053847622));
#4697=CARTESIAN_POINT('',(0.14,-0.00999761430857076,3.93817879427533E-7));
#4698=CARTESIAN_POINT('',(0.0249989543853487,-0.0162017782876124,-0.00837523801606332));
#4699=CARTESIAN_POINT('',(0.0399994216096212,-0.0155202979971498,-0.00739205225797705));
#4700=CARTESIAN_POINT('',(0.0783338061516252,-0.0137095670952948,-0.00482013460959855));
#4701=CARTESIAN_POINT('',(0.116666834198748,-0.0114038760674019,-0.00182366580559979));
#4702=CARTESIAN_POINT('',(0.14,-0.0100004108630839,2.73157323549612E-7));
#4703=CARTESIAN_POINT('',(0.0249989543853487,-0.0162010251202056,-0.00837618448067844));
#4704=CARTESIAN_POINT('',(0.0399994216096212,-0.0155194368623667,-0.00739288862777156));
#4705=CARTESIAN_POINT('',(0.0783338061516252,-0.0137084765569036,-0.00482073196426066));
#4706=CARTESIAN_POINT('',(0.116666834198748,-0.0114028889707236,-0.00182432711656762));
#4707=CARTESIAN_POINT('',(0.14,-0.00999948673097583,-4.27083600017674E-7));
#4708=CARTESIAN_POINT('',(0.0299531948795363,0.00915736958203558,0.00592919264978078));
#4709=CARTESIAN_POINT('',(0.0300497825346074,0.00882908431926092,0.0057604472716515));
#4710=CARTESIAN_POINT('',(0.0301847169381639,0.00833925906267826,0.00550579396322214));
#4711=CARTESIAN_POINT('',(0.0303468168392617,0.00768647439444086,0.00516222084553307));
#4712=CARTESIAN_POINT('',(0.0304553224132848,0.00722010774225447,0.00491518510904823));
#4713=CARTESIAN_POINT('',(0.0305674107731956,0.00669202586340277,0.00463382385936463));
#4714=CARTESIAN_POINT('',(0.0306865519051303,0.00608887943912953,0.00431092954161782));
#4715=CARTESIAN_POINT('',(0.0308880227736161,0.00491949472520533,0.0036816164967997));
#4716=CARTESIAN_POINT('',(0.0310854829296742,0.00329983531943545,0.0028045027033016));
#4717=CARTESIAN_POINT('',(0.0312411886957152,0.000680675402513327,0.0013834767455526));
#4718=CARTESIAN_POINT('',(0.031146520808962,-0.00195001753248733,-8.00407574017288E-5));
#4719=CARTESIAN_POINT('',(0.0307991920723917,-0.00457151062726027,-0.00155445640715476));
#4720=CARTESIAN_POINT('',(0.0304830741995659,-0.00617713441814562,-0.00246436811928887));
#4721=CARTESIAN_POINT('',(0.0301962727480437,-0.0073318955899975,-0.00312257985451576));
#4722=CARTESIAN_POINT('',(0.0300334465709003,-0.0079259693118896,-0.00346219592567837));
#4723=CARTESIAN_POINT('',(0.0298356296715886,-0.0086098957721498,-0.00385398655741165));
#4724=CARTESIAN_POINT('',(0.0295907168701827,-0.00937790654400918,-0.00429551208166772));
#4725=CARTESIAN_POINT('',(0.0292522738391682,-0.0103386147669572,-0.00485044099395797));
#4726=CARTESIAN_POINT('',(0.0289617357774846,-0.0110833038905861,-0.00528295714244194));
#4727=CARTESIAN_POINT('',(0.0287032401031253,-0.0117041399964987,-0.00564508626501233));
#4728=CARTESIAN_POINT('',(0.0284916341644066,-0.012188312811928,-0.00592847658375445));
#4729=CARTESIAN_POINT('',(0.0283291418921724,-0.0125439659297839,-0.00613735364944313));
#4730=CARTESIAN_POINT('',(0.0281870001323168,-0.0128464722671131,-0.00631543703423401));
#4731=CARTESIAN_POINT('',(0.0280641984133203,-0.0131013872384603,-0.00646583118467113));
#4732=CARTESIAN_POINT('',(0.0279826978458582,-0.0132672578937884,-0.00656386201360438));
#4733=CARTESIAN_POINT('',(0.0278725864601836,-0.0134880197285479,-0.00669451925076916));
#4734=CARTESIAN_POINT('',(0.0277742802807005,-0.0136811224834355,-0.00680903791455763));
#4735=CARTESIAN_POINT('',(0.0276851537269721,-0.0138531954065841,-0.0069112643538037));
#4736=CARTESIAN_POINT('',(0.0276233073457872,-0.0139714463123144,-0.00698158335916563));
#4737=CARTESIAN_POINT('',(0.0275264580911989,-0.0141540662900396,-0.00709034211638581));
#4738=CARTESIAN_POINT('',(0.0274227985423809,-0.0143465604228788,-0.00720517660779359));
#4739=CARTESIAN_POINT('',(0.0273067793642222,-0.0145579502857515,-0.00733154266695435));
#4740=CARTESIAN_POINT('',(0.0272217921793388,-0.014709598549771,-0.0074224001102216));
#4741=CARTESIAN_POINT('',(0.0271621566592291,-0.0148148482733743,-0.00748553803408939));
#4742=CARTESIAN_POINT('',(0.0271440045578789,-0.0148468949971015,-0.00750476199628823));
#4743=CARTESIAN_POINT('',(0.0270622148016906,-0.0149899937078625,-0.00759070609578114));
#4744=CARTESIAN_POINT('',(0.0269817290507062,-0.0151289176554441,-0.00767427749121177));
#4745=CARTESIAN_POINT('',(0.0269055763653812,-0.0152590974561408,-0.00775269578659908));
#4746=CARTESIAN_POINT('',(0.0268267548873663,-0.0153919097204229,-0.00783283887277815));
#4747=CARTESIAN_POINT('',(0.0267865225008558,-0.0154591395571712,-0.00787343705085301));
#4748=CARTESIAN_POINT('',(0.0267213659998003,-0.0155672784373403,-0.00793880068401917));
#4749=CARTESIAN_POINT('',(0.0266559379485044,-0.0156750763262871,-0.00800410680190025));
#4750=CARTESIAN_POINT('',(0.0266285679312534,-0.0157195600924484,-0.00803108069276392));
#4751=CARTESIAN_POINT('',(0.0265453843412359,-0.0158571640914592,-0.00811433361398634));
#4752=CARTESIAN_POINT('',(0.0265171261602201,-0.0158988629549347,-0.00813954009834252));
#4753=CARTESIAN_POINT('',(0.0264573209282103,-0.0159907451571122,-0.00819591214890008));
#4754=CARTESIAN_POINT('',(0.0264560184575971,-0.0159924932332784,-0.0081969972344323));
#4755=CARTESIAN_POINT('',(0.0264318220819859,-0.0160318936787583,-0.00822115453453404));
#4756=CARTESIAN_POINT('',(0.0264197179297644,-0.0160542529280537,-0.00823468867706612));
#4757=CARTESIAN_POINT('',(0.0264023758486904,-0.0160838281561394,-0.0082528619223099));
#4758=CARTESIAN_POINT('',(0.0263857185247805,-0.0161413428227941,-0.00828581054108843));
#4759=CARTESIAN_POINT('',(0.0263750601910573,-0.0161319915010233,-0.0082809965853775));
#4760=CARTESIAN_POINT('',(0.0263355160000719,-0.0161410187605646,-0.00828777940662731));
#4761=CARTESIAN_POINT('',(0.0263380321949621,-0.0161381256312007,-0.00828603838831608));
#4762=CARTESIAN_POINT('',(0.0263041658658988,-0.016141584467358,-0.00828941997225398));
#4763=CARTESIAN_POINT('',(0.0262568365388691,-0.0161436010667793,-0.00829252465081137));
#4764=CARTESIAN_POINT('',(0.0261831795156659,-0.0161474445441596,-0.0082977316258084));
#4765=CARTESIAN_POINT('',(0.0260547200927961,-0.0161533592629174,-0.00830628737165267));
#4766=CARTESIAN_POINT('',(0.0260320881043304,-0.0161544043489094,-0.00830778856140058));
#4767=CARTESIAN_POINT('',(0.025967512758588,-0.0161573682646679,-0.00831207557098284));
#4768=CARTESIAN_POINT('',(0.0258801242372464,-0.0161613557336801,-0.00831784960604733));
#4769=CARTESIAN_POINT('',(0.0258587547274415,-0.0161623272403506,-0.00831927544620837));
#4770=CARTESIAN_POINT('',(0.0258599001501815,-0.0161622758355549,-0.00831921377969896));
#4771=CARTESIAN_POINT('',(0.0259414073710363,-0.0161585528087991,-0.00831389798164487));
#4772=CARTESIAN_POINT('',(0.0259598217525718,-0.0161577050491703,-0.00831269600303101));
#4773=CARTESIAN_POINT('',(0.0261279370404947,-0.016150066023196,-0.00830170227277929));
#4774=CARTESIAN_POINT('',(0.026298391707482,-0.016142019437504,-0.0082904630559168));
#4775=CARTESIAN_POINT('',(0.0264699234996386,-0.0161347182479035,-0.00827937999442048));
#4776=CARTESIAN_POINT('',(0.0266530453046672,-0.0161248931268731,-0.00826695256073325));
#4777=CARTESIAN_POINT('',(0.0267213011593267,-0.0161242546497776,-0.00826333268047723));
#4778=CARTESIAN_POINT('',(0.0267918982320295,-0.0161122360238822,-0.00825596444710598));
#4779=CARTESIAN_POINT('',(0.0268616685635889,-0.016133191622552,-0.00825933811911716));
#4780=CARTESIAN_POINT('',(0.0268907284922312,-0.0160693185178903,-0.00823747929707712));
#4781=CARTESIAN_POINT('',(0.0269109521702513,-0.0160218633975109,-0.00822239323037333));
#4782=CARTESIAN_POINT('',(0.0269552388089582,-0.0159447818184527,-0.00819754817965617));
#4783=CARTESIAN_POINT('',(0.0269731494908355,-0.0159150914273962,-0.00818793421394066));
#4784=CARTESIAN_POINT('',(0.027014220559164,-0.0158489785212123,-0.00816634634350625));
#4785=CARTESIAN_POINT('',(0.0270692176598102,-0.0157567461750305,-0.00813591148322312));
#4786=CARTESIAN_POINT('',(0.0271491581059778,-0.0156131777375016,-0.0080888380263866));
#4787=CARTESIAN_POINT('',(0.0271763756461832,-0.0155659836471063,-0.00807338761040164));
#4788=CARTESIAN_POINT('',(0.0272828244586468,-0.0153761842356087,-0.00801109946356938));
#4789=CARTESIAN_POINT('',(0.0273358047728813,-0.0152807328366506,-0.00797967757343132));
#4790=CARTESIAN_POINT('',(0.0274055997005911,-0.0151536065700564,-0.00793784674752743));
#4791=CARTESIAN_POINT('',(0.0274557383566129,-0.015061178420686,-0.0079074118266722));
#4792=CARTESIAN_POINT('',(0.0275087797631484,-0.0149626042689685,-0.00787491867464692));
#4793=CARTESIAN_POINT('',(0.0275185989772,-0.0149442715449227,-0.00786887099289905));
#4794=CARTESIAN_POINT('',(0.0275542925035123,-0.014877791800101,-0.00784694049352794));
#4795=CARTESIAN_POINT('',(0.0276306018234923,-0.0147347178529148,-0.00779970859847416));
#4796=CARTESIAN_POINT('',(0.0277519185010407,-0.0145015692541698,-0.00772260849376718));
#4797=CARTESIAN_POINT('',(0.0278659301901241,-0.014277577177259,-0.00764839404190039));
#4798=CARTESIAN_POINT('',(0.0279824826369566,-0.0140439944505777,-0.00757083235356752));
#4799=CARTESIAN_POINT('',(0.028038996607813,-0.0139287720756533,-0.00753250115384518));
#4800=CARTESIAN_POINT('',(0.0281304388025079,-0.0137407623624566,-0.0074699087534941));
#4801=CARTESIAN_POINT('',(0.0282297798595836,-0.0135323977033179,-0.00740039503391075));
#4802=CARTESIAN_POINT('',(0.0283434125258008,-0.0132886849013685,-0.00731889144923614));
#4803=CARTESIAN_POINT('',(0.028432280509549,-0.0130945503377621,-0.0072538419315339));
#4804=CARTESIAN_POINT('',(0.0285547740415923,-0.0128208904487806,-0.00716194063291702));
#4805=CARTESIAN_POINT('',(0.0286992093831818,-0.0124892316511584,-0.0070502347545819));
#4806=CARTESIAN_POINT('',(0.0288652248673291,-0.0120954084432355,-0.00691712307911285));
#4807=CARTESIAN_POINT('',(0.029075953138089,-0.0115695672443697,-0.00673843424561527));
#4808=CARTESIAN_POINT('',(0.0293331893269697,-0.0108914753521004,-0.00650662499729216));
#4809=CARTESIAN_POINT('',(0.0297378818565236,-0.00973845646196554,-0.00610911522119955));
#4810=CARTESIAN_POINT('',(0.0302496208826617,-0.00799629468638867,-0.00549721813565827));
#4811=CARTESIAN_POINT('',(0.0308517142753817,-0.00524817666986224,-0.00450349065756816));
#4812=CARTESIAN_POINT('',(0.0311716618738497,-0.00242570431370548,-0.00343159716869023));
#4813=CARTESIAN_POINT('',(0.0312011521003775,0.000332437344692099,-0.00231364269579332));
#4814=CARTESIAN_POINT('',(0.0311013584012434,0.00207528355711791,-0.00157145758333963));
#4815=CARTESIAN_POINT('',(0.0309548180828881,0.00342604366100265,-0.000971198724358024));
#4816=CARTESIAN_POINT('',(0.0308077711924755,0.00445361803724182,-0.000501370595594097));
#4817=CARTESIAN_POINT('',(0.0306362092665717,0.00541386566961927,-4.46541556643636E-5));
#4818=CARTESIAN_POINT('',(0.030427419359475,0.00639690214953109,0.00044378413203074));
#4819=CARTESIAN_POINT('',(0.0302312396835814,0.00718695169276291,0.000854874083605525));
#4820=CARTESIAN_POINT('',(0.0300609850273104,0.00780950063580221,0.00118997579533785));
#4821=CARTESIAN_POINT('',(0.0299181983722772,0.00829538272260951,0.00145836700043716));
#4822=CARTESIAN_POINT('',(0.0297968889793522,0.0086897976087389,0.00168112487913192));
#4823=CARTESIAN_POINT('',(0.0296617556932831,0.009102812497982,0.00191975849362914));
#4824=CARTESIAN_POINT('',(0.0295508264061447,0.0094268518618322,0.00211133889866198));
#4825=CARTESIAN_POINT('',(0.0294501151206323,0.00971375579568059,0.0022830562265147));
#4826=CARTESIAN_POINT('',(0.02930520933837,0.0101102686145426,0.00252531718026188));
#4827=CARTESIAN_POINT('',(0.0291770405293114,0.0104440150731359,0.00273473648416158));
#4828=CARTESIAN_POINT('',(0.0290710271636309,0.0107107576375701,0.00290551641791949));
#4829=CARTESIAN_POINT('',(0.0290113226477116,0.0108582518616758,0.00300099331960567));
#4830=CARTESIAN_POINT('',(0.0289575568879677,0.0109891476008969,0.00308648951978478));
#4831=CARTESIAN_POINT('',(0.0289319570150157,0.0110507300419215,0.00312699795691538));
#4832=CARTESIAN_POINT('',(0.0288813426974106,0.011171807383799,0.00320691065049618));
#4833=CARTESIAN_POINT('',(0.0288110098154588,0.0113373523685929,0.0033173223115926));
#4834=CARTESIAN_POINT('',(0.0287129333080411,0.0115639062670491,0.00347041762527848));
#4835=CARTESIAN_POINT('',(0.0285844546911407,0.0118516424786062,0.00366903467769675));
#4836=CARTESIAN_POINT('',(0.0284948472722294,0.0120470137179914,0.00380654922922412));
#4837=CARTESIAN_POINT('',(0.0283946242529985,0.0122619825721444,0.00395993684419055));
#4838=CARTESIAN_POINT('',(0.0283116059913794,0.0124354840953744,0.00408609955594221));
#4839=CARTESIAN_POINT('',(0.0282478019225821,0.0125661931416975,0.00418224117902296));
#4840=CARTESIAN_POINT('',(0.0281906954099787,0.0126820480469517,0.00426837481260457));
#4841=CARTESIAN_POINT('',(0.0281685499465413,0.0127266785338842,0.00430181680797236));
#4842=CARTESIAN_POINT('',(0.0281168918548313,0.012830285692816,0.00437968187293897));
#4843=CARTESIAN_POINT('',(0.0280417542739429,0.0129789433768715,0.0044927127528549));
#4844=CARTESIAN_POINT('',(0.0279285251454006,0.0131987156403738,0.00466271357262166));
#4845=CARTESIAN_POINT('',(0.027732927138586,0.0135677095033639,0.00495590967208337));
#4846=CARTESIAN_POINT('',(0.0275659532862932,0.0138678952381037,0.00520615566933874));
#4847=CARTESIAN_POINT('',(0.0274536655408586,0.0140639255509094,0.00537479517380405));
#4848=CARTESIAN_POINT('',(0.0273936299823003,0.0141671672667009,0.00546511823132921));
#4849=CARTESIAN_POINT('',(0.027364759687093,0.0142166039347956,0.00550858755867435));
#4850=CARTESIAN_POINT('',(0.0272946689484288,0.0143353084958266,0.00561438976271473));
#4851=CARTESIAN_POINT('',(0.0272186739709777,0.0144620145904762,0.00572945846967454));
#4852=CARTESIAN_POINT('',(0.0271243348653732,0.0146166743239527,0.00587280808362122));
#4853=CARTESIAN_POINT('',(0.0270160550476489,0.0147891689091243,0.00603853231579483));
#4854=CARTESIAN_POINT('',(0.0269326971150353,0.0149196325066075,0.00616671828192423));
#4855=CARTESIAN_POINT('',(0.0267904022435116,0.0151358279839459,0.0063879697216198));
#4856=CARTESIAN_POINT('',(0.0266325223471753,0.0153660053014621,0.00663721124962934));
#4857=CARTESIAN_POINT('',(0.0263689711270846,0.0157281290318217,0.00706198264181221));
#4858=CARTESIAN_POINT('',(0.0261869935220415,0.0159373909760237,0.0073722704397159));
#4859=CARTESIAN_POINT('',(0.0260827426707054,0.0160368594419641,0.00755863257282961));
#4860=CARTESIAN_POINT('',(0.0299531948795362,0.00915736958203557,0.00592919264978076));
#4861=CARTESIAN_POINT('',(0.0260827426707054,0.0160368594419641,0.00755863257282961));
#4862=CARTESIAN_POINT('',(0.0260827426707054,0.0160368594419641,0.00755863257282962));
#4863=CARTESIAN_POINT('',(0.026015063070226,0.0161014343272085,0.00767961878956603));
#4864=CARTESIAN_POINT('',(0.02590377711483,0.0161820583772984,0.00786802202738017));
#4865=CARTESIAN_POINT('',(0.0257440778316925,0.016226840265428,0.00811488244439519));
#4866=CARTESIAN_POINT('',(0.0256706016616808,0.0162040541845347,0.00827020627805933));
#4867=CARTESIAN_POINT('',(0.0256920922897255,0.0161680719543085,0.00833377497738506));
#4868=CARTESIAN_POINT('',(0.0256920922897255,0.0161680719543085,0.00833377497738506));
#4869=CARTESIAN_POINT('',(0.0256920922897255,0.0161680719543085,0.00833377497738506));
#4870=CARTESIAN_POINT('',(0.0256975228220981,0.0161589365553008,0.00835019362897322));
#4871=CARTESIAN_POINT('',(0.0257046989429653,0.0161484041079499,0.00836568029815223));
#4872=CARTESIAN_POINT('',(0.0257151083061758,0.0161382259954367,0.00837874137562551));
#4873=CARTESIAN_POINT('',(0.0257151083061758,0.0161382259954367,0.00837874137562551));
#4874=CARTESIAN_POINT('',(0.0257151083061758,0.0161382259954368,0.00837874137562551));
#4875=CARTESIAN_POINT('',(0.025732591544546,0.0161211120374473,0.00840044334908255));
#4876=CARTESIAN_POINT('',(0.025755273349565,0.0161028043517765,0.00841685901848205));
#4877=CARTESIAN_POINT('',(0.0257793694318907,0.0160856271845065,0.00843079070045095));
#4878=CARTESIAN_POINT('',(0.0257793694318907,0.0160856271845065,0.00843079070045095));
#4879=CARTESIAN_POINT('',(0.0257793694318907,0.0160856271845065,0.00843079070045095));
#4880=CARTESIAN_POINT('',(0.0259161259011334,0.0159878544278021,0.00850828323829859));
#4881=CARTESIAN_POINT('',(0.0262357863892163,0.0157852022772336,0.00854808223440919));
#4882=CARTESIAN_POINT('',(0.0267600255733668,0.0152725737165048,0.00853732490866298));
#4883=CARTESIAN_POINT('',(0.0273144876804314,0.0145572354026467,0.00835911091638833));
#4884=CARTESIAN_POINT('',(0.027890166350212,0.0136975817238945,0.00805860002381001));
#4885=CARTESIAN_POINT('',(0.0285850488906007,0.0125264437275692,0.00757710350685934));
#4886=CARTESIAN_POINT('',(0.029325832251279,0.0110164848805596,0.00687210205489168));
#4887=CARTESIAN_POINT('',(0.0297691138128407,0.00978303029598733,0.0062507951270527));
#4888=CARTESIAN_POINT('',(0.0299531948795362,0.00915736958203557,0.00592919264978077));
#4889=CARTESIAN_POINT('',(0.14,-0.0099411238764856,1.87706892380692E-6));
#4890=CARTESIAN_POINT('',(0.14,-0.0100355115741444,4.31844657721084E-6));
#4891=CARTESIAN_POINT('',(0.14,-0.00994390492546886,-1.09035007625369E-5));
#4892=CARTESIAN_POINT('',(0.14,-0.00978055249696604,-4.12168967401073E-5));
#4893=CARTESIAN_POINT('',(0.14,-0.00951150221735888,-9.02043477687463E-5));
#4894=CARTESIAN_POINT('',(0.14,-0.00930411422480834,-0.000127606759814179));
#4895=CARTESIAN_POINT('',(0.14,-0.00894868878033155,-0.000190584786931043));
#4896=CARTESIAN_POINT('',(0.14,-0.00840510779264786,-0.000283706230489843));
#4897=CARTESIAN_POINT('',(0.14,-0.00782461794953527,-0.000378891105679172));
#4898=CARTESIAN_POINT('',(0.14,-0.00706882063300221,-0.000496931406571365));
#4899=CARTESIAN_POINT('',(0.14,-0.00609102000851331,-0.000640480193533857));
#4900=CARTESIAN_POINT('',(0.14,-0.0048750666436311,-0.00080418404451469));
#4901=CARTESIAN_POINT('',(0.14,-0.00329636265012518,-0.000989326226037241));
#4902=CARTESIAN_POINT('',(0.14,-0.00179573913760779,-0.00113724934449695));
#4903=CARTESIAN_POINT('',(0.14,-0.0003324774135072,-0.00125316869818573));
#4904=CARTESIAN_POINT('',(0.14,0.000740660402176007,-0.00131572744228704));
#4905=CARTESIAN_POINT('',(0.14,0.00147959444354159,-0.00134843554128478));
#4906=CARTESIAN_POINT('',(0.14,0.00204832647415732,-0.00136926999856366));
#4907=CARTESIAN_POINT('',(0.14,0.00261342457902354,-0.00138341841073069));
#4908=CARTESIAN_POINT('',(0.14,0.00337385846455736,-0.0013871367235298));
#4909=CARTESIAN_POINT('',(0.14,0.00427694391110265,-0.00137267934285801));
#4910=CARTESIAN_POINT('',(0.14,0.00544165295768764,-0.00131626151402558));
#4911=CARTESIAN_POINT('',(0.14,0.00670500349782125,-0.00118804719791594));
#4912=CARTESIAN_POINT('',(0.14,0.00783564521275086,-0.0010029439350449));
#4913=CARTESIAN_POINT('',(0.14,0.0085959270202859,-0.000822099730196287));
#4914=CARTESIAN_POINT('',(0.14,0.00921197361848301,-0.000615934865927774));
#4915=CARTESIAN_POINT('',(0.14,0.00954842877706245,-0.000471578280342204));
#4916=CARTESIAN_POINT('',(0.14,0.0098954470750516,-0.000251595808054708));
#4917=CARTESIAN_POINT('',(0.14,0.0100362830443918,-3.04940019731434E-5));
#4918=CARTESIAN_POINT('',(0.14,0.00996368569941583,0.00016461056248207));
#4919=CARTESIAN_POINT('',(0.14,0.00975136180764387,0.000299895637785777));
#4920=CARTESIAN_POINT('',(0.14,0.00950504025501812,0.000389893593595389));
#4921=CARTESIAN_POINT('',(0.14,0.00930690633877242,0.000439910678281483));
#4922=CARTESIAN_POINT('',(0.14,0.00906116705518443,0.000491655628895587));
#4923=CARTESIAN_POINT('',(0.14,0.00855193104935983,0.000565852219635102));
#4924=CARTESIAN_POINT('',(0.14,0.00805161775150786,0.000605299412796364));
#4925=CARTESIAN_POINT('',(0.14,0.00745305374438453,0.000635198927902479));
#4926=CARTESIAN_POINT('',(0.14,0.00687124558688766,0.000651384417757333));
#4927=CARTESIAN_POINT('',(0.14,0.00634665276976298,0.000656807478335184));
#4928=CARTESIAN_POINT('',(0.14,0.00564946503536951,0.000655226606790899));
#4929=CARTESIAN_POINT('',(0.14,0.00487050782804561,0.000644868269158527));
#4930=CARTESIAN_POINT('',(0.14,0.00415674413785391,0.000629451041137299));
#4931=CARTESIAN_POINT('',(0.14,0.00362107128510729,0.000615231746133013));
#4932=CARTESIAN_POINT('',(0.14,0.00320765718363672,0.000603876288411801));
#4933=CARTESIAN_POINT('',(0.14,0.00248284882362643,0.000582870970282645));
#4934=CARTESIAN_POINT('',(0.14,0.0016608369184903,0.000556272345262529));
#4935=CARTESIAN_POINT('',(0.14,0.000904719338129114,0.000528769423619868));
#4936=CARTESIAN_POINT('',(0.14,0.000220815566621428,0.000501557078034061));
#4937=CARTESIAN_POINT('',(0.14,-0.000397555605160525,0.000475263591978786));
#4938=CARTESIAN_POINT('',(0.14,-0.000926245393501205,0.00045184273423254));
#4939=CARTESIAN_POINT('',(0.14,-0.00126663684625095,0.000436409960743309));
#4940=CARTESIAN_POINT('',(0.14,-0.00155564268315327,0.000423074402569789));
#4941=CARTESIAN_POINT('',(0.14,-0.00173169486002699,0.000414880591215966));
#4942=CARTESIAN_POINT('',(0.14,-0.00211869492485844,0.00039672478693234));
#4943=CARTESIAN_POINT('',(0.14,-0.00270698535271051,0.000368638686781551));
#4944=CARTESIAN_POINT('',(0.14,-0.00351829562529855,0.000329291333007723));
#4945=CARTESIAN_POINT('',(0.14,-0.00430243441799864,0.000290751812883604));
#4946=CARTESIAN_POINT('',(0.14,-0.0049217927277824,0.000260077798973163));
#4947=CARTESIAN_POINT('',(0.14,-0.00547638795859283,0.000232538053337927));
#4948=CARTESIAN_POINT('',(0.14,-0.00614874944389776,0.000198993918603416));
#4949=CARTESIAN_POINT('',(0.14,-0.00689666436208857,0.000161408358982871));
#4950=CARTESIAN_POINT('',(0.14,-0.00754024263222145,0.000128809896318976));
#4951=CARTESIAN_POINT('',(0.14,-0.00806147680505015,0.000102166241900144));
#4952=CARTESIAN_POINT('',(0.14,-0.00838789804694073,8.53266012020783E-5));
#4953=CARTESIAN_POINT('',(0.14,-0.00856345528830612,7.62296518467451E-5));
#4954=CARTESIAN_POINT('',(0.14,-0.00867520300182313,7.0417653390638E-5));
#4955=CARTESIAN_POINT('',(0.14,-0.00873573466657562,6.72635874589422E-5));
#4956=CARTESIAN_POINT('',(0.14,-0.00884630690204319,6.14940457807254E-5));
#4957=CARTESIAN_POINT('',(0.14,-0.00902234527835149,5.23058425998021E-5));
#4958=CARTESIAN_POINT('',(0.14,-0.0093431274058772,3.54409282189467E-5));
#4959=CARTESIAN_POINT('',(0.14,-0.00969424861882452,1.74884678961351E-5));
#4960=CARTESIAN_POINT('',(0.14,-0.0099411238764856,1.87706892380692E-6));
#4961=CARTESIAN_POINT('',(0.14,-0.0100355115741444,4.31844657721084E-6));
#4962=CARTESIAN_POINT('',(0.14,-0.00994390492546886,-1.09035007625369E-5));
#4963=CARTESIAN_POINT('',(0.14,-0.01,-5.42101086242752E-19));
#4964=CARTESIAN_POINT('',(0.14,-2.4261750294248E-6,-0.000364468248137618));
#4965=CARTESIAN_POINT('',(-0.0299531948795355,-0.00915736958203812,0.00592919264978208));
#4966=CARTESIAN_POINT('',(-0.0303349521092487,-0.00785984069625062,0.00526223611138769));
#4967=CARTESIAN_POINT('',(-0.0306216416428962,-0.0065611780894925,0.0045663744111024));
#4968=CARTESIAN_POINT('',(-0.0309258331440172,-0.00460490693902125,0.00351113361448484));
#4969=CARTESIAN_POINT('',(-0.0310060292673979,-0.00395144435010836,0.00315713989925609));
#4970=CARTESIAN_POINT('',(-0.0310803103321719,-0.00313260417619854,0.00271358654679351));
#4971=CARTESIAN_POINT('',(-0.0310938633234248,-0.00296845718838782,0.00262468360647381));
#4972=CARTESIAN_POINT('',(-0.031118383748835,-0.00264089957722605,0.00244729951189771));
#4973=CARTESIAN_POINT('',(-0.0311293498953491,-0.00247782580113918,0.00235889103130092));
#4974=CARTESIAN_POINT('',(-0.031158333410368,-0.0019879414301548,0.00209258682074554));
#4975=CARTESIAN_POINT('',(-0.0311724536080606,-0.00166126810882831,0.00191424290123741));
#4976=CARTESIAN_POINT('',(-0.0312171744834505,-2.74490492401022E-5,0.00101898975951565));
#4977=CARTESIAN_POINT('',(-0.0311705251986011,0.00128125757301105,0.000291761562448214));
#4978=CARTESIAN_POINT('',(-0.0310071920477706,0.00292041402166437,-0.000626449574167734));
#4979=CARTESIAN_POINT('',(-0.0309692501511077,0.00324840482875179,-0.000810565110240587));
#4980=CARTESIAN_POINT('',(-0.030882671059287,0.00390468910089481,-0.00117969105683267));
#4981=CARTESIAN_POINT('',(-0.0308339803456571,0.0042332403345901,-0.00136484848457553));
#4982=CARTESIAN_POINT('',(-0.0306724523117732,0.00521458573005504,-0.00191893307900794));
#4983=CARTESIAN_POINT('',(-0.0305440192344896,0.00586449788360514,-0.00228725052630301));
#4984=CARTESIAN_POINT('',(-0.0302457628227201,0.00715550581624793,-0.00302165880605825));
#4985=CARTESIAN_POINT('',(-0.0300759385532311,0.00779660718664296,-0.00338775389592474));
#4986=CARTESIAN_POINT('',(-0.029694543682639,0.00906963482037816,-0.00411789553429929));
#4987=CARTESIAN_POINT('',(-0.0294825899672811,0.00970251972869095,-0.00448250073282131));
#4988=CARTESIAN_POINT('',(-0.0287865402614519,0.0115772642061592,-0.00556836674915697));
#4989=CARTESIAN_POINT('',(-0.0282425190013499,0.0127962087433246,-0.00628217963314344));
#4990=CARTESIAN_POINT('',(-0.0274612121666136,0.0142786659278765,-0.00716444257229782));
#4991=CARTESIAN_POINT('',(-0.0272998701476881,0.0145730834487369,-0.007340392695949));
#4992=CARTESIAN_POINT('',(-0.027050162349277,0.0150115637680207,-0.00760362668076841));
#4993=CARTESIAN_POINT('',(-0.0269656729065198,0.015157054744507,-0.00769117648432132));
#4994=CARTESIAN_POINT('',(-0.0268371407785974,0.015374518218776,-0.00782233308280738));
#4995=CARTESIAN_POINT('',(-0.0267939932450537,0.0154469107552368,-0.00786603075606362));
#4996=CARTESIAN_POINT('',(-0.0267070487008028,0.0155908163681632,-0.00795305052306892));
#4997=CARTESIAN_POINT('',(-0.0266632670039116,0.0156623802678839,-0.00799644874597118));
#4998=CARTESIAN_POINT('',(-0.0265972650017465,0.0157714300629214,-0.00806246642373687));
#4999=CARTESIAN_POINT('',(-0.0265752122444553,0.0158081838808924,-0.00808466394307445));
#5000=CARTESIAN_POINT('',(-0.0265307251098118,0.0158788091305374,-0.00812745519307553));
#5001=CARTESIAN_POINT('',(-0.0265083301936829,0.0159130828051347,-0.00814830381140081));
#5002=CARTESIAN_POINT('',(-0.0264633857984554,0.0159807975042074,-0.00818978628433433));
#5003=CARTESIAN_POINT('',(-0.0264409216507776,0.016015105785319,-0.0082109829120422));
#5004=CARTESIAN_POINT('',(-0.0264133257643453,0.0160655430426305,-0.00824158159804067));
#5005=CARTESIAN_POINT('',(-0.0264078109255519,0.0160757738602106,-0.00824777569802167));
#5006=CARTESIAN_POINT('',(-0.0264011597372289,0.0160916624464635,-0.0082572116811859));
#5007=CARTESIAN_POINT('',(-0.0263998412260451,0.0160949912147665,-0.00825918114854132));
#5008=CARTESIAN_POINT('',(-0.0263979367351125,0.0161008789924284,-0.00826262837671662));
#5009=CARTESIAN_POINT('',(-0.0263973096075579,0.0161029374967939,-0.00826382980298454));
#5010=CARTESIAN_POINT('',(-0.0263965817808964,0.0161061821981636,-0.00826570358708481));
#5011=CARTESIAN_POINT('',(-0.0263964372134469,0.0161068435059145,-0.00826608493554418));
#5012=CARTESIAN_POINT('',(-0.0263961635600855,0.016108349870436,-0.00826694999008343));
#5013=CARTESIAN_POINT('',(-0.02639598281502,0.0161085876274607,-0.0082670925632462));
#5014=CARTESIAN_POINT('',(-0.0263958894145015,0.0161104445018346,-0.00826814538830773));
#5015=CARTESIAN_POINT('',(-0.0263958373898142,0.0161104238683446,-0.00826813581782291));
#5016=CARTESIAN_POINT('',(-0.026395815768857,0.0161109088531069,-0.0082684103655402));
#5017=CARTESIAN_POINT('',(-0.0263958033826542,0.0161109109746829,-0.00826841205653159));
#5018=CARTESIAN_POINT('',(-0.0263957969778496,0.016111057464338,-0.00826849495211147));
#5019=CARTESIAN_POINT('',(-0.0263957909276611,0.0161110602042502,-0.0082684967389464));
#5020=CARTESIAN_POINT('',(-0.0263957866809343,0.0161111581485237,-0.00826855215310401));
#5021=CARTESIAN_POINT('',(-0.0263958314053982,0.0161117578685174,-0.00826888838847516));
#5022=CARTESIAN_POINT('',(-0.0263958208346034,0.0161120034457676,-0.0082690271189681));
#5023=CARTESIAN_POINT('',(-0.0263959105135796,0.0161133551496629,-0.00826978339591963));
#5024=CARTESIAN_POINT('',(-0.0263958687671391,0.0161143455855525,-0.0082703408347988));
#5025=CARTESIAN_POINT('',(-0.0263958620874109,0.0161154549222313,-0.00827096191203732));
#5026=CARTESIAN_POINT('',(-0.0263957595578924,0.0161178117875806,-0.00827228185888519));
#5027=CARTESIAN_POINT('',(-0.0263955975781307,0.0161182810471318,-0.00827254866125564));
#5028=CARTESIAN_POINT('',(-0.0263943664956028,0.016125181832015,-0.0082764340158942));
#5029=CARTESIAN_POINT('',(-0.0263928036141392,0.0161258112279825,-0.00827683437935385));
#5030=CARTESIAN_POINT('',(-0.0263898029849627,0.0161285138571103,-0.00827845323074801));
#5031=CARTESIAN_POINT('',(-0.0263882658639671,0.0161294230628667,-0.00827902129638919));
#5032=CARTESIAN_POINT('',(-0.0263805283265761,0.0161333002054561,-0.00828149870779408));
#5033=CARTESIAN_POINT('',(-0.0263741825091133,0.0161343795060935,-0.00828238039011491));
#5034=CARTESIAN_POINT('',(-0.0263615254494945,0.0161364737382103,-0.0082841011301198));
#5035=CARTESIAN_POINT('',(-0.0263551886285335,0.0161371912482905,-0.00828477858307524));
#5036=CARTESIAN_POINT('',(-0.0262982772623667,0.0161428212025063,-0.00829039292029807));
#5037=CARTESIAN_POINT('',(-0.0262494427276438,0.0161441819376223,-0.00829317593423392));
#5038=CARTESIAN_POINT('',(-0.0261567572514018,0.0161486509214096,-0.00829949233979283));
#5039=CARTESIAN_POINT('',(-0.0261123034745844,0.0161507036937199,-0.00830245357113863));
#5040=CARTESIAN_POINT('',(-0.026032412522498,0.0161543916211923,-0.0083077696534662));
#5041=CARTESIAN_POINT('',(-0.0259968511101815,0.0161560207605203,-0.00831012513915845));
#5042=CARTESIAN_POINT('',(-0.0259361109091396,0.0161588003233739,-0.00831414716339303));
#5043=CARTESIAN_POINT('',(-0.0259111625700124,0.0161599390958652,-0.00831579764528137));
#5044=CARTESIAN_POINT('',(-0.0258769181430926,0.0161615012194458,-0.00831806723284061));
#5045=CARTESIAN_POINT('',(-0.0258672090765731,0.0161619432688787,-0.00831871364951942));
#5046=CARTESIAN_POINT('',(-0.0258648429030345,0.0161620497636131,-0.00831888534273618));
#5047=CARTESIAN_POINT('',(-0.0258720518312542,0.0161617202680553,-0.00831841960752301));
#5048=CARTESIAN_POINT('',(-0.0259019338933035,0.0161603562391898,-0.0083164723087074));
#5049=CARTESIAN_POINT('',(-0.0259244056648394,0.0161593308725893,-0.00831500394951604));
#5050=CARTESIAN_POINT('',(-0.0259817522118245,0.0161567139816378,-0.00831125282299767));
#5051=CARTESIAN_POINT('',(-0.0260158732163797,0.0161551568650001,-0.00830901937205522));
#5052=CARTESIAN_POINT('',(-0.0260932999542429,0.0161516217522276,-0.00830394967270252));
#5053=CARTESIAN_POINT('',(-0.0261359657227895,0.0161496730384679,-0.00830115525786342));
#5054=CARTESIAN_POINT('',(-0.0262263866637483,0.0161455392928864,-0.00829523229582593));
#5055=CARTESIAN_POINT('',(-0.0262747826283117,0.0161433250664127,-0.00829206177722539));
#5056=CARTESIAN_POINT('',(-0.0263736267011874,0.0161387934432583,-0.00828558594718032));
#5057=CARTESIAN_POINT('',(-0.0264243174063725,0.016136465723191,-0.00828226484482377));
#5058=CARTESIAN_POINT('',(-0.0265280112428029,0.0161316767167593,-0.00827546988148745));
#5059=CARTESIAN_POINT('',(-0.0265807426377222,0.016129233363846,-0.00827201503388611));
#5060=CARTESIAN_POINT('',(-0.0266850634731159,0.0161242766930882,-0.00826516425101724));
#5061=CARTESIAN_POINT('',(-0.026737071972537,0.0161219254514073,-0.00826179252849613));
#5062=CARTESIAN_POINT('',(-0.0268018443783534,0.0161179516130147,-0.0082573327589355));
#5063=CARTESIAN_POINT('',(-0.0268148030707973,0.0161170994362803,-0.00825642668888574));
#5064=CARTESIAN_POINT('',(-0.0268405898254003,0.0161148588511079,-0.00825446363577241));
#5065=CARTESIAN_POINT('',(-0.026853424302222,0.0161138328228655,-0.00825352586811186));
#5066=CARTESIAN_POINT('',(-0.026869218893571,0.0161098543606607,-0.00825149955664558));
#5067=CARTESIAN_POINT('',(-0.0268723643716036,0.016108907659819,-0.00825104617071893));
#5068=CARTESIAN_POINT('',(-0.0268770292107273,0.0161067354025005,-0.0082501233220695));
#5069=CARTESIAN_POINT('',(-0.0268785755477279,0.0161058904989439,-0.00824977663921584));
#5070=CARTESIAN_POINT('',(-0.0268816280500169,0.016103596685208,-0.00824888864343693));
#5071=CARTESIAN_POINT('',(-0.0268831671087055,0.0161026654845159,-0.00824851113678766));
#5072=CARTESIAN_POINT('',(-0.0268852669736774,0.0160980033885528,-0.00824690647511328));
#5073=CARTESIAN_POINT('',(-0.0268859707754483,0.0160965142685252,-0.00824638937962702));
#5074=CARTESIAN_POINT('',(-0.0268866673567828,0.0160917557120694,-0.008244839734936));
#5075=CARTESIAN_POINT('',(-0.0268868062790149,0.0160907976672756,-0.00824452810878948));
#5076=CARTESIAN_POINT('',(-0.0268869583876176,0.0160884676185971,-0.00824378466054313));
#5077=CARTESIAN_POINT('',(-0.0268869577644648,0.0160868790131218,-0.00824328511120912));
#5078=CARTESIAN_POINT('',(-0.026887023212453,0.0160859379305155,-0.00824298702799364));
#5079=CARTESIAN_POINT('',(-0.0268869911293822,0.0160850343092486,-0.00824270619218911));
#5080=CARTESIAN_POINT('',(-0.0268870177754156,0.0160846648001393,-0.00824258951339917));
#5081=CARTESIAN_POINT('',(-0.0268870424435187,0.0160846595805811,-0.00824258661813091));
#5082=CARTESIAN_POINT('',(-0.0268870832787809,0.0160841188401564,-0.00824241590709012));
#5083=CARTESIAN_POINT('',(-0.0268871327944937,0.0160841112668955,-0.00824241100851121));
#5084=CARTESIAN_POINT('',(-0.0268873925237872,0.0160810979136394,-0.00824145940074063));
#5085=CARTESIAN_POINT('',(-0.0268877565124708,0.0160805247425458,-0.00824126490281081));
#5086=CARTESIAN_POINT('',(-0.026889329744868,0.016073743845294,-0.0082390904056228));
#5087=CARTESIAN_POINT('',(-0.0268906905073629,0.0160699183913416,-0.00823785645246397));
#5088=CARTESIAN_POINT('',(-0.0268947869263902,0.0160586601484416,-0.00823422893500081));
#5089=CARTESIAN_POINT('',(-0.0268975917063491,0.0160523104943716,-0.00823218065787598));
#5090=CARTESIAN_POINT('',(-0.0269116812485143,0.0160216391209904,-0.00822229444672202));
#5091=CARTESIAN_POINT('',(-0.0269231923251663,0.0160010273204671,-0.00821566773561686));
#5092=CARTESIAN_POINT('',(-0.0269576951518782,0.0159397630192404,-0.00819594315718077));
#5093=CARTESIAN_POINT('',(-0.0269808646234531,0.0159030021800483,-0.00818400776760758));
#5094=CARTESIAN_POINT('',(-0.027026866772275,0.0158275965791824,-0.00815929841074393));
#5095=CARTESIAN_POINT('',(-0.027049726880153,0.0157892845541026,-0.00814666268860385));
#5096=CARTESIAN_POINT('',(-0.0270951190854384,0.0157101995943999,-0.00812064038182055));
#5097=CARTESIAN_POINT('',(-0.027117663456171,0.0156695566896672,-0.00810732080667507));
#5098=CARTESIAN_POINT('',(-0.0271626678527868,0.0155896522207166,-0.0080811350588687));
#5099=CARTESIAN_POINT('',(-0.0271850970755033,0.0155499103881763,-0.00806811612290672));
#5100=CARTESIAN_POINT('',(-0.0272968437779657,0.0153520026193699,-0.00800318920252952));
#5101=CARTESIAN_POINT('',(-0.027384737590226,0.0151924489991784,-0.00795066687989987));
#5102=CARTESIAN_POINT('',(-0.0276441102362993,0.0147122275240078,-0.00779241534826352));
#5103=CARTESIAN_POINT('',(-0.0278112830087493,0.0143891119809646,-0.00768550923519959));
#5104=CARTESIAN_POINT('',(-0.0282948626553191,0.0134129395658115,-0.00736109383465156));
#5105=CARTESIAN_POINT('',(-0.0285929570186319,0.012753764793703,-0.00714010752010065));
#5106=CARTESIAN_POINT('',(-0.029004236214086,0.0117529169307533,-0.00680089215291619));
#5107=CARTESIAN_POINT('',(-0.0291353469427457,0.0114172819962841,-0.00668652835009016));
#5108=CARTESIAN_POINT('',(-0.0293856414293817,0.010742053044369,-0.00645509575530679));
#5109=CARTESIAN_POINT('',(-0.0295051154174312,0.0104015565992287,-0.00633771130285417));
#5110=CARTESIAN_POINT('',(-0.0300686843747087,0.00870156177883961,-0.00574792667780618));
#5111=CARTESIAN_POINT('',(-0.0304213231330844,0.00732252091299166,-0.00525776690369238));
#5112=CARTESIAN_POINT('',(-0.0309340344222521,0.00453549904519302,-0.00423305048207414));
#5113=CARTESIAN_POINT('',(-0.0310921276835079,0.00313828233084619,-0.00370249358054867));
#5114=CARTESIAN_POINT('',(-0.0312175316154603,0.000344777250439337,-0.00259404668975854));
#5115=CARTESIAN_POINT('',(-0.0311843236091565,-0.00104017124522228,-0.00202070290031283));
#5116=CARTESIAN_POINT('',(-0.0310278747748833,-0.00275164116061942,-0.00127088715558281));
#5117=CARTESIAN_POINT('',(-0.0309909375248121,-0.00309168786133567,-0.00111980110295604));
#5118=CARTESIAN_POINT('',(-0.0309060798698945,-0.00376716063944432,-0.000815182928366488));
#5119=CARTESIAN_POINT('',(-0.0308581678745141,-0.00410349601212384,-0.000661401352023376));
#5120=CARTESIAN_POINT('',(-0.0306983022075468,-0.00509803582214402,-0.000198189016326612));
#5121=CARTESIAN_POINT('',(-0.0305705726955426,-0.0057500416186372,0.000118656608025204));
#5122=CARTESIAN_POINT('',(-0.0301277998353757,-0.0076731346971993,0.00109647400708688));
#5123=CARTESIAN_POINT('',(-0.0297530924867395,-0.00891118155847095,0.00178406353055424));
#5124=CARTESIAN_POINT('',(-0.0290862888561583,-0.0106909822344658,0.00288609151014166));
#5125=CARTESIAN_POINT('',(-0.028846550231935,-0.0112713292965479,0.0032652834466338));
#5126=CARTESIAN_POINT('',(-0.0284631247202504,-0.0121187078265711,0.00385563466799067));
#5127=CARTESIAN_POINT('',(-0.0283312005135129,-0.0123975211855269,0.00405621837899818));
#5128=CARTESIAN_POINT('',(-0.0280618439895111,-0.0129428334355796,0.00446296736678929));
#5129=CARTESIAN_POINT('',(-0.0279242140170711,-0.0132096372797526,0.00466928785411034));
#5130=CARTESIAN_POINT('',(-0.0276442099559383,-0.013729816774087,0.00508877508994317));
#5131=CARTESIAN_POINT('',(-0.0275018184256346,-0.0139832186340919,0.00530192339270947));
#5132=CARTESIAN_POINT('',(-0.02721396080074,-0.0144730785331316,0.00573602935019266));
#5133=CARTESIAN_POINT('',(-0.0270684558469464,-0.0147096657888423,0.00595702297601737));
#5134=CARTESIAN_POINT('',(-0.0267772927368254,-0.0151581765176504,0.0064074354123458));
#5135=CARTESIAN_POINT('',(-0.0266314904225556,-0.0153706570497634,0.00663721996250256));
#5136=CARTESIAN_POINT('',(-0.0264175774989234,-0.0156559361988121,0.00698576733087247));
#5137=CARTESIAN_POINT('',(-0.0263470943635448,-0.0157453250184265,0.00710254109039705));
#5138=CARTESIAN_POINT('',(-0.0262098404296977,-0.0159072715027668,0.00733521000055516));
#5139=CARTESIAN_POINT('',(-0.0261433195738168,-0.0159790614331721,0.00745034337678821));
#5140=CARTESIAN_POINT('',(-0.0260827426707053,-0.0160368594419641,0.0075586325728296));
#5141=CARTESIAN_POINT('',(-0.0286713356198832,-0.00884861490853805,0.00581320904122422));
#5142=CARTESIAN_POINT('',(-0.0290526161712201,-0.00761405449510375,0.0051674977082605));
#5143=CARTESIAN_POINT('',(-0.0293509021797108,-0.00636722441692753,0.00449304471439674));
#5144=CARTESIAN_POINT('',(-0.0296775109030379,-0.00447233460580189,0.00346224049490445));
#5145=CARTESIAN_POINT('',(-0.0297657841295562,-0.00384135038661646,0.0031178573407065));
#5146=CARTESIAN_POINT('',(-0.0298510044224665,-0.00304723987416065,0.00268462604054767));
#5147=CARTESIAN_POINT('',(-0.0298667572144478,-0.0028884993452739,0.00259807384617663));
#5148=CARTESIAN_POINT('',(-0.0298956613695882,-0.00257174429351311,0.00242530570321229));
#5149=CARTESIAN_POINT('',(-0.029908802236286,-0.00241407129658443,0.00233914946341192));
#5150=CARTESIAN_POINT('',(-0.0299444677694789,-0.00194071400714133,0.00207990665928141));
#5151=CARTESIAN_POINT('',(-0.02996327596868,-0.00162455484686149,0.00190607412233465));
#5152=CARTESIAN_POINT('',(-0.0300317276402298,-5.23957209605434E-5,0.00103868192092983));
#5153=CARTESIAN_POINT('',(-0.0300083642494689,0.00121741607029519,0.000329034650315474));
#5154=CARTESIAN_POINT('',(-0.0298739501824255,0.00282070023334131,-0.000574008906337703));
#5155=CARTESIAN_POINT('',(-0.0298421051156325,0.00313962118186553,-0.00075399283516248));
#5156=CARTESIAN_POINT('',(-0.029767915285757,0.00377800951311843,-0.00111493970121997));
#5157=CARTESIAN_POINT('',(-0.0297255644964884,0.00409773079013284,-0.00129604588302253));
#5158=CARTESIAN_POINT('',(-0.0295835384417937,0.00505108295907769,-0.00183703737727507));
#5159=CARTESIAN_POINT('',(-0.0294684332540061,0.00568430055750157,-0.00219761657072787));
#5160=CARTESIAN_POINT('',(-0.0291972177787091,0.00694289276730238,-0.00291687280024554));
#5161=CARTESIAN_POINT('',(-0.0290414213511447,0.00756839460382836,-0.00327560327352244));
#5162=CARTESIAN_POINT('',(-0.0286884801130565,0.00881120004166398,-0.0039912985572584));
#5163=CARTESIAN_POINT('',(-0.0284912840517144,0.00942955206634076,-0.00434885313128749));
#5164=CARTESIAN_POINT('',(-0.0278424227035387,0.011255378068312,-0.00540993634590627));
#5165=CARTESIAN_POINT('',(-0.0273305710092966,0.012449345564234,-0.00611076640585198));
#5166=CARTESIAN_POINT('',(-0.0265853569954713,0.0139113883531549,-0.00698208736315166));
#5167=CARTESIAN_POINT('',(-0.0264321774583808,0.0142002364367538,-0.00715489102692974));
#5168=CARTESIAN_POINT('',(-0.0261945720761318,0.0146309889794097,-0.00741369265747853));
#5169=CARTESIAN_POINT('',(-0.0261142363417193,0.0147738578417437,-0.00749967529032425));
#5170=CARTESIAN_POINT('',(-0.0259918265867075,0.0149874195885915,-0.00762860029481694));
#5171=CARTESIAN_POINT('',(-0.0259507247687639,0.0150584504461868,-0.00767154807434673));
#5172=CARTESIAN_POINT('',(-0.0258680578694191,0.0151999783580217,-0.00775695257399853));
#5173=CARTESIAN_POINT('',(-0.0258264789887738,0.0152705040394926,-0.0077995073309211));
#5174=CARTESIAN_POINT('',(-0.0257631555333515,0.0153768788380457,-0.00786468859124544));
#5175=CARTESIAN_POINT('',(-0.0257418612330605,0.0154124761699879,-0.00788669777072336));
#5176=CARTESIAN_POINT('',(-0.0256998217367894,0.0154824652250185,-0.0079284864865683));
#5177=CARTESIAN_POINT('',(-0.0256789875688685,0.0155170028852234,-0.00794860554322477));
#5178=CARTESIAN_POINT('',(-0.0256373738976882,0.0155856864836062,-0.00798850107566896));
#5179=CARTESIAN_POINT('',(-0.0256163616333622,0.0156202110224707,-0.00800905342861316));
#5180=CARTESIAN_POINT('',(-0.0255881123354749,0.0156662987435009,-0.00804049411584494));
#5181=CARTESIAN_POINT('',(-0.0255824137851142,0.0156755836231753,-0.00804689318692515));
#5182=CARTESIAN_POINT('',(-0.0255745001361132,0.0156884230287349,-0.00805730164625653));
#5183=CARTESIAN_POINT('',(-0.0255728773218191,0.0156910535212304,-0.00805950261956816));
#5184=CARTESIAN_POINT('',(-0.0255702150139412,0.015695357973516,-0.00806350981308349));
#5185=CARTESIAN_POINT('',(-0.0255693027194719,0.0156968318353159,-0.00806492135598008));
#5186=CARTESIAN_POINT('',(-0.0255679912290479,0.0156989438815804,-0.00806721919595573));
#5187=CARTESIAN_POINT('',(-0.0255677257260085,0.0156993713367667,-0.00806768857497472));
#5188=CARTESIAN_POINT('',(-0.0255671477551056,0.0157003003205525,-0.00806877402144343));
#5189=CARTESIAN_POINT('',(-0.0255669904650612,0.0157005569828462,-0.00806890332568518));
#5190=CARTESIAN_POINT('',(-0.0255663954278268,0.0157015064959899,-0.0080703144940207));
#5191=CARTESIAN_POINT('',(-0.0255663766556486,0.0157015382269815,-0.00807028243019202));
#5192=CARTESIAN_POINT('',(-0.025566222516786,0.0157017840901711,-0.00807065175194926));
#5193=CARTESIAN_POINT('',(-0.025566215979554,0.0157017949328467,-0.00807064957580197));
#5194=CARTESIAN_POINT('',(-0.0255661694780687,0.015701869101501,-0.00807076115993127));
#5195=CARTESIAN_POINT('',(-0.0255661657828074,0.0157018751960498,-0.00807076141853234));
#5196=CARTESIAN_POINT('',(-0.0255661347075834,0.0157019247588503,-0.0080708360318536));
#5197=CARTESIAN_POINT('',(-0.0255659791824736,0.0157021704500999,-0.00807131491447053));
#5198=CARTESIAN_POINT('',(-0.0255659013263376,0.0157022946220709,-0.00807150195153521));
#5199=CARTESIAN_POINT('',(-0.0255655450265587,0.0157028579319116,-0.00807257716074352));
#5200=CARTESIAN_POINT('',(-0.0255652316324644,0.0157033577235134,-0.00807333111285659));
#5201=CARTESIAN_POINT('',(-0.0255648992949986,0.0157038863404625,-0.00807418721334656));
#5202=CARTESIAN_POINT('',(-0.0255641521055108,0.0157050779749077,-0.00807597763362356));
#5203=CARTESIAN_POINT('',(-0.0255639334392546,0.015705431352121,-0.00807628805592701));
#5204=CARTESIAN_POINT('',(-0.0255612878785018,0.0157096810244717,-0.00808122924289093));
#5205=CARTESIAN_POINT('',(-0.0255603446937207,0.0157112350845081,-0.00808120343617295));
#5206=CARTESIAN_POINT('',(-0.0255580884536679,0.0157149266543682,-0.00808232920417685));
#5207=CARTESIAN_POINT('',(-0.0255570734348225,0.015716593632721,-0.00808254270313035));
#5208=CARTESIAN_POINT('',(-0.0255521710073534,0.0157246544685629,-0.0080831006221935));
#5209=CARTESIAN_POINT('',(-0.0255487539143572,0.0157303025246125,-0.0080820177189011));
#5210=CARTESIAN_POINT('',(-0.0255419064801923,0.0157416122828314,-0.00807999839788246));
#5211=CARTESIAN_POINT('',(-0.0255385538309099,0.015747151200535,-0.0080788252205773));
#5212=CARTESIAN_POINT('',(-0.025508835561658,0.0157962205938856,-0.00806866072253836));
#5213=CARTESIAN_POINT('',(-0.0254825488093671,0.0158393763827292,-0.00806335053251713));
#5214=CARTESIAN_POINT('',(-0.0254305514977262,0.0159240826310996,-0.00806789759060781));
#5215=CARTESIAN_POINT('',(-0.0254046928171267,0.0159658947954093,-0.00807680218226418));
#5216=CARTESIAN_POINT('',(-0.0253577421201863,0.0160413217350678,-0.00810700313146218));
#5217=CARTESIAN_POINT('',(-0.0253364225125313,0.0160753235115355,-0.00812793066587435));
#5218=CARTESIAN_POINT('',(-0.0253004607141474,0.0161323816897396,-0.00818017054782032));
#5219=CARTESIAN_POINT('',(-0.0252857837483329,0.0161554981097589,-0.00821170263598843));
#5220=CARTESIAN_POINT('',(-0.0252669358197665,0.0161850042484063,-0.00827885056333854));
#5221=CARTESIAN_POINT('',(-0.0252624311785979,0.016191924865679,-0.00831559133186389));
#5222=CARTESIAN_POINT('',(-0.0252646795719245,0.0161879868907866,-0.00838584076245802));
#5223=CARTESIAN_POINT('',(-0.0252713933916548,0.01617718309379,-0.0084204174291018));
#5224=CARTESIAN_POINT('',(-0.0252942840261458,0.0161405017934858,-0.00848066886025785));
#5225=CARTESIAN_POINT('',(-0.0253104517424171,0.0161146294809934,-0.00850650242465276));
#5226=CARTESIAN_POINT('',(-0.0253491971270376,0.0160523869423941,-0.00854604814056695));
#5227=CARTESIAN_POINT('',(-0.0253714526457646,0.0160165263994652,-0.00855935610551801));
#5228=CARTESIAN_POINT('',(-0.0254192206080498,0.0159391412908637,-0.00857260325528735));
#5229=CARTESIAN_POINT('',(-0.0254444704106616,0.0158980307449977,-0.0085721205860444));
#5230=CARTESIAN_POINT('',(-0.0254946681509669,0.0158158647368805,-0.00855779109119982));
#5231=CARTESIAN_POINT('',(-0.0255200285297941,0.0157741219055926,-0.00854341463760183));
#5232=CARTESIAN_POINT('',(-0.0255676227738823,0.0156954727386942,-0.0085024738385876));
#5233=CARTESIAN_POINT('',(-0.025590020418913,0.0156582928193746,-0.00847554954447391));
#5234=CARTESIAN_POINT('',(-0.0256305135780032,0.0155910757336016,-0.00841035287606429));
#5235=CARTESIAN_POINT('',(-0.0256483386548995,0.0155614922848957,-0.00837175015464987));
#5236=CARTESIAN_POINT('',(-0.0256770496259505,0.0155144120092244,-0.00828722488477493));
#5237=CARTESIAN_POINT('',(-0.0256877971254335,0.0154971694468988,-0.00824062622828516));
#5238=CARTESIAN_POINT('',(-0.025696400948088,0.015484431120826,-0.00818040625898193));
#5239=CARTESIAN_POINT('',(-0.0256979026155796,0.0154822949937189,-0.00816803465811612));
#5240=CARTESIAN_POINT('',(-0.0257006323172832,0.0154785611313533,-0.0081432881645376));
#5241=CARTESIAN_POINT('',(-0.0257016461723912,0.0154773305057314,-0.0081308257212396));
#5242=CARTESIAN_POINT('',(-0.0257041112252995,0.015473786098313,-0.00811609696819218));
#5243=CARTESIAN_POINT('',(-0.025704676169621,0.0154729567584725,-0.00811318829847014));
#5244=CARTESIAN_POINT('',(-0.0257059360107701,0.0154710092176463,-0.00810905986566666));
#5245=CARTESIAN_POINT('',(-0.0257064224705437,0.0154702466273221,-0.00810772080946477));
#5246=CARTESIAN_POINT('',(-0.0257077388037384,0.0154681338724524,-0.00810523133274277));
#5247=CARTESIAN_POINT('',(-0.0257082704030923,0.0154672946142156,-0.00810391705379688));
#5248=CARTESIAN_POINT('',(-0.0257109472975451,0.0154628161360166,-0.00810297882034007));
#5249=CARTESIAN_POINT('',(-0.0257118030855873,0.0154613858276629,-0.00810264223341414));
#5250=CARTESIAN_POINT('',(-0.0257145323878751,0.0154567540728775,-0.00810315441152004));
#5251=CARTESIAN_POINT('',(-0.0257150821094537,0.0154558211040463,-0.00810325738002647));
#5252=CARTESIAN_POINT('',(-0.0257164145852954,0.0154535513201237,-0.00810370380708539));
#5253=CARTESIAN_POINT('',(-0.0257173221189387,0.0154520008517114,-0.00810411328392902));
#5254=CARTESIAN_POINT('',(-0.0257178596015735,0.0154510854083469,-0.00810429035718565));
#5255=CARTESIAN_POINT('',(-0.0257183745410397,0.0154502042563336,-0.00810455689268041));
#5256=CARTESIAN_POINT('',(-0.0257185854612123,0.0154498450515006,-0.00810462553723234));
#5257=CARTESIAN_POINT('',(-0.0257185883932144,0.0154498410915346,-0.00810460250196308));
#5258=CARTESIAN_POINT('',(-0.0257188969817108,0.0154493156258545,-0.00810470123518517));
#5259=CARTESIAN_POINT('',(-0.0257189012653949,0.0154493104119861,-0.0081046541347505));
#5260=CARTESIAN_POINT('',(-0.0257206195148108,0.0154463858666997,-0.00810517337794771));
#5261=CARTESIAN_POINT('',(-0.0257209465443097,0.0154458424257167,-0.00810496144160045));
#5262=CARTESIAN_POINT('',(-0.0257248092106112,0.015439308452521,-0.00810515692284958));
#5263=CARTESIAN_POINT('',(-0.0257269891888959,0.015435638741602,-0.00810480665786751));
#5264=CARTESIAN_POINT('',(-0.025733398934258,0.0154248491497507,-0.00810368992888454));
#5265=CARTESIAN_POINT('',(-0.0257370165339956,0.0154187745972112,-0.00810258228004786));
#5266=CARTESIAN_POINT('',(-0.0257544638820374,0.0153894807108658,-0.00809672033550108));
#5267=CARTESIAN_POINT('',(-0.0257662079175097,0.0153697829659013,-0.00809080865133843));
#5268=CARTESIAN_POINT('',(-0.0258010061175257,0.0153113004290747,-0.0080728839515783));
#5269=CARTESIAN_POINT('',(-0.0258218544727158,0.0152761800448975,-0.00805956900598578));
#5270=CARTESIAN_POINT('',(-0.0258643513228964,0.0152042231103908,-0.00803330446187017));
#5271=CARTESIAN_POINT('',(-0.0258858217206331,0.0151676836048113,-0.00802027049608485));
#5272=CARTESIAN_POINT('',(-0.0259299214341432,0.0150921815783715,-0.00799489776459297));
#5273=CARTESIAN_POINT('',(-0.0259524638494472,0.0150533636454899,-0.00798254464505345));
#5274=CARTESIAN_POINT('',(-0.0259965707682056,0.0149770596140705,-0.0079573838587244));
#5275=CARTESIAN_POINT('',(-0.0260184013307428,0.0149391063217456,-0.00794471899045116));
#5276=CARTESIAN_POINT('',(-0.0261265356097215,0.0147501932678857,-0.00788098967106086));
#5277=CARTESIAN_POINT('',(-0.0262119835657049,0.0145978385887676,-0.0078297750047495));
#5278=CARTESIAN_POINT('',(-0.0264638702658329,0.0141393881067274,-0.00767523131167694));
#5279=CARTESIAN_POINT('',(-0.0266265257429816,0.0138307145209056,-0.00757087182008789));
#5280=CARTESIAN_POINT('',(-0.0270970475825012,0.0128987449992638,-0.00725447318609837));
#5281=CARTESIAN_POINT('',(-0.0273881575468295,0.0122685863244729,-0.0070388819161504));
#5282=CARTESIAN_POINT('',(-0.0277913540620037,0.0113098583339392,-0.00670759587881441));
#5283=CARTESIAN_POINT('',(-0.027919964871043,0.0109886170078234,-0.00659605565643343));
#5284=CARTESIAN_POINT('',(-0.0281659070591141,0.0103420766190729,-0.00637034860364187));
#5285=CARTESIAN_POINT('',(-0.0282835392067522,0.0100159540380834,-0.00625589185213301));
#5286=CARTESIAN_POINT('',(-0.028837571881647,0.00839283024285653,-0.00568289182532626));
#5287=CARTESIAN_POINT('',(-0.0291900389063526,0.00707089289716703,-0.00520580359423768));
#5288=CARTESIAN_POINT('',(-0.0297108885368376,0.00439194418598917,-0.00420733884176456));
#5289=CARTESIAN_POINT('',(-0.029878844367828,0.00304804793420581,-0.00369126082815117));
#5290=CARTESIAN_POINT('',(-0.0300312363459308,0.000352687614969576,-0.00261164324732567));
#5291=CARTESIAN_POINT('',(-0.0300172681417634,-0.000984800242564739,-0.00205435950494431));
#5292=CARTESIAN_POINT('',(-0.0298878097819636,-0.00265364439103016,-0.00132009841789368));
#5293=CARTESIAN_POINT('',(-0.029856686413865,-0.00298353023261206,-0.00117301607985902));
#5294=CARTESIAN_POINT('',(-0.0297838866019306,-0.00363935706465098,-0.000876442715080843));
#5295=CARTESIAN_POINT('',(-0.0297421349904606,-0.00396599034939651,-0.000726655726836704));
#5296=CARTESIAN_POINT('',(-0.029602778335668,-0.00493162318343364,-0.000277219062886416));
#5297=CARTESIAN_POINT('',(-0.0294898353761497,-0.00556709037484909,3.05988541551064E-5));
#5298=CARTESIAN_POINT('',(-0.029095278202349,-0.00743741030670869,0.000977117461397739));
#5299=CARTESIAN_POINT('',(-0.0287575386957228,-0.0086506338200729,0.00164353445389191));
#5300=CARTESIAN_POINT('',(-0.028143305554033,-0.0104209158483935,0.00272479352557887));
#5301=CARTESIAN_POINT('',(-0.0279235340820318,-0.0109962631323128,0.00309436101417284));
#5302=CARTESIAN_POINT('',(-0.0275695002995503,-0.011844152981321,0.00367346811697899));
#5303=CARTESIAN_POINT('',(-0.0274480906014066,-0.0121228597489841,0.00386959717277878));
#5304=CARTESIAN_POINT('',(-0.0271999770784045,-0.0126698409977214,0.00426791082775161));
#5305=CARTESIAN_POINT('',(-0.0270732656622363,-0.0129383478424755,0.00447002317880672));
#5306=CARTESIAN_POINT('',(-0.0268155219343307,-0.0134645160249238,0.00488177649917071));
#5307=CARTESIAN_POINT('',(-0.0266846468207485,-0.0137220068649839,0.00509109878464489));
#5308=CARTESIAN_POINT('',(-0.0264205791445688,-0.0142239608857857,0.00551878022001741));
#5309=CARTESIAN_POINT('',(-0.026287585083365,-0.0144681855316272,0.00573665234939566));
#5310=CARTESIAN_POINT('',(-0.0260230370194283,-0.0149390197077418,0.00618366055084006));
#5311=CARTESIAN_POINT('',(-0.025891678654251,-0.015165384438143,0.00641194491355828));
#5312=CARTESIAN_POINT('',(-0.0257015878580694,-0.0154842381300816,0.00676668874376556));
#5313=CARTESIAN_POINT('',(-0.0256399223800979,-0.0155862146975541,0.00688595218499111));
#5314=CARTESIAN_POINT('',(-0.025521910115803,-0.015779049759929,0.0071288665571112));
#5315=CARTESIAN_POINT('',(-0.0254659183007635,-0.0158693339983993,0.00725150568553921));
#5316=CARTESIAN_POINT('',(-0.0254162477903377,-0.0159486979352425,0.00737362720963668));
#5317=CARTESIAN_POINT('',(-0.0288331939241465,-0.00828534417707352,0.00700000000000133));
#5318=CARTESIAN_POINT('',(-0.0291959842120878,-0.00702282538455842,0.00632536145438952));
#5319=CARTESIAN_POINT('',(-0.0294678985541499,-0.00576727013951779,0.00562571238862044));
#5320=CARTESIAN_POINT('',(-0.0297547467229681,-0.00388067777159843,0.00456748594906027));
#5321=CARTESIAN_POINT('',(-0.0298299979550736,-0.00325139390361546,0.00421298802761157));
#5322=CARTESIAN_POINT('',(-0.0298990990901618,-0.00246351270880569,0.00376916894959325));
#5323=CARTESIAN_POINT('',(-0.0299116695280617,-0.00230586806733408,0.00368037885261174));
#5324=CARTESIAN_POINT('',(-0.0299343137526197,-0.00199044257883758,0.00350274531820304));
#5325=CARTESIAN_POINT('',(-0.0299443840547975,-0.00183270603179314,0.0034138168064055));
#5326=CARTESIAN_POINT('',(-0.0299708405343674,-0.00135959881738919,0.00314636404492409));
#5327=CARTESIAN_POINT('',(-0.029983479372609,-0.00104425038920889,0.00296732666056559));
#5328=CARTESIAN_POINT('',(-0.0300217993607346,0.000532418775280924,0.00206887624687354));
#5329=CARTESIAN_POINT('',(-0.0299732304381423,0.0017936627118457,0.00133999107400689));
#5330=CARTESIAN_POINT('',(-0.0298115415279866,0.00337234744302822,0.000420271418623151));
#5331=CARTESIAN_POINT('',(-0.0297741318213741,0.00368818514169259,0.000235882971965652));
#5332=CARTESIAN_POINT('',(-0.0296890297880889,0.0043200862951956,-0.000133754048431455));
#5333=CARTESIAN_POINT('',(-0.0296412852192357,0.00463639343135051,-0.000319147221869895));
#5334=CARTESIAN_POINT('',(-0.0294832054037243,0.00558106917312571,-0.000873883303208775));
#5335=CARTESIAN_POINT('',(-0.0293578855798467,0.00620657457291488,-0.00124256713382676));
#5336=CARTESIAN_POINT('',(-0.0290674869791739,0.007449041170787,-0.00197767956108899));
#5337=CARTESIAN_POINT('',(-0.0289024071771334,0.0080660017087538,-0.00234410890223768));
#5338=CARTESIAN_POINT('',(-0.0285321553467263,0.00929115899491094,-0.00307496349956513));
#5339=CARTESIAN_POINT('',(-0.0283266121893484,0.00990027350470563,-0.00343994511159783));
#5340=CARTESIAN_POINT('',(-0.0276522248870279,0.0117048687806447,-0.00452709754456329));
#5341=CARTESIAN_POINT('',(-0.0271258731068904,0.0128785660425112,-0.00524198140928829));
#5342=CARTESIAN_POINT('',(-0.0263707970228015,0.014306832906949,-0.00612607539533232));
#5343=CARTESIAN_POINT('',(-0.0262149094569217,0.0145905361033681,-0.00630241930416144));
#5344=CARTESIAN_POINT('',(-0.0259736973221618,0.0150131060351047,-0.00656627009629024));
#5345=CARTESIAN_POINT('',(-0.0258920975039046,0.0151534037074625,-0.0066540765943057));
#5346=CARTESIAN_POINT('',(-0.0257679570337887,0.0153629092158054,-0.00678549983635978));
#5347=CARTESIAN_POINT('',(-0.0257262810925486,0.015432597208177,-0.00682925296570926));
#5348=CARTESIAN_POINT('',(-0.0256423501701929,0.0155716560837912,-0.00691670214274567));
#5349=CARTESIAN_POINT('',(-0.0256001049538401,0.0156410111852861,-0.00696043548020849));
#5350=CARTESIAN_POINT('',(-0.0255362676630653,0.0157448621771279,-0.00702585950218307));
#5351=CARTESIAN_POINT('',(-0.0255149038938922,0.0157794591961977,-0.00704761378693741));
#5352=CARTESIAN_POINT('',(-0.0254720373360454,0.0158485635686688,-0.00709113191739437));
#5353=CARTESIAN_POINT('',(-0.025450539349756,0.0158830631649297,-0.00711291409490214));
#5354=CARTESIAN_POINT('',(-0.0254074516628837,0.0159518979652218,-0.00715666569035404));
#5355=CARTESIAN_POINT('',(-0.0253858710130993,0.0159862192199181,-0.00717866850518124));
#5356=CARTESIAN_POINT('',(-0.025358739281939,0.0160291748160407,-0.00720591695810033));
#5357=CARTESIAN_POINT('',(-0.0253533051594222,0.0160377685893362,-0.00721135399720155));
#5358=CARTESIAN_POINT('',(-0.0253464922730116,0.0160485306474971,-0.00721809513762196));
#5359=CARTESIAN_POINT('',(-0.0253451286348461,0.0160506841285265,-0.00721944042365291));
#5360=CARTESIAN_POINT('',(-0.0253430806200255,0.0160539174756367,-0.00722145031875746));
#5361=CARTESIAN_POINT('',(-0.0253423975419802,0.0160549957476314,-0.00722211901924016));
#5362=CARTESIAN_POINT('',(-0.0253415428228545,0.0160563447726876,-0.00722295195084259));
#5363=CARTESIAN_POINT('',(-0.0253413718432667,0.0160566146246141,-0.00722311841930425));
#5364=CARTESIAN_POINT('',(-0.0253410297556175,0.0160571545121478,-0.00722345090680052));
#5365=CARTESIAN_POINT('',(-0.0253408587227789,0.0160574244290452,-0.00722361720817309));
#5366=CARTESIAN_POINT('',(-0.0253406446915987,0.0160577621921782,-0.00722382420412321));
#5367=CARTESIAN_POINT('',(-0.0253406019304706,0.0160578296730231,-0.0072238657736435));
#5368=CARTESIAN_POINT('',(-0.0253405484007879,0.0160579141468535,-0.00722391744304783));
#5369=CARTESIAN_POINT('',(-0.0253405377110776,0.0160579310159765,-0.00722392783789423));
#5370=CARTESIAN_POINT('',(-0.0253405216504867,0.0160579563606743,-0.00722394333257991));
#5371=CARTESIAN_POINT('',(-0.0253405163056887,0.0160579647951173,-0.00722394853026576));
#5372=CARTESIAN_POINT('',(-0.025340505598063,0.0160579816924369,-0.00722395885799929));
#5373=CARTESIAN_POINT('',(-0.0253405002524219,0.0160579901281927,-0.00722396405255243));
#5374=CARTESIAN_POINT('',(-0.0253404734819401,0.0160580323736351,-0.00722398986672709));
#5375=CARTESIAN_POINT('',(-0.025340452064015,0.0160580661722685,-0.007224010512545));
#5376=CARTESIAN_POINT('',(-0.0253403449592677,0.0160582351885547,-0.00722411368616399));
#5377=CARTESIAN_POINT('',(-0.0253402591611265,0.0160583705796254,-0.00722419580002166));
#5378=CARTESIAN_POINT('',(-0.0253400018897864,0.0160587765514144,-0.00722444261592527));
#5379=CARTESIAN_POINT('',(-0.0253398301635139,0.0160590475242848,-0.00722460638052416));
#5380=CARTESIAN_POINT('',(-0.0253382847996183,0.0160614859212447,-0.00722608105836746));
#5381=CARTESIAN_POINT('',(-0.0253369086271612,0.0160636567384945,-0.00722738350125152));
#5382=CARTESIAN_POINT('',(-0.0253341584327428,0.0160679937483802,-0.0072299985748313));
#5383=CARTESIAN_POINT('',(-0.0253327838664674,0.0160701608003116,-0.00723130916199586));
#5384=CARTESIAN_POINT('',(-0.0253259161885953,0.0160809848696077,-0.00723788669749589));
#5385=CARTESIAN_POINT('',(-0.0253204393012514,0.016089607106816,-0.00724323031799484));
#5386=CARTESIAN_POINT('',(-0.0253095336466147,0.0161067566521302,-0.00725413081985774));
#5387=CARTESIAN_POINT('',(-0.0253041042055216,0.0161152850257639,-0.00725968516843112));
#5388=CARTESIAN_POINT('',(-0.0252554662817445,0.0161915994775648,-0.00731066851259005));
#5389=CARTESIAN_POINT('',(-0.0252144484655951,0.0162553556281418,-0.00736244356593584));
#5390=CARTESIAN_POINT('',(-0.0251375555240736,0.0163740129563778,-0.00748003115976336));
#5391=CARTESIAN_POINT('',(-0.0251012707520885,0.0164295336424821,-0.00754673646147511));
#5392=CARTESIAN_POINT('',(-0.025037507592154,0.0165265417632345,-0.00769156832337808));
#5393=CARTESIAN_POINT('',(-0.0250099061433119,0.0165682302113262,-0.00776948810998299));
#5394=CARTESIAN_POINT('',(-0.0249648434643098,0.0166360526698878,-0.00793802873574644));
#5395=CARTESIAN_POINT('',(-0.0249476073074588,0.0166618491437565,-0.00802892422567658));
#5396=CARTESIAN_POINT('',(-0.0249274947217441,0.0166919242196307,-0.00821375604865112));
#5397=CARTESIAN_POINT('',(-0.0249244055448756,0.0166965287675968,-0.00831041978236344));
#5398=CARTESIAN_POINT('',(-0.0249333520830977,0.0166831657233542,-0.00849819038513759));
#5399=CARTESIAN_POINT('',(-0.0249454067629453,0.0166651679469201,-0.00859167463045411));
#5400=CARTESIAN_POINT('',(-0.0249828763611351,0.0166089442768675,-0.00876777190974497));
#5401=CARTESIAN_POINT('',(-0.0250081089703596,0.0165709848718898,-0.0088503919921629));
#5402=CARTESIAN_POINT('',(-0.0250689888558145,0.0164787393827571,-0.00900221841831677));
#5403=CARTESIAN_POINT('',(-0.025103858215441,0.0164256294617664,-0.00906980899436752));
#5404=CARTESIAN_POINT('',(-0.025181013982557,0.0163071007639766,-0.00919054153685665));
#5405=CARTESIAN_POINT('',(-0.0252226512399692,0.0162426707280411,-0.00924249817570533));
#5406=CARTESIAN_POINT('',(-0.0253095077515855,0.0161069955399857,-0.00933004510593673));
#5407=CARTESIAN_POINT('',(-0.0253553327070851,0.0160347950640774,-0.00936609582995599));
#5408=CARTESIAN_POINT('',(-0.0254477880858764,0.0158876565600553,-0.00942147930554033));
#5409=CARTESIAN_POINT('',(-0.025494659103169,0.0158123538565498,-0.00944116770576874));
#5410=CARTESIAN_POINT('',(-0.0255895205438604,0.0156583720611975,-0.00946526816788859));
#5411=CARTESIAN_POINT('',(-0.025637252730782,0.0155800979573528,-0.00946946828283403));
#5412=CARTESIAN_POINT('',(-0.0257307266128927,0.0154252354249545,-0.00946256409943939));
#5413=CARTESIAN_POINT('',(-0.0257768419169748,0.0153480425251326,-0.00945156094779514));
#5414=CARTESIAN_POINT('',(-0.0258337132991861,0.0152518771454804,-0.00942805719507425));
#5415=CARTESIAN_POINT('',(-0.0258450630050722,0.0152326364323655,-0.00942285781881182));
#5416=CARTESIAN_POINT('',(-0.0258676149339391,0.0151943078830932,-0.0094115013259358));
#5417=CARTESIAN_POINT('',(-0.025878802168197,0.0151752456826072,-0.00940534712161313));
#5418=CARTESIAN_POINT('',(-0.0258926837646467,0.0151515331786335,-0.00939711309303259));
#5419=CARTESIAN_POINT('',(-0.0258954550222089,0.0151467963358891,-0.00939543965826317));
#5420=CARTESIAN_POINT('',(-0.0258996051725369,0.0151396981283891,-0.00939289556767098));
#5421=CARTESIAN_POINT('',(-0.0259009874339428,0.0151373332342096,-0.00939204188568902));
#5422=CARTESIAN_POINT('',(-0.025903750093673,0.0151326051485299,-0.00939032592418017));
#5423=CARTESIAN_POINT('',(-0.0259051303864288,0.0151302421379061,-0.00938946289003179));
#5424=CARTESIAN_POINT('',(-0.0259072004123688,0.0151266972160397,-0.00938816891511196));
#5425=CARTESIAN_POINT('',(-0.0259078903328438,0.0151255155408452,-0.00938773754816851));
#5426=CARTESIAN_POINT('',(-0.0259087532456815,0.0151240373370201,-0.00938720273684542));
#5427=CARTESIAN_POINT('',(-0.0259089258237589,0.0151237416923294,-0.0093870957793052));
#5428=CARTESIAN_POINT('',(-0.025909184844353,0.0151232979449092,-0.00938693649528551));
#5429=CARTESIAN_POINT('',(-0.0259092711844146,0.0151231500264272,-0.00938688340885478));
#5430=CARTESIAN_POINT('',(-0.0259093791491814,0.015122965056688,-0.00938681734604161));
#5431=CARTESIAN_POINT('',(-0.0259094007525061,0.0151229280447894,-0.00938680420818827));
#5432=CARTESIAN_POINT('',(-0.0259094439422054,0.0151228540496678,-0.00938677781247955));
#5433=CARTESIAN_POINT('',(-0.0259094655508451,0.0151228170282992,-0.00938676471377068));
#5434=CARTESIAN_POINT('',(-0.0259095303409156,0.0151227060250646,-0.00938672516313649));
#5435=CARTESIAN_POINT('',(-0.0259095735563205,0.0151226319844453,-0.0093866989557848));
#5436=CARTESIAN_POINT('',(-0.0259099623588454,0.0151219658455265,-0.00938646213743306));
#5437=CARTESIAN_POINT('',(-0.0259103081424593,0.015121373364662,-0.00938625307645692));
#5438=CARTESIAN_POINT('',(-0.0259120371396272,0.0151184105912545,-0.00938520907713753));
#5439=CARTESIAN_POINT('',(-0.0259134211845295,0.0151160381734859,-0.00938438230230305));
#5440=CARTESIAN_POINT('',(-0.0259175737586861,0.0151089179182188,-0.00938191224619531));
#5441=CARTESIAN_POINT('',(-0.0259203429113687,0.0151041667634626,-0.00938028054863526));
#5442=CARTESIAN_POINT('',(-0.0259341866562832,0.0150803994197778,-0.00937215525682827));
#5443=CARTESIAN_POINT('',(-0.0259452540530372,0.0150613504533069,-0.00936575316836718));
#5444=CARTESIAN_POINT('',(-0.0259783933450454,0.0150041667754649,-0.0093465553599946));
#5445=CARTESIAN_POINT('',(-0.026000403280491,0.0149659936799349,-0.00933377479836903));
#5446=CARTESIAN_POINT('',(-0.0260442093488375,0.014889630518248,-0.00930790002619823));
#5447=CARTESIAN_POINT('',(-0.0260660115142594,0.0148514301539048,-0.0092948488175959));
#5448=CARTESIAN_POINT('',(-0.0261094397136592,0.0147749481121461,-0.00926870139099531));
#5449=CARTESIAN_POINT('',(-0.0261310692453424,0.0147366602028678,-0.00925563093265315));
#5450=CARTESIAN_POINT('',(-0.0261741602681532,0.0146599886799649,-0.00922950451687998));
#5451=CARTESIAN_POINT('',(-0.0261956204538569,0.014621607365787,-0.00921643902904207));
#5452=CARTESIAN_POINT('',(-0.0263024787666351,0.0144295023295624,-0.00915097987034062));
#5453=CARTESIAN_POINT('',(-0.0263865502786684,0.0142751819991068,-0.00909819699862167));
#5454=CARTESIAN_POINT('',(-0.0266345867546578,0.0138102214056792,-0.00893900492149645));
#5455=CARTESIAN_POINT('',(-0.0267944202012761,0.0134974809276119,-0.00883149144808439));
#5456=CARTESIAN_POINT('',(-0.0272566459432623,0.0125525707796791,-0.00850519199256118));
#5457=CARTESIAN_POINT('',(-0.0275414144164766,0.011914533511763,-0.00828291061285396));
#5458=CARTESIAN_POINT('',(-0.0279340509760198,0.0109457845897352,-0.00794168024763441));
#5459=CARTESIAN_POINT('',(-0.0280591721989246,0.0106209179599497,-0.00782663371714461));
#5460=CARTESIAN_POINT('',(-0.0282979356478677,0.00996734071204655,-0.00759380633087332));
#5461=CARTESIAN_POINT('',(-0.028411854461439,0.00963775792057121,-0.00747570832429985));
#5462=CARTESIAN_POINT('',(-0.0289489573263869,0.00799221474257714,-0.00688230389725692));
#5463=CARTESIAN_POINT('',(-0.0292841535191837,0.00665722488231957,-0.00638902928413537));
#5464=CARTESIAN_POINT('',(-0.029769353711945,0.00395801339588391,-0.0053572169865568));
#5465=CARTESIAN_POINT('',(-0.0299174846416088,0.00260423647366028,-0.00482271691680147));
#5466=CARTESIAN_POINT('',(-0.0300304336939846,-0.000104819095745553,-0.00370492769512296));
#5467=CARTESIAN_POINT('',(-0.0299947831192416,-0.00144914064564171,-0.00312621276557498));
#5468=CARTESIAN_POINT('',(-0.0298399273754779,-0.0031129444522072,-0.00236814000263156));
#5469=CARTESIAN_POINT('',(-0.0298035405957593,-0.00344364445752976,-0.00221533260945692));
#5470=CARTESIAN_POINT('',(-0.0297202394443518,-0.00410086412397934,-0.0019070932852384));
#5471=CARTESIAN_POINT('',(-0.0296733128688151,-0.00442745729865823,-0.00175180309392528));
#5472=CARTESIAN_POINT('',(-0.0295172448781973,-0.00540034755998695,-0.00128054861052267));
#5473=CARTESIAN_POINT('',(-0.0293929518911833,-0.0060390433210785,-0.00095777456581855));
#5474=CARTESIAN_POINT('',(-0.0289630752359618,-0.00792483017617083,3.9414064358543E-5));
#5475=CARTESIAN_POINT('',(-0.0286004109157862,-0.00914191007093192,0.000742102097628151));
#5476=CARTESIAN_POINT('',(-0.0279567078997057,-0.0109000912603859,0.00187413002760506));
#5477=CARTESIAN_POINT('',(-0.0277255095282604,-0.0114748686001595,0.00226454788986687));
#5478=CARTESIAN_POINT('',(-0.0273562257687448,-0.012317915151827,0.00287521479425702));
#5479=CARTESIAN_POINT('',(-0.027229246975212,-0.0125960032354667,0.00308319808465839));
#5480=CARTESIAN_POINT('',(-0.0269701777028309,-0.0131415639488875,0.00350626590955205));
#5481=CARTESIAN_POINT('',(-0.0268379055993684,-0.0134094670040567,0.00372160249146159));
#5482=CARTESIAN_POINT('',(-0.0265690891727612,-0.013934506909947,0.00416175298353651));
#5483=CARTESIAN_POINT('',(-0.0264325263330005,-0.0141916692285045,0.00438652696185313));
#5484=CARTESIAN_POINT('',(-0.026156940108656,-0.0146934137622348,0.00484869787085079));
#5485=CARTESIAN_POINT('',(-0.0260178675747078,-0.0149380617557824,0.00508599085520638));
#5486=CARTESIAN_POINT('',(-0.0257405948866685,-0.0154109343336157,0.00557955536021779));
#5487=CARTESIAN_POINT('',(-0.0256021934064946,-0.0156394365870107,0.00583539185538915));
#5488=CARTESIAN_POINT('',(-0.0254012013690821,-0.0159623005861628,0.00624552836870699));
#5489=CARTESIAN_POINT('',(-0.0253353394162702,-0.0160665628592596,0.00638670771704976));
#5490=CARTESIAN_POINT('',(-0.0252084364636695,-0.0162649499386041,0.00668340128256109));
#5491=CARTESIAN_POINT('',(-0.0251476328782325,-0.0163586760858521,0.00683841070038834));
#5492=CARTESIAN_POINT('',(-0.0250935943417421,-0.0164411533358244,0.007));
#5493=CARTESIAN_POINT('',(-0.0288331939241465,-0.00828534417707352,0.00700000000000133));
#5494=CARTESIAN_POINT('',(-0.0287969556679684,-0.00841145416665553,0.00673429083549661));
#5495=CARTESIAN_POINT('',(-0.0289747327189327,-0.00879512838487306,0.00608698698389394));
#5496=CARTESIAN_POINT('',(-0.0296662009903625,-0.00908824287886778,0.00590322522266425));
#5497=CARTESIAN_POINT('',(-0.0299531948795355,-0.00915736958203812,0.00592919264978208));
#5498=CARTESIAN_POINT('',(-0.0250935943417421,-0.0164411533358244,0.007));
#5499=CARTESIAN_POINT('',(-0.025186585988386,-0.0162992232284658,0.00710768274632211));
#5500=CARTESIAN_POINT('',(-0.025478278424175,-0.0160534439938866,0.0073395989291291));
#5501=CARTESIAN_POINT('',(-0.0258906528087346,-0.0160114504971153,0.00750531235128496));
#5502=CARTESIAN_POINT('',(-0.0260827426707053,-0.0160368594419641,0.0075586325728296));
#5503=CARTESIAN_POINT('',(-0.0260827426707054,-0.016036859441964,0.00755863257282945));
#5504=CARTESIAN_POINT('',(-0.0254162477903377,-0.0159486979352424,0.00737362720963656));
#5505=CARTESIAN_POINT('',(-0.0250935943417421,-0.0164411533358243,0.00699999999999988));
#5506=CARTESIAN_POINT('',(-0.0259998491120937,-0.0161159503588704,0.00770681573674273));
#5507=CARTESIAN_POINT('',(-0.0253439072009618,-0.0160476017131803,0.00752257832980027));
#5508=CARTESIAN_POINT('',(-0.0250196080806451,-0.0165540761451253,0.00719238104591548));
#5509=CARTESIAN_POINT('',(-0.0258360704199435,-0.0162188617322833,0.00797530346527697));
#5510=CARTESIAN_POINT('',(-0.0252101935463178,-0.0162089013254672,0.00780603526389818));
#5511=CARTESIAN_POINT('',(-0.02487886090605,-0.0167406717972921,0.0075995396078007));
#5512=CARTESIAN_POINT('',(-0.0256661448073248,-0.0162216551899103,0.00823956600216843));
#5513=CARTESIAN_POINT('',(-0.025092147699469,-0.0162892174571429,0.00820669818500767));
#5514=CARTESIAN_POINT('',(-0.0247559617842657,-0.0167790384129752,0.00828563430063375));
#5515=CARTESIAN_POINT('',(-0.0256942524364274,-0.0161362782551877,0.00840769360995254));
#5516=CARTESIAN_POINT('',(-0.0251403475969406,-0.0161130718279665,0.00855213677612066));
#5517=CARTESIAN_POINT('',(-0.0248184364524461,-0.0164454147370329,0.00892494926575441));
#5518=CARTESIAN_POINT('',(-0.0259635216053816,-0.0159672656862793,0.0085113306131853));
#5519=CARTESIAN_POINT('',(-0.0253702055066972,-0.0157216288212552,0.0086900135685656));
#5520=CARTESIAN_POINT('',(-0.0250871617793521,-0.0158351685765441,0.0092980381184818));
#5521=CARTESIAN_POINT('',(-0.0263530905469458,-0.0156804386138909,0.00855701877276324));
#5522=CARTESIAN_POINT('',(-0.0256768708447347,-0.0152674175067529,0.00863862277109202));
#5523=CARTESIAN_POINT('',(-0.0254526795168449,-0.0151756581667277,0.00940388572699686));
#5524=CARTESIAN_POINT('',(-0.0269103715407239,-0.0151003320465333,0.00850725126684676));
#5525=CARTESIAN_POINT('',(-0.0261299483884826,-0.0145885036511109,0.00845792955488019));
#5526=CARTESIAN_POINT('',(-0.0259722012883809,-0.0143175709174633,0.00934215963702212));
#5527=CARTESIAN_POINT('',(-0.0275926354586189,-0.0141688181195659,0.00824133312583136));
#5528=CARTESIAN_POINT('',(-0.0267103721824686,-0.0136543408723525,0.00811719824990506));
#5529=CARTESIAN_POINT('',(-0.0266112047135127,-0.0132827262196128,0.00907155722817895));
#5530=CARTESIAN_POINT('',(-0.0283290086719527,-0.0129815986089008,0.00777243066467278));
#5531=CARTESIAN_POINT('',(-0.0273424408542128,-0.0124935399902095,0.00761817510839257));
#5532=CARTESIAN_POINT('',(-0.0273022987531003,-0.0120571044297952,0.00863920315007472));
#5533=CARTESIAN_POINT('',(-0.0289830892482428,-0.0117318091693192,0.00720933152807681));
#5534=CARTESIAN_POINT('',(-0.0278965074495733,-0.0112879257771872,0.00705040901897832));
#5535=CARTESIAN_POINT('',(-0.0279169269667954,-0.0108080302429744,0.00813221929256102));
#5536=CARTESIAN_POINT('',(-0.0295314781535384,-0.0104574051043682,0.00659115112857318));
#5537=CARTESIAN_POINT('',(-0.0283478187142522,-0.0100686824736711,0.0064439289540073));
#5538=CARTESIAN_POINT('',(-0.0284335134529054,-0.00955294807441309,0.0075832721672278));
#5539=CARTESIAN_POINT('',(-0.0298249288640334,-0.00959332428501132,0.00615328233502294));
#5540=CARTESIAN_POINT('',(-0.0285753613335467,-0.00925654205218878,0.00602568077998097));
#5541=CARTESIAN_POINT('',(-0.0287112801444882,-0.00870960701706963,0.00719713804891757));
#5542=CARTESIAN_POINT('',(-0.0299531948795357,-0.00915736958203755,0.00592919264978178));
#5543=CARTESIAN_POINT('',(-0.0286713356198835,-0.00884861490853748,0.00581320904122392));
#5544=CARTESIAN_POINT('',(-0.0288331939241466,-0.00828534417707296,0.00700000000000089));
#5545=CARTESIAN_POINT('',(0.0299531948795362,0.00915736958203557,0.00592919264978076));
#5546=CARTESIAN_POINT('',(0.0303349521092279,0.00785984069624678,0.00526223611138636));
#5547=CARTESIAN_POINT('',(0.0306216416429275,0.00656117808948768,0.00456637441109923));
#5548=CARTESIAN_POINT('',(0.0309258331440029,0.00460490693901527,0.0035111336144819));
#5549=CARTESIAN_POINT('',(0.0310060292674126,0.00395144435010467,0.00315713989925389));
#5550=CARTESIAN_POINT('',(0.031080310332169,0.00313260417619147,0.00271358654678974));
#5551=CARTESIAN_POINT('',(0.0310938633234269,0.00296845718838165,0.00262468360647044));
#5552=CARTESIAN_POINT('',(0.0311183837488339,0.00264089957721927,0.00244729951189407));
#5553=CARTESIAN_POINT('',(0.0311293498953491,0.00247782580113234,0.00235889103129721));
#5554=CARTESIAN_POINT('',(0.031158333410369,0.00198794143014871,0.00209258682074222));
#5555=CARTESIAN_POINT('',(0.0311724536080614,0.00166126810882163,0.00191424290123376));
#5556=CARTESIAN_POINT('',(0.0312171744834481,2.74490492333326E-5,0.00101898975951192));
#5557=CARTESIAN_POINT('',(0.0311705251985975,-0.0012812575730207,0.00029176156244282));
#5558=CARTESIAN_POINT('',(0.0310071920477708,-0.00292041402166933,-0.000626449574170515));
#5559=CARTESIAN_POINT('',(0.0309692501511128,-0.00324840482875639,-0.000810565110243139));
#5560=CARTESIAN_POINT('',(0.0308826710592804,-0.00390468910090101,-0.00117969105683619));
#5561=CARTESIAN_POINT('',(0.030833980345655,-0.00423324033459457,-0.00136484848457806));
#5562=CARTESIAN_POINT('',(0.0306724523117744,-0.00521458573006398,-0.00191893307901297));
#5563=CARTESIAN_POINT('',(0.0305440192344997,-0.00586449788361727,-0.00228725052630973));
#5564=CARTESIAN_POINT('',(0.0302457628227062,-0.00715550581625254,-0.00302165880606105));
#5565=CARTESIAN_POINT('',(0.0300759385532243,-0.00779660718665602,-0.00338775389593224));
#5566=CARTESIAN_POINT('',(0.0296945436826399,-0.00906963482038472,-0.00411789553430303));
#5567=CARTESIAN_POINT('',(0.0294825899672771,-0.0097025197286961,-0.00448250073282433));
#5568=CARTESIAN_POINT('',(0.0287865402614473,-0.0115772642061827,-0.00556836674917048));
#5569=CARTESIAN_POINT('',(0.0282425190013296,-0.0127962087433477,-0.00628217963315746));
#5570=CARTESIAN_POINT('',(0.0274612121666092,-0.0142786659278885,-0.00716444257230489));
#5571=CARTESIAN_POINT('',(0.0272998701476834,-0.014573083448754,-0.00734039269595907));
#5572=CARTESIAN_POINT('',(0.0270501623492671,-0.0150115637680337,-0.00760362668077635));
#5573=CARTESIAN_POINT('',(0.0269656729065085,-0.0151570547445081,-0.00769117648432231));
#5574=CARTESIAN_POINT('',(0.02683714077859,-0.0153745182187975,-0.00782233308282016));
#5575=CARTESIAN_POINT('',(0.0267939932450448,-0.0154469107552586,-0.00786603075607666));
#5576=CARTESIAN_POINT('',(0.0267070487007939,-0.015590816368171,-0.0079530505230738));
#5577=CARTESIAN_POINT('',(0.0266632670039011,-0.0156623802678836,-0.00799644874597137));
#5578=CARTESIAN_POINT('',(0.026597265001738,-0.015771430062944,-0.00806246642375037));
#5579=CARTESIAN_POINT('',(0.0265752122444455,-0.0158081838809051,-0.0080846639430822));
#5580=CARTESIAN_POINT('',(0.0265307251098029,-0.0158788091305544,-0.00812745519308574));
#5581=CARTESIAN_POINT('',(0.0265083301936742,-0.0159130828051543,-0.00814830381141265));
#5582=CARTESIAN_POINT('',(0.0264633857984451,-0.0159807975042166,-0.00818978628434017));
#5583=CARTESIAN_POINT('',(0.0264409216507684,-0.0160151057853328,-0.00821098291205072));
#5584=CARTESIAN_POINT('',(0.0264133257643358,-0.0160655430426487,-0.00824158159805165));
#5585=CARTESIAN_POINT('',(0.0264078109255425,-0.0160757738602284,-0.00824777569803247));
#5586=CARTESIAN_POINT('',(0.0264011597372198,-0.0160916624464857,-0.00825721168119901));
#5587=CARTESIAN_POINT('',(0.0263998412260363,-0.0160949912147916,-0.0082591811485561));
#5588=CARTESIAN_POINT('',(0.026397936735104,-0.0161008789924563,-0.00826262837673297));
#5589=CARTESIAN_POINT('',(0.0263973096075498,-0.0161029374968272,-0.00826382980300384));
#5590=CARTESIAN_POINT('',(0.0263965817808888,-0.0161061821982028,-0.00826570358710735));
#5591=CARTESIAN_POINT('',(0.0263964372134392,-0.0161068435059539,-0.00826608493556666));
#5592=CARTESIAN_POINT('',(0.0263961635600783,-0.0161083498704808,-0.00826694999010894));
#5593=CARTESIAN_POINT('',(0.0263959828150127,-0.0161085876275044,-0.00826709256327127));
#5594=CARTESIAN_POINT('',(0.026395889414495,-0.0161104445018863,-0.00826814538833729));
#5595=CARTESIAN_POINT('',(0.026395837389808,-0.0161104238684012,-0.00826813581785508));
#5596=CARTESIAN_POINT('',(0.0263958157688509,-0.0161109088531646,-0.00826841036557301));
#5597=CARTESIAN_POINT('',(0.0263958033826483,-0.0161109109747429,-0.0082684120565656));
#5598=CARTESIAN_POINT('',(0.0263957969778437,-0.0161110574643981,-0.00826849495214562));
#5599=CARTESIAN_POINT('',(0.0263957909276551,-0.0161110602043097,-0.00826849673898017));
#5600=CARTESIAN_POINT('',(0.0263957866809284,-0.0161111581485835,-0.00826855215313786));
#5601=CARTESIAN_POINT('',(0.0263958314054371,-0.0161117578691041,-0.00826888838880401));
#5602=CARTESIAN_POINT('',(0.0263958208346424,-0.0161120034463547,-0.00826902711929705));
#5603=CARTESIAN_POINT('',(0.0263959105135816,-0.0161133551498162,-0.00826978339600556));
#5604=CARTESIAN_POINT('',(0.0263958687671412,-0.0161143455857065,-0.008270340834885));
#5605=CARTESIAN_POINT('',(0.0263958620874061,-0.0161154549223044,-0.00827096191207826));
#5606=CARTESIAN_POINT('',(0.0263957595578873,-0.0161178117876503,-0.00827228185892412));
#5607=CARTESIAN_POINT('',(0.0263955975781234,-0.0161182810471761,-0.00827254866128069));
#5608=CARTESIAN_POINT('',(0.0263943664955904,-0.0161251818319995,-0.008276434015886));
#5609=CARTESIAN_POINT('',(0.0263928036141291,-0.0161258112279941,-0.00827683437936068));
#5610=CARTESIAN_POINT('',(0.0263898029849522,-0.0161285138571167,-0.008278453230752));
#5611=CARTESIAN_POINT('',(0.0263882658639566,-0.0161294230628727,-0.00827902129639297));
#5612=CARTESIAN_POINT('',(0.0263805283265653,-0.0161333002054586,-0.00828149870779598));
#5613=CARTESIAN_POINT('',(0.0263741825091024,-0.016134379506095,-0.00828238039011614));
#5614=CARTESIAN_POINT('',(0.0263615254494838,-0.0161364737382125,-0.00828410113012146));
#5615=CARTESIAN_POINT('',(0.0263551886285227,-0.0161371912482919,-0.00828477858307657));
#5616=CARTESIAN_POINT('',(0.0262982772623551,-0.0161428212025047,-0.00829039292029763));
#5617=CARTESIAN_POINT('',(0.026249442727631,-0.016144181937623,-0.00829317593423488));
#5618=CARTESIAN_POINT('',(0.0261567572513897,-0.01614865092141,-0.00829949233979358));
#5619=CARTESIAN_POINT('',(0.0261123034745732,-0.0161507036937205,-0.00830245357113995));
#5620=CARTESIAN_POINT('',(0.026032412522487,-0.0161543916211923,-0.0083077696534667));
#5621=CARTESIAN_POINT('',(0.025996851110171,-0.0161560207605207,-0.00831012513915917));
#5622=CARTESIAN_POINT('',(0.025936110909132,-0.0161588003233741,-0.0083141471633936));
#5623=CARTESIAN_POINT('',(0.0259111625700635,-0.0161599390958636,-0.00831579764527785));
#5624=CARTESIAN_POINT('',(0.0258769181430311,-0.0161615012194494,-0.00831806723284458));
#5625=CARTESIAN_POINT('',(0.0258672090767221,-0.0161619432688718,-0.0083187136495095));
#5626=CARTESIAN_POINT('',(0.0258648429028847,-0.0161620497636199,-0.00831888534274616));
#5627=CARTESIAN_POINT('',(0.0258720518312567,-0.0161617202680557,-0.0083184196075229));
#5628=CARTESIAN_POINT('',(0.0259019338933108,-0.0161603562391899,-0.00831647230870721));
#5629=CARTESIAN_POINT('',(0.0259244056648475,-0.0161593308725892,-0.0083150039495156));
#5630=CARTESIAN_POINT('',(0.0259817522118353,-0.0161567139816375,-0.00831125282299716));
#5631=CARTESIAN_POINT('',(0.0260158732163908,-0.0161551568650001,-0.00830901937205479));
#5632=CARTESIAN_POINT('',(0.026093299954257,-0.0161516217522272,-0.00830394967270205));
#5633=CARTESIAN_POINT('',(0.0261359657228034,-0.0161496730384664,-0.00830115525786229));
#5634=CARTESIAN_POINT('',(0.0262263866637647,-0.0161455392928858,-0.00829523229582407));
#5635=CARTESIAN_POINT('',(0.0262747826283268,-0.0161433250664123,-0.00829206177722468));
#5636=CARTESIAN_POINT('',(0.0263736267012061,-0.0161387934432575,-0.00828558594717944));
#5637=CARTESIAN_POINT('',(0.0264243174063903,-0.0161364657231895,-0.00828226484482266));
#5638=CARTESIAN_POINT('',(0.0265280112428193,-0.0161316767167592,-0.00827546988148619));
#5639=CARTESIAN_POINT('',(0.0265807426377398,-0.0161292333638453,-0.00827201503388493));
#5640=CARTESIAN_POINT('',(0.0266850634731348,-0.0161242766930871,-0.00826516425101598));
#5641=CARTESIAN_POINT('',(0.0267370719725557,-0.0161219254514065,-0.00826179252849494));
#5642=CARTESIAN_POINT('',(0.0268018443783698,-0.0161179516130135,-0.00825733275893432));
#5643=CARTESIAN_POINT('',(0.0268148030708134,-0.0161170994362788,-0.00825642668888451));
#5644=CARTESIAN_POINT('',(0.0268405898254166,-0.0161148588511065,-0.00825446363577116));
#5645=CARTESIAN_POINT('',(0.0268534243022382,-0.0161138328228628,-0.00825352586811023));
#5646=CARTESIAN_POINT('',(0.0268692188935872,-0.0161098543606565,-0.0082514995566434));
#5647=CARTESIAN_POINT('',(0.0268723643716198,-0.0161089076598135,-0.00825104617071643));
#5648=CARTESIAN_POINT('',(0.0268770292107433,-0.0161067354024919,-0.00825012332206597));
#5649=CARTESIAN_POINT('',(0.0268785755477437,-0.0161058904989343,-0.00824977663921198));
#5650=CARTESIAN_POINT('',(0.0268816280500326,-0.0161035966851939,-0.00824888864343159));
#5651=CARTESIAN_POINT('',(0.026883167108721,-0.0161026654844992,-0.00824851113678148));
#5652=CARTESIAN_POINT('',(0.0268852669736914,-0.0160980033885131,-0.00824690647509982));
#5653=CARTESIAN_POINT('',(0.0268859707754631,-0.0160965142684966,-0.00824638937961693));
#5654=CARTESIAN_POINT('',(0.0268866673567939,-0.0160917557119818,-0.00824483973490758));
#5655=CARTESIAN_POINT('',(0.0268868062790232,-0.0160907976671441,-0.00824452810874742));
#5656=CARTESIAN_POINT('',(0.0268869583876259,-0.016088467618466,-0.00824378466050138));
#5657=CARTESIAN_POINT('',(0.0268869577644648,-0.0160868790128593,-0.00824328511112673));
#5658=CARTESIAN_POINT('',(0.0268870232124532,-0.0160859379302566,-0.00824298702791259));
#5659=CARTESIAN_POINT('',(0.0268869911293935,-0.0160850343091651,-0.00824270619216244));
#5660=CARTESIAN_POINT('',(0.026887017775427,-0.0160846648000575,-0.00824258951337304));
#5661=CARTESIAN_POINT('',(0.0268870424435299,-0.0160846595804971,-0.00824258661810411));
#5662=CARTESIAN_POINT('',(0.0268870832787924,-0.0160841188400755,-0.00824241590706431));
#5663=CARTESIAN_POINT('',(0.0268871327945053,-0.0160841112668146,-0.00824241100848546));
#5664=CARTESIAN_POINT('',(0.0268873925238006,-0.0160810979135894,-0.00824145940072455));
#5665=CARTESIAN_POINT('',(0.0268877565124837,-0.0160805247424858,-0.00824126490279153));
#5666=CARTESIAN_POINT('',(0.0268893297448825,-0.0160737438452594,-0.00823909040561149));
#5667=CARTESIAN_POINT('',(0.026890690507377,-0.0160699183913008,-0.00823785645245079));
#5668=CARTESIAN_POINT('',(0.0268947869264046,-0.0160586601484051,-0.00823422893498909));
#5669=CARTESIAN_POINT('',(0.0268975917063637,-0.0160523104943379,-0.00823218065786514));
#5670=CARTESIAN_POINT('',(0.0269116812485295,-0.0160216391209647,-0.0082222944467137));
#5671=CARTESIAN_POINT('',(0.0269231923251816,-0.0160010273204397,-0.00821566773560804));
#5672=CARTESIAN_POINT('',(0.0269576951518935,-0.0159397630192137,-0.00819594315717221));
#5673=CARTESIAN_POINT('',(0.0269808646234687,-0.0159030021800171,-0.00818400776759757));
#5674=CARTESIAN_POINT('',(0.0270268667722912,-0.0158275965791613,-0.00815929841073678));
#5675=CARTESIAN_POINT('',(0.0270497268801699,-0.0157892845540765,-0.00814666268859516));
#5676=CARTESIAN_POINT('',(0.0270951190854539,-0.0157101995943692,-0.00812064038181054));
#5677=CARTESIAN_POINT('',(0.0271176634561877,-0.0156695566896413,-0.00810732080666645));
#5678=CARTESIAN_POINT('',(0.0271626678528035,-0.0155896522206833,-0.00808113505885788));
#5679=CARTESIAN_POINT('',(0.0271850970755203,-0.0155499103881524,-0.00806811612289873));
#5680=CARTESIAN_POINT('',(0.0272968437779831,-0.0153520026193135,-0.00800318920251169));
#5681=CARTESIAN_POINT('',(0.0273847375902451,-0.0151924489991384,-0.00795066687988684));
#5682=CARTESIAN_POINT('',(0.0276441102363173,-0.0147122275239842,-0.0077924153482554));
#5683=CARTESIAN_POINT('',(0.0278112830087679,-0.0143891119809326,-0.00768550923518889));
#5684=CARTESIAN_POINT('',(0.028294862655346,-0.0134129395657465,-0.00736109383463007));
#5685=CARTESIAN_POINT('',(0.0285929570186521,-0.0127537647936403,-0.00714010752007984));
#5686=CARTESIAN_POINT('',(0.0290042362141133,-0.0117529169306935,-0.00680089215289568));
#5687=CARTESIAN_POINT('',(0.0291353469427738,-0.0114172819962184,-0.00668652835006761));
#5688=CARTESIAN_POINT('',(0.0293856414294052,-0.0107420530442957,-0.00645509575528166));
#5689=CARTESIAN_POINT('',(0.0295051154174563,-0.0104015565991518,-0.00633771130282767));
#5690=CARTESIAN_POINT('',(0.0300686843747359,-0.00870156177876065,-0.00574792667777816));
#5691=CARTESIAN_POINT('',(0.0304213231330738,-0.00732252091290383,-0.00525776690366143));
#5692=CARTESIAN_POINT('',(0.0309340344222878,-0.0045354990451451,-0.00423305048205517));
#5693=CARTESIAN_POINT('',(0.0310921276834922,-0.00313828233078605,-0.00370249358052581));
#5694=CARTESIAN_POINT('',(0.0312175316154811,-0.000344777250386046,-0.00259404668973639));
#5695=CARTESIAN_POINT('',(0.0311843236091574,0.00104017124527346,-0.00202070290029112));
#5696=CARTESIAN_POINT('',(0.0310278747748781,0.00275164116066226,-0.00127088715556387));
#5697=CARTESIAN_POINT('',(0.0309909375248035,0.00309168786137837,-0.00111980110293699));
#5698=CARTESIAN_POINT('',(0.0309060798698926,0.00376716063948623,-0.000815182928347383));
#5699=CARTESIAN_POINT('',(0.0308581678745103,0.00410349601216162,-0.000661401352006034));
#5700=CARTESIAN_POINT('',(0.0306983022075351,0.00509803582218769,-0.000198189016305762));
#5701=CARTESIAN_POINT('',(0.030570572695533,0.00575004161867402,0.000118656608043408));
#5702=CARTESIAN_POINT('',(0.0301277998353712,0.00767313469722834,0.00109647400710268));
#5703=CARTESIAN_POINT('',(0.029753092486746,0.00891118155848962,0.00178406353056472));
#5704=CARTESIAN_POINT('',(0.0290862888561431,0.0106909822344886,0.00288609151015629));
#5705=CARTESIAN_POINT('',(0.0288465502319292,0.0112713292965576,0.00326528344664018));
#5706=CARTESIAN_POINT('',(0.0284631247202437,0.0121187078265875,0.00385563466800236));
#5707=CARTESIAN_POINT('',(0.0283312005135101,0.0123975211855556,0.00405621837901919));
#5708=CARTESIAN_POINT('',(0.0280618439895025,0.0129428334355739,0.00446296736678538));
#5709=CARTESIAN_POINT('',(0.0279242140170651,0.0132096372797631,0.00466928785411865));
#5710=CARTESIAN_POINT('',(0.0276442099559344,0.0137298167740948,0.00508877508994964));
#5711=CARTESIAN_POINT('',(0.0275018184256273,0.0139832186340942,0.00530192339271137));
#5712=CARTESIAN_POINT('',(0.0272139608007397,0.0144730785331425,0.0057360293502024));
#5713=CARTESIAN_POINT('',(0.0270684558469437,0.0147096657888432,0.00595702297601819));
#5714=CARTESIAN_POINT('',(0.0267772927368235,0.0151581765176567,0.00640743541235228));
#5715=CARTESIAN_POINT('',(0.0266314904225545,0.0153706570497654,0.00663721996250491));
#5716=CARTESIAN_POINT('',(0.0264175774989235,0.0156559361988119,0.00698576733087223));
#5717=CARTESIAN_POINT('',(0.026347094363545,0.0157453250184299,0.00710254109040204));
#5718=CARTESIAN_POINT('',(0.0262098404296992,0.0159072715027616,0.00733521000054739));
#5719=CARTESIAN_POINT('',(0.0261433195737999,0.0159790614331708,0.00745034337678538));
#5720=CARTESIAN_POINT('',(0.0260827426707054,0.0160368594419641,0.0075586325728296));
#5721=CARTESIAN_POINT('',(0.0286713356198839,0.00884861490853561,0.00581320904122295));
#5722=CARTESIAN_POINT('',(0.029052616171194,0.00761405449508955,0.00516749770826225));
#5723=CARTESIAN_POINT('',(0.029350902179757,0.00636722441690785,0.0044930447144029));
#5724=CARTESIAN_POINT('',(0.0296775109030177,0.00447233460579685,0.0034622404948934));
#5725=CARTESIAN_POINT('',(0.0297657841295737,0.00384135038660916,0.00311785734070857));
#5726=CARTESIAN_POINT('',(0.0298510044224631,0.00304723987415435,0.00268462604054272));
#5727=CARTESIAN_POINT('',(0.0298667572144513,0.00288849934526726,0.00259807384617475));
#5728=CARTESIAN_POINT('',(0.0298956613695859,0.002571744293507,0.00242530570320723));
#5729=CARTESIAN_POINT('',(0.0299088022362862,0.00241407129657826,0.00233914946340781));
#5730=CARTESIAN_POINT('',(0.0299444677694799,0.00194071400713487,0.0020799066592793));
#5731=CARTESIAN_POINT('',(0.0299632759686802,0.00162455484685623,0.00190607412232946));
#5732=CARTESIAN_POINT('',(0.0300317276402302,5.23957209544307E-5,0.00103868192093546));
#5733=CARTESIAN_POINT('',(0.0300083642494654,-0.00121741607030676,0.00032903465031158));
#5734=CARTESIAN_POINT('',(0.0298739501824257,-0.00282070023334603,-0.00057400890634101));
#5735=CARTESIAN_POINT('',(0.0298421051156383,-0.00313962118187148,-0.000753992835163318));
#5736=CARTESIAN_POINT('',(0.0297679152857498,-0.00377800951312348,-0.00111493970122534));
#5737=CARTESIAN_POINT('',(0.029725564496485,-0.00409773079013769,-0.00129604588302427));
#5738=CARTESIAN_POINT('',(0.0295835384417977,-0.00505108295908586,-0.00183703737728173));
#5739=CARTESIAN_POINT('',(0.0294684332540202,-0.00568430055751777,-0.00219761657073195));
#5740=CARTESIAN_POINT('',(0.0291972177786913,-0.00694289276730442,-0.00291687280025183));
#5741=CARTESIAN_POINT('',(0.0290414213511334,-0.00756839460383243,-0.00327560327353311));
#5742=CARTESIAN_POINT('',(0.0286884801130634,-0.00881120004167564,-0.00399129855725681));
#5743=CARTESIAN_POINT('',(0.0284912840517081,-0.0094295520663442,-0.00434885313129169));
#5744=CARTESIAN_POINT('',(0.0278424227035402,-0.0112553780683353,-0.00540993634591548));
#5745=CARTESIAN_POINT('',(0.027330571009272,-0.0124493455642538,-0.0061107664058677));
#5746=CARTESIAN_POINT('',(0.0265853569954687,-0.0139113883531669,-0.00698208736315795));
#5747=CARTESIAN_POINT('',(0.0264321774583789,-0.0142002364367747,-0.00715489102693652));
#5748=CARTESIAN_POINT('',(0.0261945720761209,-0.0146309889794208,-0.00741369265748806));
#5749=CARTESIAN_POINT('',(0.0261142363417018,-0.0147738578417365,-0.00749967529032998));
#5750=CARTESIAN_POINT('',(0.025991826586704,-0.0149874195886164,-0.00762860029482691));
#5751=CARTESIAN_POINT('',(0.0259507247687532,-0.0150584504462044,-0.0076715480743611));
#5752=CARTESIAN_POINT('',(0.0258680578694127,-0.0151999783580327,-0.00775695257400175));
#5753=CARTESIAN_POINT('',(0.0258264789887605,-0.0152705040394879,-0.00779950733092445));
#5754=CARTESIAN_POINT('',(0.025763155533345,-0.01537687883807,-0.00786468859125707));
#5755=CARTESIAN_POINT('',(0.0257418612330544,-0.0154124761700059,-0.00788669777072832));
#5756=CARTESIAN_POINT('',(0.0256998217367776,-0.0154824652250298,-0.00792848648658105));
#5757=CARTESIAN_POINT('',(0.0256789875688581,-0.0155170028852387,-0.00794860554323808));
#5758=CARTESIAN_POINT('',(0.025637373897681,-0.0155856864836198,-0.00798850107567265));
#5759=CARTESIAN_POINT('',(0.0256163616333496,-0.0156202110224784,-0.00800905342862452));
#5760=CARTESIAN_POINT('',(0.0255881123354661,-0.0156662987435187,-0.00804049411585556));
#5761=CARTESIAN_POINT('',(0.0255824137851043,-0.0156755836231915,-0.00804689318693632));
#5762=CARTESIAN_POINT('',(0.0255745001361023,-0.0156884230287525,-0.00805730164627116));
#5763=CARTESIAN_POINT('',(0.0255728773218068,-0.0156910535212483,-0.0080595026195856));
#5764=CARTESIAN_POINT('',(0.025570215013929,-0.0156953579735365,-0.00806350981310247));
#5765=CARTESIAN_POINT('',(0.0255693027194588,-0.015696831835339,-0.00806492135600303));
#5766=CARTESIAN_POINT('',(0.0255679912290329,-0.0156989438816053,-0.00806721919598366));
#5767=CARTESIAN_POINT('',(0.0255677257259942,-0.0156993713367928,-0.00806768857500205));
#5768=CARTESIAN_POINT('',(0.0255671477550899,-0.0157003003205808,-0.00806877402147512));
#5769=CARTESIAN_POINT('',(0.0255669904650445,-0.0157005569828723,-0.00806890332571703));
#5770=CARTESIAN_POINT('',(0.0255663954278081,-0.0157015064960192,-0.0080703144940591));
#5771=CARTESIAN_POINT('',(0.0255663766556288,-0.015701538227013,-0.00807028243023395));
#5772=CARTESIAN_POINT('',(0.0255662225167659,-0.0157017840902031,-0.00807065175199214));
#5773=CARTESIAN_POINT('',(0.0255662159795337,-0.0157017949328801,-0.00807064957584638));
#5774=CARTESIAN_POINT('',(0.0255661694780484,-0.0157018691015345,-0.00807076115997589));
#5775=CARTESIAN_POINT('',(0.0255661657827874,-0.0157018751960832,-0.00807076141857632));
#5776=CARTESIAN_POINT('',(0.0255661347075633,-0.0157019247588838,-0.00807083603189769));
#5777=CARTESIAN_POINT('',(0.025565979182319,-0.0157021704503443,-0.00807131491493734));
#5778=CARTESIAN_POINT('',(0.0255659013261829,-0.0157022946223154,-0.00807150195200234));
#5779=CARTESIAN_POINT('',(0.0255655450265144,-0.0157028579319823,-0.00807257716086272));
#5780=CARTESIAN_POINT('',(0.02556523163242,-0.0157033577235845,-0.00807333111297631));
#5781=CARTESIAN_POINT('',(0.0255648992949755,-0.0157038863405021,-0.00807418721340083));
#5782=CARTESIAN_POINT('',(0.0255641521054885,-0.0157050779749458,-0.00807597763367515));
#5783=CARTESIAN_POINT('',(0.0255639334392372,-0.0157054313521466,-0.00807628805595958));
#5784=CARTESIAN_POINT('',(0.0255612878784981,-0.0157096810244709,-0.0080812292428768));
#5785=CARTESIAN_POINT('',(0.025560344693713,-0.0157112350845226,-0.00808120343617818));
#5786=CARTESIAN_POINT('',(0.0255580884536603,-0.0157149266543787,-0.00808232920417903));
#5787=CARTESIAN_POINT('',(0.0255570734348154,-0.015716593632732,-0.00808254270313181));
#5788=CARTESIAN_POINT('',(0.0255521710073475,-0.015724654468573,-0.00808310062219206));
#5789=CARTESIAN_POINT('',(0.0255487539143494,-0.0157303025246189,-0.00808201771890063));
#5790=CARTESIAN_POINT('',(0.0255419064801889,-0.015741612282845,-0.00807999839787913));
#5791=CARTESIAN_POINT('',(0.0255385538309056,-0.0157471512005467,-0.00807882522057444));
#5792=CARTESIAN_POINT('',(0.0255088355616358,-0.0157962205938696,-0.00806866072254735));
#5793=CARTESIAN_POINT('',(0.0254825488094067,-0.015839376382829,-0.00806335053250021));
#5794=CARTESIAN_POINT('',(0.0254305514976724,-0.0159240826310268,-0.00806789759062567));
#5795=CARTESIAN_POINT('',(0.0254046928171959,-0.0159658947955773,-0.00807680218228666));
#5796=CARTESIAN_POINT('',(0.0253577421201015,-0.0160413217349225,-0.00810700313144914));
#5797=CARTESIAN_POINT('',(0.0253364225122591,-0.0160753235109844,-0.00812793066557607));
#5798=CARTESIAN_POINT('',(0.025300460714409,-0.0161323816902906,-0.00818017054812208));
#5799=CARTESIAN_POINT('',(0.0252857837484275,-0.0161554981098387,-0.00821170263607373));
#5800=CARTESIAN_POINT('',(0.025266935819671,-0.0161850042483448,-0.00827885056328795));
#5801=CARTESIAN_POINT('',(0.0252624311787889,-0.0161919248657275,-0.00831559133199752));
#5802=CARTESIAN_POINT('',(0.0252646795717342,-0.0161879868907369,-0.00838584076234668));
#5803=CARTESIAN_POINT('',(0.0252713933916903,-0.0161771830939005,-0.0084204174289649));
#5804=CARTESIAN_POINT('',(0.02529428402612,-0.0161405017933689,-0.0084806688604074));
#5805=CARTESIAN_POINT('',(0.0253104517424087,-0.0161146294809489,-0.00850650242467693));
#5806=CARTESIAN_POINT('',(0.0253491971270603,-0.0160523869424229,-0.00854604814055357));
#5807=CARTESIAN_POINT('',(0.0253714526457765,-0.0160165263994635,-0.00855935610552125));
#5808=CARTESIAN_POINT('',(0.025419220608057,-0.0159391412908477,-0.00857260325528811));
#5809=CARTESIAN_POINT('',(0.0254444704110194,-0.0158980307455621,-0.00857212058620564));
#5810=CARTESIAN_POINT('',(0.0254946681506213,-0.0158158647362499,-0.00855779109102456));
#5811=CARTESIAN_POINT('',(0.0255200285297262,-0.0157741219054838,-0.00854341463753836));
#5812=CARTESIAN_POINT('',(0.0255676227739717,-0.0156954727387885,-0.00850247383864426));
#5813=CARTESIAN_POINT('',(0.0255900204187599,-0.0156582928192141,-0.00847554954430997));
#5814=CARTESIAN_POINT('',(0.0256305135781697,-0.0155910757337481,-0.00841035287621478));
#5815=CARTESIAN_POINT('',(0.0256483386548987,-0.0155614922848828,-0.00837175015463008));
#5816=CARTESIAN_POINT('',(0.0256770496259606,-0.0155144120092205,-0.0082872248847645));
#5817=CARTESIAN_POINT('',(0.0256877971254589,-0.0154971694468989,-0.00824062622829032));
#5818=CARTESIAN_POINT('',(0.025696400948085,-0.0154844311208218,-0.00818040625896111));
#5819=CARTESIAN_POINT('',(0.0256979026155677,-0.015482294993714,-0.00816803465808674));
#5820=CARTESIAN_POINT('',(0.025700632317299,-0.0154785611313535,-0.0081432881645364));
#5821=CARTESIAN_POINT('',(0.0257016461723838,-0.0154773305057281,-0.0081308257212151));
#5822=CARTESIAN_POINT('',(0.0257041112253066,-0.0154737860983096,-0.00811609696818153));
#5823=CARTESIAN_POINT('',(0.0257046761696251,-0.0154729567584678,-0.00811318829845627));
#5824=CARTESIAN_POINT('',(0.0257059360107738,-0.0154710092176383,-0.00810905986565148));
#5825=CARTESIAN_POINT('',(0.0257064224705486,-0.0154702466273134,-0.00810772080945061));
#5826=CARTESIAN_POINT('',(0.0257077388037469,-0.0154681338724393,-0.00810523133273101));
#5827=CARTESIAN_POINT('',(0.0257082704031033,-0.0154672946142,-0.00810391705378696));
#5828=CARTESIAN_POINT('',(0.0257109472975668,-0.0154628161359782,-0.00810297882033487));
#5829=CARTESIAN_POINT('',(0.0257118030856046,-0.0154613858276353,-0.00810264223340708));
#5830=CARTESIAN_POINT('',(0.0257145323879255,-0.0154567540727921,-0.00810315441153145));
#5831=CARTESIAN_POINT('',(0.0257150821095285,-0.0154558211039181,-0.00810325738005128));
#5832=CARTESIAN_POINT('',(0.0257164145853701,-0.0154535513199959,-0.00810370380711043));
#5833=CARTESIAN_POINT('',(0.0257173221190885,-0.0154520008514554,-0.00810411328399674));
#5834=CARTESIAN_POINT('',(0.0257178596017211,-0.0154510854080946,-0.00810429035725227));
#5835=CARTESIAN_POINT('',(0.0257183745410876,-0.0154502042562527,-0.00810455689269088));
#5836=CARTESIAN_POINT('',(0.0257185854612592,-0.0154498450514213,-0.00810462553724229));
#5837=CARTESIAN_POINT('',(0.025718588393262,-0.0154498410914532,-0.00810460250197324));
#5838=CARTESIAN_POINT('',(0.0257188969817565,-0.0154493156257761,-0.00810470123519423));
#5839=CARTESIAN_POINT('',(0.0257189012654398,-0.0154493104119077,-0.00810465413475874));
#5840=CARTESIAN_POINT('',(0.0257206195148381,-0.0154463858666516,-0.00810517337794621));
#5841=CARTESIAN_POINT('',(0.0257209465443448,-0.0154458424256588,-0.00810496144160405));
#5842=CARTESIAN_POINT('',(0.0257248092106332,-0.015439308452488,-0.0081051569228466));
#5843=CARTESIAN_POINT('',(0.0257269891889193,-0.0154356387415628,-0.00810480665786432));
#5844=CARTESIAN_POINT('',(0.0257333989342776,-0.0154248491497156,-0.00810368992887862));
#5845=CARTESIAN_POINT('',(0.0257370165340148,-0.015418774597179,-0.00810258228004233));
#5846=CARTESIAN_POINT('',(0.025754463882052,-0.0153894807108412,-0.00809672033549282));
#5847=CARTESIAN_POINT('',(0.0257662079175256,-0.0153697829658752,-0.00809080865133089));
#5848=CARTESIAN_POINT('',(0.0258010061175403,-0.0153113004290492,-0.00807288395156966));
#5849=CARTESIAN_POINT('',(0.025821854472731,-0.0152761800448675,-0.00805956900597623));
#5850=CARTESIAN_POINT('',(0.0258643513229112,-0.0152042231103709,-0.00803330446186205));
#5851=CARTESIAN_POINT('',(0.025885821720648,-0.0151676836047866,-0.00802027049607486));
#5852=CARTESIAN_POINT('',(0.0259299214341596,-0.0150921815783419,-0.00799489776458444));
#5853=CARTESIAN_POINT('',(0.0259524638494686,-0.0150533636454656,-0.00798254464505005));
#5854=CARTESIAN_POINT('',(0.0259965707682171,-0.014977059614038,-0.00795738385870918));
#5855=CARTESIAN_POINT('',(0.0260184013307637,-0.0149391063217233,-0.00794471899044714));
#5856=CARTESIAN_POINT('',(0.0261265356097211,-0.0147501932678291,-0.00788098967102715));
#5857=CARTESIAN_POINT('',(0.026211983565717,-0.01459783858873,-0.00782977500473188));
#5858=CARTESIAN_POINT('',(0.0264638702658621,-0.0141393881067056,-0.00767523131167947));
#5859=CARTESIAN_POINT('',(0.0266265257429989,-0.0138307145208755,-0.00757087182007767));
#5860=CARTESIAN_POINT('',(0.0270970475825285,-0.012898744999201,-0.00725447318607708));
#5861=CARTESIAN_POINT('',(0.0273881575468436,-0.0122685863244121,-0.00703888191612671));
#5862=CARTESIAN_POINT('',(0.027791354062033,-0.011309858333883,-0.00670759587879632));
#5863=CARTESIAN_POINT('',(0.0279199648710735,-0.0109886170077597,-0.00659605565641443));
#5864=CARTESIAN_POINT('',(0.0281659070591346,-0.0103420766190028,-0.00637034860361416));
#5865=CARTESIAN_POINT('',(0.0282835392067763,-0.0100159540380102,-0.00625589185210538));
#5866=CARTESIAN_POINT('',(0.028837571881675,-0.00839283024278461,-0.00568289182530795));
#5867=CARTESIAN_POINT('',(0.0291900389063187,-0.00707089289709644,-0.00520580359419208));
#5868=CARTESIAN_POINT('',(0.0297108885368922,-0.00439194418595085,-0.00420733884176935));
#5869=CARTESIAN_POINT('',(0.029878844367799,-0.00304804793416148,-0.00369126082811852));
#5870=CARTESIAN_POINT('',(0.0300312363459645,-0.000352687614922405,-0.00261164324732148));
#5871=CARTESIAN_POINT('',(0.0300172681417704,0.000984800242614662,-0.00205435950492317));
#5872=CARTESIAN_POINT('',(0.0298878097819577,0.00265364439107169,-0.00132009841787521));
#5873=CARTESIAN_POINT('',(0.0298566864138558,0.00298353023265228,-0.0011730160798391));
#5874=CARTESIAN_POINT('',(0.0297838866019308,0.00363935706469256,-0.000876442715063768));
#5875=CARTESIAN_POINT('',(0.029742134990459,0.00396599034943512,-0.000726655726822129));
#5876=CARTESIAN_POINT('',(0.0296027783356543,0.00493162318347451,-0.000277219062860648));
#5877=CARTESIAN_POINT('',(0.0294898353761424,0.00556709037488385,3.05988541737176E-5));
#5878=CARTESIAN_POINT('',(0.0290952782023429,0.00743741030673731,0.000977117461410217));
#5879=CARTESIAN_POINT('',(0.0287575386957346,0.00865063382009698,0.00164353445389836));
#5880=CARTESIAN_POINT('',(0.0281433055540156,0.010420915848415,0.00272479352559604));
#5881=CARTESIAN_POINT('',(0.0279235340820263,0.0109962631323258,0.00309436101417749));
#5882=CARTESIAN_POINT('',(0.027569500299544,0.0118441529813363,0.00367346811699146));
#5883=CARTESIAN_POINT('',(0.0274480906014081,0.012122859749018,0.00386959717279596));
#5884=CARTESIAN_POINT('',(0.0271999770783922,0.0126698409977117,0.00426791082775194));
#5885=CARTESIAN_POINT('',(0.0270732656622283,0.0129383478424853,0.0044700231788159));
#5886=CARTESIAN_POINT('',(0.0268155219343298,0.0134645160249321,0.00488177649917583));
#5887=CARTESIAN_POINT('',(0.0266846468207397,0.0137220068649831,0.00509109878464846));
#5888=CARTESIAN_POINT('',(0.0264205791445707,0.0142239608857995,0.0055187802200249));
#5889=CARTESIAN_POINT('',(0.0262875850833613,0.0144681855316256,0.00573665234939712));
#5890=CARTESIAN_POINT('',(0.0260230370194279,0.0149390197077507,0.00618366055084555));
#5891=CARTESIAN_POINT('',(0.0258916786542524,0.0151653844381505,0.0064119449135604));
#5892=CARTESIAN_POINT('',(0.0257015878580681,0.015484238130079,0.00676668874376573));
#5893=CARTESIAN_POINT('',(0.0256399223800994,0.0155862146975593,0.00688595218499635));
#5894=CARTESIAN_POINT('',(0.025521910115803,0.0157790497599217,0.00712886655710323));
#5895=CARTESIAN_POINT('',(0.0254659183007616,0.0158693339984071,0.00725150568554036));
#5896=CARTESIAN_POINT('',(0.0254162477903377,0.0159486979352425,0.00737362720963668));
#5897=CARTESIAN_POINT('',(0.0288331939241472,0.00828534417707104,0.007));
#5898=CARTESIAN_POINT('',(0.0291959842120889,0.00702282538455439,0.00632536145438745));
#5899=CARTESIAN_POINT('',(0.0294678985541508,0.00576727013951303,0.00562571238861842));
#5900=CARTESIAN_POINT('',(0.0297547467229689,0.00388067777159271,0.00456748594905674));
#5901=CARTESIAN_POINT('',(0.0298299979550744,0.00325139390360763,0.00421298802760812));
#5902=CARTESIAN_POINT('',(0.0298990990901622,0.00246351270879996,0.00376916894958978));
#5903=CARTESIAN_POINT('',(0.0299116695280622,0.0023058680673274,0.00368037885260795));
#5904=CARTESIAN_POINT('',(0.0299343137526201,0.0019904425788318,0.00350274531819981));
#5905=CARTESIAN_POINT('',(0.029944384054798,0.00183270603178524,0.0034138168064011));
#5906=CARTESIAN_POINT('',(0.0299708405343675,0.0013595988173859,0.00314636404492211));
#5907=CARTESIAN_POINT('',(0.0299834793726092,0.00104425038920195,0.00296732666056152));
#5908=CARTESIAN_POINT('',(0.0300217993607344,-0.000532418775285431,0.0020688762468714));
#5909=CARTESIAN_POINT('',(0.0299732304381416,-0.00179366271185475,0.00133999107400217));
#5910=CARTESIAN_POINT('',(0.029811541527986,-0.00337234744303307,0.000420271418620194));
#5911=CARTESIAN_POINT('',(0.0297741318213736,-0.00368818514169672,0.000235882971963062));
#5912=CARTESIAN_POINT('',(0.029689029788088,-0.00432008629520187,-0.000133754048434943));
#5913=CARTESIAN_POINT('',(0.0296412852192349,-0.00463639343135539,-0.000319147221872429));
#5914=CARTESIAN_POINT('',(0.0294832054037229,-0.00558106917313315,-0.000873883303213805));
#5915=CARTESIAN_POINT('',(0.0293578855798446,-0.00620657457292494,-0.00124256713383379));
#5916=CARTESIAN_POINT('',(0.0290674869791724,-0.00744904117079306,-0.0019776795610915));
#5917=CARTESIAN_POINT('',(0.0289024071771322,-0.00806600170875899,-0.00234410890223925));
#5918=CARTESIAN_POINT('',(0.0285321553467219,-0.00929115899492468,-0.00307496349957485));
#5919=CARTESIAN_POINT('',(0.0283266121893466,-0.00990027350471114,-0.00343994511160093));
#5920=CARTESIAN_POINT('',(0.0276522248870193,-0.0117048687806661,-0.00452709754457664));
#5921=CARTESIAN_POINT('',(0.0271258731068753,-0.0128785660425411,-0.00524198140930542));
#5922=CARTESIAN_POINT('',(0.0263707970227962,-0.0143068329069586,-0.00612607539533862));
#5923=CARTESIAN_POINT('',(0.0262149094569123,-0.014590536103385,-0.00630241930417276));
#5924=CARTESIAN_POINT('',(0.0259736973221547,-0.015013106035117,-0.00656627009629756));
#5925=CARTESIAN_POINT('',(0.0258920975039033,-0.0151534037074649,-0.00665407659430364));
#5926=CARTESIAN_POINT('',(0.0257679570337767,-0.0153629092158255,-0.00678549983637417));
#5927=CARTESIAN_POINT('',(0.0257262810925394,-0.0154325972081922,-0.00682925296571879));
#5928=CARTESIAN_POINT('',(0.0256423501701846,-0.0155716560838043,-0.00691670214275394));
#5929=CARTESIAN_POINT('',(0.0256001049538376,-0.01564101118529,-0.00696043548020851));
#5930=CARTESIAN_POINT('',(0.0255362676630531,-0.0157448621771476,-0.00702585950219669));
#5931=CARTESIAN_POINT('',(0.025514903893881,-0.0157794591962155,-0.00704761378694929));
#5932=CARTESIAN_POINT('',(0.0254720373360384,-0.0158485635686796,-0.00709113191740059));
#5933=CARTESIAN_POINT('',(0.0254505393497477,-0.0158830631649429,-0.0071129140949104));
#5934=CARTESIAN_POINT('',(0.0254074516628738,-0.0159518979652377,-0.00715666569036428));
#5935=CARTESIAN_POINT('',(0.0253858710130935,-0.0159862192199275,-0.00717866850518586));
#5936=CARTESIAN_POINT('',(0.025358739281929,-0.0160291748160568,-0.00720591695811085));
#5937=CARTESIAN_POINT('',(0.0253533051594127,-0.0160377685893509,-0.00721135399721088));
#5938=CARTESIAN_POINT('',(0.0253464922730024,-0.0160485306475116,-0.00721809513763106));
#5939=CARTESIAN_POINT('',(0.0253451286348371,-0.0160506841285404,-0.00721944042366143));
#5940=CARTESIAN_POINT('',(0.0253430806200159,-0.0160539174756517,-0.00722145031876683));
#5941=CARTESIAN_POINT('',(0.0253423975419709,-0.0160549957476471,-0.00722211901924987));
#5942=CARTESIAN_POINT('',(0.0253415428228454,-0.0160563447727028,-0.0072229519508519));
#5943=CARTESIAN_POINT('',(0.025341371843258,-0.0160566146246309,-0.00722311841931435));
#5944=CARTESIAN_POINT('',(0.0253410297556089,-0.0160571545121646,-0.0072234509068106));
#5945=CARTESIAN_POINT('',(0.0253408587227693,-0.0160574244290594,-0.00722361720818196));
#5946=CARTESIAN_POINT('',(0.0253406446915892,-0.0160577621921924,-0.00722382420413198));
#5947=CARTESIAN_POINT('',(0.0253406019304613,-0.0160578296730379,-0.00722386577365255));
#5948=CARTESIAN_POINT('',(0.0253405484007786,-0.0160579141468682,-0.00722391744305687));
#5949=CARTESIAN_POINT('',(0.0253405377110685,-0.0160579310159918,-0.00722392783790354));
#5950=CARTESIAN_POINT('',(0.0253405216504775,-0.0160579563606896,-0.00722394333258922));
#5951=CARTESIAN_POINT('',(0.0253405163056797,-0.0160579647951328,-0.00722394853027522));
#5952=CARTESIAN_POINT('',(0.0253405055980539,-0.0160579816924525,-0.00722395885800874));
#5953=CARTESIAN_POINT('',(0.0253405002524125,-0.0160579901282074,-0.00722396405256147));
#5954=CARTESIAN_POINT('',(0.0253404734819308,-0.0160580323736499,-0.00722398986673612));
#5955=CARTESIAN_POINT('',(0.0253404520640057,-0.0160580661722836,-0.00722401051255414));
#5956=CARTESIAN_POINT('',(0.0253403449592584,-0.0160582351885698,-0.00722411368617317));
#5957=CARTESIAN_POINT('',(0.0253402591611176,-0.016058370579642,-0.00722419580003151));
#5958=CARTESIAN_POINT('',(0.0253400018897776,-0.0160587765514308,-0.00722444261593502));
#5959=CARTESIAN_POINT('',(0.0253398301635039,-0.0160590475242979,-0.00722460638053238));
#5960=CARTESIAN_POINT('',(0.0253382847996094,-0.0160614859212561,-0.00722608105837407));
#5961=CARTESIAN_POINT('',(0.0253369086271513,-0.0160636567385099,-0.00722738350126102));
#5962=CARTESIAN_POINT('',(0.0253341584327338,-0.0160679937483942,-0.00722999857483956));
#5963=CARTESIAN_POINT('',(0.025332783866458,-0.0160701608003261,-0.00723130916200461));
#5964=CARTESIAN_POINT('',(0.0253259161885856,-0.0160809848696225,-0.00723788669750509));
#5965=CARTESIAN_POINT('',(0.0253204393012438,-0.0160896071068286,-0.00724323031800193));
#5966=CARTESIAN_POINT('',(0.0253095336466039,-0.0161067566521479,-0.00725413081986976));
#5967=CARTESIAN_POINT('',(0.0253041042055106,-0.0161152850257794,-0.00725968516844214));
#5968=CARTESIAN_POINT('',(0.0252554662817462,-0.01619159947756,-0.00731066851258314));
#5969=CARTESIAN_POINT('',(0.0252144484655479,-0.0162553556282146,-0.00736244356603356));
#5970=CARTESIAN_POINT('',(0.0251375555241,-0.0163740129563369,-0.00748003115969717));
#5971=CARTESIAN_POINT('',(0.0251012707520189,-0.0164295336425843,-0.00754673646170254));
#5972=CARTESIAN_POINT('',(0.0250375075922041,-0.0165265417631544,-0.0076915683231849));
#5973=CARTESIAN_POINT('',(0.0250099061434868,-0.0165682302110614,-0.00776948810884146));
#5974=CARTESIAN_POINT('',(0.0249648434641207,-0.0166360526701709,-0.00793802873693436));
#5975=CARTESIAN_POINT('',(0.0249476073074642,-0.0166618491437558,-0.00802892422593367));
#5976=CARTESIAN_POINT('',(0.0249274947217374,-0.0166919242196479,-0.00821375604848674));
#5977=CARTESIAN_POINT('',(0.0249244055449412,-0.0166965287674988,-0.00831041978272939));
#5978=CARTESIAN_POINT('',(0.0249333520830348,-0.0166831657234481,-0.00849819038482904));
#5979=CARTESIAN_POINT('',(0.0249454067628826,-0.0166651679470191,-0.00859167463004286));
#5980=CARTESIAN_POINT('',(0.0249828763612101,-0.0166089442767597,-0.00876777191018605));
#5981=CARTESIAN_POINT('',(0.0250081089703889,-0.0165709848718484,-0.00885039199226032));
#5982=CARTESIAN_POINT('',(0.025068988855806,-0.0164787393827729,-0.00900221841826212));
#5983=CARTESIAN_POINT('',(0.0251038582154502,-0.0164256294617589,-0.00906980899437606));
#5984=CARTESIAN_POINT('',(0.0251810139825747,-0.0163071007639557,-0.00919054153687775));
#5985=CARTESIAN_POINT('',(0.0252226512396525,-0.0162426707285268,-0.00924249817521084));
#5986=CARTESIAN_POINT('',(0.0253095077519285,-0.0161069955394405,-0.00933004510646906));
#5987=CARTESIAN_POINT('',(0.0253553327071627,-0.0160347950639611,-0.00936609583002554));
#5988=CARTESIAN_POINT('',(0.0254477880858327,-0.0158876565601318,-0.00942147930548583));
#5989=CARTESIAN_POINT('',(0.0254946591032944,-0.0158123538563439,-0.00944116770582656));
#5990=CARTESIAN_POINT('',(0.0255895205437653,-0.0156583720613491,-0.00946526816783934));
#5991=CARTESIAN_POINT('',(0.025637252730801,-0.0155800979573204,-0.00946946828283463));
#5992=CARTESIAN_POINT('',(0.0257307266129061,-0.0154252354249312,-0.00946256409943637));
#5993=CARTESIAN_POINT('',(0.0257768419169809,-0.0153480425251235,-0.00945156094779519));
#5994=CARTESIAN_POINT('',(0.0258337132992035,-0.0152518771454521,-0.00942805719506671));
#5995=CARTESIAN_POINT('',(0.0258450630050928,-0.0152326364323309,-0.00942285781880123));
#5996=CARTESIAN_POINT('',(0.025867614933947,-0.01519430788308,-0.00941150132593218));
#5997=CARTESIAN_POINT('',(0.0258788021682167,-0.015175245682577,-0.00940534712160211));
#5998=CARTESIAN_POINT('',(0.0258926837646604,-0.0151515331786133,-0.00939711309302551));
#5999=CARTESIAN_POINT('',(0.0258954550222222,-0.0151467963358651,-0.00939543965825482));
#6000=CARTESIAN_POINT('',(0.0258996051725513,-0.0151396981283635,-0.00939289556766175));
#6001=CARTESIAN_POINT('',(0.0259009874339573,-0.0151373332341847,-0.00939204188567997));
#6002=CARTESIAN_POINT('',(0.025903750093687,-0.0151326051485056,-0.00939032592417141));
#6003=CARTESIAN_POINT('',(0.0259051303864422,-0.0151302421378826,-0.00938946289002335));
#6004=CARTESIAN_POINT('',(0.0259072004123834,-0.0151266972160142,-0.00938816891510264));
#6005=CARTESIAN_POINT('',(0.025907890332858,-0.0151255155408212,-0.00938773754815979));
#6006=CARTESIAN_POINT('',(0.0259087532456959,-0.0151240373369958,-0.0093872027368366));
#6007=CARTESIAN_POINT('',(0.0259089258237732,-0.0151237416923043,-0.00938709577929616));
#6008=CARTESIAN_POINT('',(0.0259091848443672,-0.0151232979448842,-0.00938693649527658));
#6009=CARTESIAN_POINT('',(0.0259092711844289,-0.0151231500264025,-0.00938688340884595));
#6010=CARTESIAN_POINT('',(0.0259093791491957,-0.0151229650566633,-0.00938681734603281));
#6011=CARTESIAN_POINT('',(0.0259094007525205,-0.0151229280447651,-0.00938680420817959));
#6012=CARTESIAN_POINT('',(0.0259094439422198,-0.0151228540496435,-0.00938677781247088));
#6013=CARTESIAN_POINT('',(0.0259094655508593,-0.0151228170282742,-0.00938676471376183));
#6014=CARTESIAN_POINT('',(0.0259095303409299,-0.0151227060250396,-0.00938672516312761));
#6015=CARTESIAN_POINT('',(0.0259095735563344,-0.0151226319844193,-0.00938669895577567));
#6016=CARTESIAN_POINT('',(0.0259099623588593,-0.0151219658455005,-0.00938646213742399));
#6017=CARTESIAN_POINT('',(0.0259103081424743,-0.0151213733646384,-0.00938625307644849));
#6018=CARTESIAN_POINT('',(0.0259120371396415,-0.0151184105912321,-0.00938520907712969));
#6019=CARTESIAN_POINT('',(0.0259134211845435,-0.0151160381734612,-0.00938438230229449));
#6020=CARTESIAN_POINT('',(0.0259175737587008,-0.0151089179181931,-0.00938191224618638));
#6021=CARTESIAN_POINT('',(0.0259203429113832,-0.0151041667634379,-0.00938028054862677));
#6022=CARTESIAN_POINT('',(0.0259341866562978,-0.0150803994197529,-0.00937215525681984));
#6023=CARTESIAN_POINT('',(0.0259452540530518,-0.0150613504532819,-0.00936575316835878));
#6024=CARTESIAN_POINT('',(0.0259783933450604,-0.0150041667754391,-0.00934655535998591));
#6025=CARTESIAN_POINT('',(0.0260004032805074,-0.0149659936799069,-0.00933377479835945));
#6026=CARTESIAN_POINT('',(0.0260442093488517,-0.0148896305182236,-0.00930790002619007));
#6027=CARTESIAN_POINT('',(0.0260660115142753,-0.0148514301538765,-0.00929484881758636));
#6028=CARTESIAN_POINT('',(0.0261094397136742,-0.0147749481121191,-0.00926870139098597));
#6029=CARTESIAN_POINT('',(0.026131069245355,-0.0147366602028453,-0.00925563093264584));
#6030=CARTESIAN_POINT('',(0.0261741602681725,-0.0146599886799305,-0.00922950451686793));
#6031=CARTESIAN_POINT('',(0.0261956204538694,-0.0146216073657645,-0.00921643902903478));
#6032=CARTESIAN_POINT('',(0.0263024787666668,-0.0144295023295047,-0.00915097987031942));
#6033=CARTESIAN_POINT('',(0.0263865502786911,-0.0142751819990648,-0.00909819699860683));
#6034=CARTESIAN_POINT('',(0.0266345867546661,-0.0138102214056628,-0.00893900492149175));
#6035=CARTESIAN_POINT('',(0.0267944202012935,-0.0134974809275778,-0.00883149144807392));
#6036=CARTESIAN_POINT('',(0.0272566459432888,-0.0125525707796224,-0.00850519199253897));
#6037=CARTESIAN_POINT('',(0.0275414144165024,-0.0119145335117035,-0.00828291061283236));
#6038=CARTESIAN_POINT('',(0.0279340509760427,-0.0109457845896767,-0.00794168024761412));
#6039=CARTESIAN_POINT('',(0.0280591721989488,-0.0106209179598859,-0.0078266337171227));
#6040=CARTESIAN_POINT('',(0.0282979356478927,-0.00996734071197574,-0.00759380633084727));
#6041=CARTESIAN_POINT('',(0.0284118544614642,-0.00963775792049701,-0.00747570832427293));
#6042=CARTESIAN_POINT('',(0.0289489573264082,-0.0079922147425,-0.00688230389722976));
#6043=CARTESIAN_POINT('',(0.0292841535192011,-0.00665722488224014,-0.00638902928410272));
#6044=CARTESIAN_POINT('',(0.0297693537119512,-0.00395801339583189,-0.00535721698653919));
#6045=CARTESIAN_POINT('',(0.0299174846416136,-0.00260423647360338,-0.00482271691677924));
#6046=CARTESIAN_POINT('',(0.0300304336939844,0.000104819095798653,-0.00370492769509979));
#6047=CARTESIAN_POINT('',(0.029994783119239,0.00144914064569127,-0.00312621276555298));
#6048=CARTESIAN_POINT('',(0.0298399273754736,0.00311294445224889,-0.00236814000261241));
#6049=CARTESIAN_POINT('',(0.0298035405957545,0.00344364445757107,-0.00221533260943769));
#6050=CARTESIAN_POINT('',(0.0297202394443462,0.00410086412402036,-0.00190709328521901));
#6051=CARTESIAN_POINT('',(0.0296733128688095,0.00442745729869638,-0.00175180309390697));
#6052=CARTESIAN_POINT('',(0.02951724487819,0.00540034756002729,-0.00128054861050278));
#6053=CARTESIAN_POINT('',(0.0293929518911759,0.00603904332111484,-0.000957774565800355));
#6054=CARTESIAN_POINT('',(0.0289630752359539,0.00792483017619883,3.94140643753922E-5));
#6055=CARTESIAN_POINT('',(0.0286004109157815,0.00914191007094748,0.000742102097638896));
#6056=CARTESIAN_POINT('',(0.0279567078996964,0.0109000912604098,0.00187413002762007));
#6057=CARTESIAN_POINT('',(0.0277255095282562,0.01147486860017,0.00226454788987445));
#6058=CARTESIAN_POINT('',(0.0273562257687376,0.012317915151843,0.00287521479426862));
#6059=CARTESIAN_POINT('',(0.0272292469752004,0.0125960032354916,0.00308319808468014));
#6060=CARTESIAN_POINT('',(0.0269701777028317,0.0131415639488858,0.00350626590954821));
#6061=CARTESIAN_POINT('',(0.0268379055993628,0.0134094670040678,0.00372160249147042));
#6062=CARTESIAN_POINT('',(0.0265690891727573,0.0139345069099544,0.00416175298354318));
#6063=CARTESIAN_POINT('',(0.0264325263329978,0.0141916692285094,0.00438652696185535));
#6064=CARTESIAN_POINT('',(0.0261569401086512,0.0146934137622433,0.00484869787086095));
#6065=CARTESIAN_POINT('',(0.026017867574707,0.0149380617557838,0.00508599085520679));
#6066=CARTESIAN_POINT('',(0.0257405948866648,0.0154109343336219,0.00557955536022537));
#6067=CARTESIAN_POINT('',(0.0256021934064912,0.0156394365870163,0.00583539185539868));
#6068=CARTESIAN_POINT('',(0.0254012013690833,0.0159623005861609,0.00624552836870336));
#6069=CARTESIAN_POINT('',(0.0253353394162684,0.0160665628592625,0.00638670771705665));
#6070=CARTESIAN_POINT('',(0.0252084364636729,0.0162649499385988,0.00668340128255058));
#6071=CARTESIAN_POINT('',(0.0251476328782322,0.0163586760858525,0.00683841070039563));
#6072=CARTESIAN_POINT('',(0.0250935943417421,0.0164411533358244,0.007));
#6073=CARTESIAN_POINT('',(0.0288331939241472,0.00828534417707104,0.007));
#6074=CARTESIAN_POINT('',(0.0287969556679691,0.00841145416665306,0.00673429083549529));
#6075=CARTESIAN_POINT('',(0.0289747327189335,0.00879512838487058,0.00608698698389265));
#6076=CARTESIAN_POINT('',(0.0296662009903632,0.00908824287886525,0.00590322522266293));
#6077=CARTESIAN_POINT('',(0.0299531948795362,0.00915736958203557,0.00592919264978076));
#6078=CARTESIAN_POINT('',(0.0250935943417421,0.0164411533358244,0.007));
#6079=CARTESIAN_POINT('',(0.025186585988386,0.0162992232284658,0.00710768274632211));
#6080=CARTESIAN_POINT('',(0.025478278424175,0.0160534439938866,0.00733959892912911));
#6081=CARTESIAN_POINT('',(0.0258906528087346,0.0160114504971153,0.00750531235128497));
#6082=CARTESIAN_POINT('',(0.0260827426707054,0.0160368594419641,0.0075586325728296));
#6083=CARTESIAN_POINT('',(0.0260827426707054,0.0160368594419641,0.00755863257282949));
#6084=CARTESIAN_POINT('',(0.0254162477903378,0.0159486979352425,0.00737362720963661));
#6085=CARTESIAN_POINT('',(0.0250935943417422,0.0164411533358244,0.00700000000000005));
#6086=CARTESIAN_POINT('',(0.0259998491120896,0.0161159503588721,0.00770681573674589));
#6087=CARTESIAN_POINT('',(0.0253439072009419,0.0160476017131462,0.00752257832979789));
#6088=CARTESIAN_POINT('',(0.0250196080806572,0.0165540761451071,0.00719238104586346));
#6089=CARTESIAN_POINT('',(0.0258360704199424,0.0162188617322842,0.00797530346527994));
#6090=CARTESIAN_POINT('',(0.025210193546325,0.0162089013254852,0.00780603526390289));
#6091=CARTESIAN_POINT('',(0.0248788609060419,0.0167406717973039,0.00759953960783223));
#6092=CARTESIAN_POINT('',(0.0256661448073214,0.0162216551899095,0.00823956600217473));
#6093=CARTESIAN_POINT('',(0.0250921476994647,0.0162892174571391,0.00820669818501782));
#6094=CARTESIAN_POINT('',(0.0247559617842655,0.0167790384129714,0.00828563430064337));
#6095=CARTESIAN_POINT('',(0.0256942524364324,0.0161362782551838,0.00840769360995612));
#6096=CARTESIAN_POINT('',(0.0251403475969458,0.0161130718279574,0.00855213677612868));
#6097=CARTESIAN_POINT('',(0.0248184364524511,0.0164454147370164,0.00892494926577403));
#6098=CARTESIAN_POINT('',(0.025963521605391,0.0159672656862734,0.00851133061318733));
#6099=CARTESIAN_POINT('',(0.0253702055067045,0.0157216288212434,0.00869001356856582));
#6100=CARTESIAN_POINT('',(0.0250871617793612,0.0158351685765267,0.0092980381184863));
#6101=CARTESIAN_POINT('',(0.026353090546956,0.0156804386138817,0.0085570187727634));
#6102=CARTESIAN_POINT('',(0.0256768708447427,0.0152674175067411,0.00863862277108945));
#6103=CARTESIAN_POINT('',(0.0254526795168544,0.0151756581667114,0.00940388572699742));
#6104=CARTESIAN_POINT('',(0.0269103715407333,0.0151003320465213,0.00850725126684409));
#6105=CARTESIAN_POINT('',(0.0261299483884904,0.0145885036510988,0.00845792955487609));
#6106=CARTESIAN_POINT('',(0.0259722012883896,0.0143175709174492,0.00934215963701891));
#6107=CARTESIAN_POINT('',(0.0275926354586259,0.0141688181195552,0.00824133312582751));
#6108=CARTESIAN_POINT('',(0.0267103721824746,0.0136543408723422,0.00811719824990088));
#6109=CARTESIAN_POINT('',(0.0266112047135194,0.0132827262196017,0.00907155722817545));
#6110=CARTESIAN_POINT('',(0.0283290086719584,0.0129815986088908,0.00777243066466844));
#6111=CARTESIAN_POINT('',(0.0273424408542178,0.0124935399901996,0.00761817510838825));
#6112=CARTESIAN_POINT('',(0.0273022987531055,0.0120571044297849,0.00863920315007072));
#6113=CARTESIAN_POINT('',(0.0289830892482439,0.0117318091693155,0.00720933152807519));
#6114=CARTESIAN_POINT('',(0.0278965074495734,0.0112879257771845,0.00705040901897602));
#6115=CARTESIAN_POINT('',(0.0279169269667972,0.0108080302429717,0.00813221929255966));
#6116=CARTESIAN_POINT('',(0.0295314781535477,0.0104574051043521,0.00659115112856482));
#6117=CARTESIAN_POINT('',(0.0283478187142624,0.0100686824736536,0.00644392895400243));
#6118=CARTESIAN_POINT('',(0.0284335134529114,0.00955294807439344,0.00758327216722005));
#6119=CARTESIAN_POINT('',(0.0298249288640178,0.00959332428503331,0.00615328233503455));
#6120=CARTESIAN_POINT('',(0.0285753613335287,0.0092565420522129,0.00602568077998442));
#6121=CARTESIAN_POINT('',(0.0287112801444796,0.00870960701709977,0.00719713804892873));
#6122=CARTESIAN_POINT('',(0.0299531948795363,0.00915736958203556,0.00592919264978076));
#6123=CARTESIAN_POINT('',(0.0286713356198839,0.0088486149085356,0.00581320904122295));
#6124=CARTESIAN_POINT('',(0.0288331939241471,0.00828534417707102,0.00699999999999999));
#6125=MECHANICAL_DESIGN_GEOMETRIC_PRESENTATION_REPRESENTATION('',(#203),
#6126);
#6126=(
GEOMETRIC_REPRESENTATION_CONTEXT(3)
GLOBAL_UNCERTAINTY_ASSIGNED_CONTEXT((#6127))
GLOBAL_UNIT_ASSIGNED_CONTEXT((#6130,#6129,#6128))
REPRESENTATION_CONTEXT('Part 1','TOP_LEVEL_ASSEMBLY_PART')
);
#6127=UNCERTAINTY_MEASURE_WITH_UNIT(LENGTH_MEASURE(2.E-5),#6130,
'DISTANCE_ACCURACY_VALUE','Maximum Tolerance applied to model');
#6128=(
NAMED_UNIT(*)
SI_UNIT($,.STERADIAN.)
SOLID_ANGLE_UNIT()
);
#6129=(
NAMED_UNIT(*)
PLANE_ANGLE_UNIT()
SI_UNIT($,.RADIAN.)
);
#6130=(
LENGTH_UNIT()
NAMED_UNIT(*)
SI_UNIT($,.METRE.)
);
#6131=PRODUCT_DEFINITION_SHAPE('','',#6132);
#6132=PRODUCT_DEFINITION('','',#6134,#6133);
#6133=PRODUCT_DEFINITION_CONTEXT('',#6140,'design');
#6134=PRODUCT_DEFINITION_FORMATION_WITH_SPECIFIED_SOURCE('','',#6136,
 .NOT_KNOWN.);
#6135=PRODUCT_RELATED_PRODUCT_CATEGORY('','',(#6136));
#6136=PRODUCT('Part 1','Part 1','Part 1',(#6138));
#6137=PRODUCT_CATEGORY('','');
#6138=PRODUCT_CONTEXT('',#6140,'mechanical');
#6139=APPLICATION_PROTOCOL_DEFINITION('international standard',
'ap242_managed_model_based_3d_engineering',2020,#6140);
#6140=APPLICATION_CONTEXT('managed model based 3d engineering');
ENDSEC;
END-ISO-10303-21;
