ISO-10303-21;
HEADER;
/* Generated by software containing ST-Developer
 * from STEP Tools, Inc. (www.steptools.com) 
 */
/* OPTION: using custom renumber hook */

FILE_DESCRIPTION(
/* description */ ('STEP AP242 Edition 2',
'CAx-IF Rec.Pracs.---Representation and Presentation of Product Manufa
cturing Information (PMI)---4.0---2014-10-13',
'CAx-IF Rec.Pracs.---3D Tessellated Geometry---0.4---2014-09-14','2;1',
'CAx-IF Rec.Pracs.---User Defined Attributes---1.5---2016-08-15'),
/* implementation_level */ '2;1');

FILE_NAME(
/* name */ 'Part Studio 1 - Propeller',
/* time_stamp */ '2026-08-20T10:37:32Z',
/* author */ (''),
/* organization */ (''),
/* preprocessor_version */ 'ST-DEVELOPER v20',
/* originating_system */ 'ONSHAPE BY PTC INC, 1.219',
/* authorisation */ '  ');

FILE_SCHEMA (('AP242_MANAGED_MODEL_BASED_3D_ENGINEERING_MIM_LF { 1 0 10303 442 3 1 4 }'));
ENDSEC;

DATA;
#10=SHAPE_REPRESENTATION_RELATIONSHIP('','',#640,#11);
#11=ADVANCED_BREP_SHAPE_REPRESENTATION('',(#638),#2009);
#12=(
BOUNDED_SURFACE()
B_SPLINE_SURFACE(3,2,((#1364,#1365,#1366),(#1367,#1368,#1369),(#1370,#1371,
#1372),(#1373,#1374,#1375)),.UNSPECIFIED.,.F.,.F.,.F.)
B_SPLINE_SURFACE_WITH_KNOTS((4,4),(3,3),(0.00807094505950006,0.0105506171372141),
(0.,0.951310101311525),.PIECEWISE_BEZIER_KNOTS.)
GEOMETRIC_REPRESENTATION_ITEM()
RATIONAL_B_SPLINE_SURFACE(((1.,0.736912087425263,0.974380552381148),(1.,
0.734135605161831,0.974110179100914),(1.,0.731345188707324,0.973838448911977),
(1.,0.728542666348627,0.973565539852542)))
REPRESENTATION_ITEM('')
SURFACE()
);
#13=(
BOUNDED_SURFACE()
B_SPLINE_SURFACE(3,2,((#1380,#1381,#1382),(#1383,#1384,#1385),(#1386,#1387,
#1388),(#1389,#1390,#1391)),.UNSPECIFIED.,.F.,.F.,.F.)
B_SPLINE_SURFACE_WITH_KNOTS((4,4),(3,3),(0.00807246163657198,0.0105506080920227),
(0.,0.951310058525312),.PIECEWISE_BEZIER_KNOTS.)
GEOMETRIC_REPRESENTATION_ITEM()
RATIONAL_B_SPLINE_SURFACE(((1.,0.73690700492052,0.974380034934359),(1.,
0.734132213981896,0.974109826117547),(1.,0.731343507112884,0.973838262169063),
(1.,0.728542709226309,0.973565520798703)))
REPRESENTATION_ITEM('')
SURFACE()
);
#14=(
BOUNDED_SURFACE()
B_SPLINE_SURFACE(3,2,((#1392,#1393,#1394),(#1395,#1396,#1397),(#1398,#1399,
#1400),(#1401,#1402,#1403)),.UNSPECIFIED.,.F.,.F.,.F.)
B_SPLINE_SURFACE_WITH_KNOTS((4,4),(3,3),(0.0080709450595,0.010550617137214),
(0.,0.951310101311551),.PIECEWISE_BEZIER_KNOTS.)
GEOMETRIC_REPRESENTATION_ITEM()
RATIONAL_B_SPLINE_SURFACE(((1.,0.736912087425256,0.97438055238116),(1.,
0.734135605161126,0.974110179100859),(1.,0.731345188707274,0.973838448911985),
(1.,0.72854266634862,0.973565539852556)))
REPRESENTATION_ITEM('')
SURFACE()
);
#15=(
BOUNDED_SURFACE()
B_SPLINE_SURFACE(3,2,((#1408,#1409,#1410),(#1411,#1412,#1413),(#1414,#1415,
#1416),(#1417,#1418,#1419)),.UNSPECIFIED.,.F.,.F.,.F.)
B_SPLINE_SURFACE_WITH_KNOTS((4,4),(3,3),(0.00807246163657199,0.0105506080920228),
(0.,0.951310058525299),.PIECEWISE_BEZIER_KNOTS.)
GEOMETRIC_REPRESENTATION_ITEM()
RATIONAL_B_SPLINE_SURFACE(((1.,0.736907004920524,0.974380034934353),(1.,
0.734132213982423,0.974109826117592),(1.,0.731343507112452,0.973838262169014),
(1.,0.728542709226312,0.973565520798696)))
REPRESENTATION_ITEM('')
SURFACE()
);
#16=(
BOUNDED_SURFACE()
B_SPLINE_SURFACE(3,2,((#1424,#1425,#1426),(#1427,#1428,#1429),(#1430,#1431,
#1432),(#1433,#1434,#1435)),.UNSPECIFIED.,.F.,.F.,.F.)
B_SPLINE_SURFACE_WITH_KNOTS((4,4),(3,3),(0.0500852607306459,0.0557457220902248),
(0.0160532677306964,1.),.PIECEWISE_BEZIER_KNOTS.)
GEOMETRIC_REPRESENTATION_ITEM()
RATIONAL_B_SPLINE_SURFACE(((0.990326601470924,0.698709362749277,1.),(0.990772755743155,
0.712605420539983,1.),(0.991221943461745,0.726595958981301,1.),(0.991576465799865,
0.73763802045025,1.)))
REPRESENTATION_ITEM('')
SURFACE()
);
#17=(
BOUNDED_SURFACE()
B_SPLINE_SURFACE(3,2,((#1436,#1437,#1438),(#1439,#1440,#1441),(#1442,#1443,
#1444),(#1445,#1446,#1447)),.UNSPECIFIED.,.F.,.F.,.F.)
B_SPLINE_SURFACE_WITH_KNOTS((4,4),(3,3),(0.0500852430321525,0.0557457035179628),
(0.016052530908566,1.),.PIECEWISE_BEZIER_KNOTS.)
GEOMETRIC_REPRESENTATION_ITEM()
RATIONAL_B_SPLINE_SURFACE(((0.990327038159202,0.698709135154608,1.),(0.990773172197244,
0.712605200534705,1.),(0.991222339566648,0.726595747320195,1.),(0.991576845849645,
0.73763781554657,1.)))
REPRESENTATION_ITEM('')
SURFACE()
);
#18=(
BOUNDED_SURFACE()
B_SPLINE_SURFACE(3,2,((#1448,#1449,#1450),(#1451,#1452,#1453),(#1454,#1455,
#1456),(#1457,#1458,#1459)),.UNSPECIFIED.,.F.,.F.,.F.)
B_SPLINE_SURFACE_WITH_KNOTS((4,4),(3,3),(0.0080724616365739,0.0105506080920227),
(0.,0.951310058525311),.PIECEWISE_BEZIER_KNOTS.)
GEOMETRIC_REPRESENTATION_ITEM()
RATIONAL_B_SPLINE_SURFACE(((1.,0.736907004920514,0.974380034934359),(1.,
0.734132213984291,0.97410982611778),(1.,0.731343507112882,0.973838262169062),
(1.,0.728542709226309,0.973565520798703)))
REPRESENTATION_ITEM('')
SURFACE()
);
#19=(
BOUNDED_SURFACE()
B_SPLINE_SURFACE(3,2,((#1534,#1535,#1536),(#1537,#1538,#1539),(#1540,#1541,
#1542),(#1543,#1544,#1545)),.UNSPECIFIED.,.F.,.F.,.F.)
B_SPLINE_SURFACE_WITH_KNOTS((4,4),(3,3),(0.00807094505949999,0.0105506171372141),
(0.,0.951310101311525),.PIECEWISE_BEZIER_KNOTS.)
GEOMETRIC_REPRESENTATION_ITEM()
RATIONAL_B_SPLINE_SURFACE(((1.,0.736912087425263,0.974380552381147),(1.,
0.734135605162006,0.974110179100931),(1.,0.73134518870728,0.973838448911972),
(1.,0.728542666348627,0.973565539852542)))
REPRESENTATION_ITEM('')
SURFACE()
);
#20=(
BOUNDED_SURFACE()
B_SPLINE_SURFACE(3,2,((#1566,#1567,#1568),(#1569,#1570,#1571),(#1572,#1573,
#1574),(#1575,#1576,#1577)),.UNSPECIFIED.,.F.,.F.,.F.)
B_SPLINE_SURFACE_WITH_KNOTS((4,4),(3,3),(0.0500852430321525,0.0557457035179613),
(0.0160525309085661,1.),.PIECEWISE_BEZIER_KNOTS.)
GEOMETRIC_REPRESENTATION_ITEM()
RATIONAL_B_SPLINE_SURFACE(((0.990327038159201,0.698709135154608,1.),(0.990773172197198,
0.712605200533255,1.),(0.991222339566691,0.726595747321533,1.),(0.991576845849644,
0.73763781554656,1.)))
REPRESENTATION_ITEM('')
SURFACE()
);
#21=(
BOUNDED_SURFACE()
B_SPLINE_SURFACE(3,2,((#1968,#1969,#1970),(#1971,#1972,#1973),(#1974,#1975,
#1976),(#1977,#1978,#1979)),.UNSPECIFIED.,.F.,.F.,.F.)
B_SPLINE_SURFACE_WITH_KNOTS((4,4),(3,3),(0.00807094505950002,0.010550617137214),
(0.,0.951310101311551),.PIECEWISE_BEZIER_KNOTS.)
GEOMETRIC_REPRESENTATION_ITEM()
RATIONAL_B_SPLINE_SURFACE(((1.,0.736912087425256,0.97438055238116),(1.,
0.734135605161125,0.974110179100859),(1.,0.731345188706314,0.973838448911892),
(1.,0.72854266634862,0.973565539852556)))
REPRESENTATION_ITEM('')
SURFACE()
);
#22=(
BOUNDED_SURFACE()
B_SPLINE_SURFACE(3,2,((#1984,#1985,#1986),(#1987,#1988,#1989),(#1990,#1991,
#1992),(#1993,#1994,#1995)),.UNSPECIFIED.,.F.,.F.,.F.)
B_SPLINE_SURFACE_WITH_KNOTS((4,4),(3,3),(0.00807246163657197,0.0105506080920228),
(0.,0.951310058525298),.PIECEWISE_BEZIER_KNOTS.)
GEOMETRIC_REPRESENTATION_ITEM()
RATIONAL_B_SPLINE_SURFACE(((1.,0.736907004920525,0.974380034934353),(1.,
0.734132213983514,0.974109826117698),(1.,0.731343507112452,0.973838262169013),
(1.,0.728542709226312,0.973565520798696)))
REPRESENTATION_ITEM('')
SURFACE()
);
#23=(
BOUNDED_SURFACE()
B_SPLINE_SURFACE(3,2,((#1996,#1997,#1998),(#1999,#2000,#2001),(#2002,#2003,
#2004),(#2005,#2006,#2007)),.UNSPECIFIED.,.F.,.F.,.F.)
B_SPLINE_SURFACE_WITH_KNOTS((4,4),(3,3),(0.0500852607306459,0.0557457220902248),
(0.0160532677306964,1.),.PIECEWISE_BEZIER_KNOTS.)
GEOMETRIC_REPRESENTATION_ITEM()
RATIONAL_B_SPLINE_SURFACE(((0.990326601470924,0.698709362749277,1.),(0.990772755743155,
0.712605420539983,1.),(0.991221943461665,0.72659595897882,1.),(0.991576465799865,
0.73763802045025,1.)))
REPRESENTATION_ITEM('')
SURFACE()
);
#24=B_SPLINE_SURFACE_WITH_KNOTS('',3,3,((#825,#826,#827,#828,#829,#830,
#831),(#832,#833,#834,#835,#836,#837,#838),(#839,#840,#841,#842,#843,#844,
#845),(#846,#847,#848,#849,#850,#851,#852),(#853,#854,#855,#856,#857,#858,
#859),(#860,#861,#862,#863,#864,#865,#866),(#867,#868,#869,#870,#871,#872,
#873)),.RULED_SURF.,.F.,.F.,.F.,(4,3,4),(4,1,1,1,4),(0.,1.,1.19479463994693),
(0.0253922909790265,0.250067935874993,0.500057784242913,0.750034269192282,
1.),.UNSPECIFIED.);
#25=B_SPLINE_SURFACE_WITH_KNOTS('',3,3,((#916,#917,#918,#919,#920,#921,
#922),(#923,#924,#925,#926,#927,#928,#929),(#930,#931,#932,#933,#934,#935,
#936),(#937,#938,#939,#940,#941,#942,#943)),.RULED_SURF.,.F.,.F.,.F.,(4,
4),(4,1,1,1,4),(0.,1.),(0.115803473383491,0.250067935874993,0.500057784242913,
0.750034269192282,0.91506176164817),.UNSPECIFIED.);
#26=B_SPLINE_SURFACE_WITH_KNOTS('',3,3,((#956,#957,#958,#959,#960,#961,
#962),(#963,#964,#965,#966,#967,#968,#969),(#970,#971,#972,#973,#974,#975,
#976),(#977,#978,#979,#980,#981,#982,#983),(#984,#985,#986,#987,#988,#989,
#990),(#991,#992,#993,#994,#995,#996,#997),(#998,#999,#1000,#1001,#1002,
#1003,#1004)),.RULED_SURF.,.F.,.F.,.F.,(4,3,4),(4,1,1,1,4),(-0.167917878205163,
0.,1.),(0.0267938305953682,0.250067935874993,0.500057784242913,0.750034269192282,
1.),.UNSPECIFIED.);
#27=B_SPLINE_SURFACE_WITH_KNOTS('',3,3,((#1039,#1040,#1041,#1042,#1043,
#1044,#1045),(#1046,#1047,#1048,#1049,#1050,#1051,#1052),(#1053,#1054,#1055,
#1056,#1057,#1058,#1059),(#1060,#1061,#1062,#1063,#1064,#1065,#1066)),
 .RULED_SURF.,.F.,.F.,.F.,(4,4),(4,1,1,1,4),(0.,1.),(0.153044986816958,
0.250067935874993,0.500057784242913,0.750034269192282,0.914839645265879),
 .UNSPECIFIED.);
#28=B_SPLINE_SURFACE_WITH_KNOTS('',3,3,((#1075,#1076,#1077,#1078,#1079,
#1080,#1081),(#1082,#1083,#1084,#1085,#1086,#1087,#1088),(#1089,#1090,#1091,
#1092,#1093,#1094,#1095),(#1096,#1097,#1098,#1099,#1100,#1101,#1102)),
 .RULED_SURF.,.F.,.F.,.F.,(4,4),(4,1,1,1,4),(0.,1.),(0.153045027989079,
0.250067935874993,0.500057784242913,0.750034269192282,0.914839645020304),
 .UNSPECIFIED.);
#29=B_SPLINE_SURFACE_WITH_KNOTS('',3,3,((#1129,#1130,#1131,#1132,#1133,
#1134,#1135),(#1136,#1137,#1138,#1139,#1140,#1141,#1142),(#1143,#1144,#1145,
#1146,#1147,#1148,#1149),(#1150,#1151,#1152,#1153,#1154,#1155,#1156),(#1157,
#1158,#1159,#1160,#1161,#1162,#1163),(#1164,#1165,#1166,#1167,#1168,#1169,
#1170),(#1171,#1172,#1173,#1174,#1175,#1176,#1177)),.RULED_SURF.,.F.,.F.,
 .F.,(4,3,4),(4,1,1,1,4),(-0.167917878205163,0.,1.),(0.0267938305953682,
0.250067935874993,0.500057784242913,0.750034269192282,1.),.UNSPECIFIED.);
#30=B_SPLINE_SURFACE_WITH_KNOTS('',3,3,((#1211,#1212,#1213,#1214,#1215,
#1216,#1217),(#1218,#1219,#1220,#1221,#1222,#1223,#1224),(#1225,#1226,#1227,
#1228,#1229,#1230,#1231),(#1232,#1233,#1234,#1235,#1236,#1237,#1238)),
 .RULED_SURF.,.F.,.F.,.F.,(4,4),(4,1,1,1,4),(0.,1.),(0.115803473383491,
0.250067935874993,0.500057784242913,0.750034269192282,0.915061761648187),
 .UNSPECIFIED.);
#31=B_SPLINE_SURFACE_WITH_KNOTS('',3,3,((#1251,#1252,#1253,#1254,#1255,
#1256,#1257),(#1258,#1259,#1260,#1261,#1262,#1263,#1264),(#1265,#1266,#1267,
#1268,#1269,#1270,#1271),(#1272,#1273,#1274,#1275,#1276,#1277,#1278),(#1279,
#1280,#1281,#1282,#1283,#1284,#1285),(#1286,#1287,#1288,#1289,#1290,#1291,
#1292),(#1293,#1294,#1295,#1296,#1297,#1298,#1299)),.RULED_SURF.,.F.,.F.,
 .F.,(4,3,4),(4,1,1,1,4),(0.,1.,1.19479464018199),(0.0253922909790265,0.250067935874993,
0.500057784242913,0.750034269192282,1.),.UNSPECIFIED.);
#32=B_SPLINE_SURFACE_WITH_KNOTS('',3,3,((#1486,#1487,#1488,#1489,#1490,
#1491,#1492),(#1493,#1494,#1495,#1496,#1497,#1498,#1499),(#1500,#1501,#1502,
#1503,#1504,#1505,#1506),(#1507,#1508,#1509,#1510,#1511,#1512,#1513)),
 .RULED_SURF.,.F.,.F.,.F.,(4,4),(4,1,1,1,4),(0.,1.),(0.153044986816958,
0.250067935874993,0.500057784242913,0.750034269192282,0.914839645265863),
 .UNSPECIFIED.);
#33=B_SPLINE_SURFACE_WITH_KNOTS('',3,3,((#1588,#1589,#1590,#1591,#1592,
#1593,#1594),(#1595,#1596,#1597,#1598,#1599,#1600,#1601),(#1602,#1603,#1604,
#1605,#1606,#1607,#1608),(#1609,#1610,#1611,#1612,#1613,#1614,#1615)),
 .RULED_SURF.,.F.,.F.,.F.,(4,4),(4,1,1,1,4),(0.,1.),(0.115803473383491,
0.250067935874993,0.500057784242913,0.750034269192282,0.91506176164817),
 .UNSPECIFIED.);
#34=B_SPLINE_SURFACE_WITH_KNOTS('',3,3,((#1630,#1631,#1632,#1633,#1634,
#1635,#1636),(#1637,#1638,#1639,#1640,#1641,#1642,#1643),(#1644,#1645,#1646,
#1647,#1648,#1649,#1650),(#1651,#1652,#1653,#1654,#1655,#1656,#1657),(#1658,
#1659,#1660,#1661,#1662,#1663,#1664),(#1665,#1666,#1667,#1668,#1669,#1670,
#1671),(#1672,#1673,#1674,#1675,#1676,#1677,#1678)),.RULED_SURF.,.F.,.F.,
 .F.,(4,3,4),(4,1,1,1,4),(0.,1.,1.19479463994693),(0.0253922909790265,0.250067935874993,
0.500057784242913,0.750034269192282,1.),.UNSPECIFIED.);
#35=B_SPLINE_SURFACE_WITH_KNOTS('',3,3,((#1679,#1680,#1681,#1682,#1683,
#1684,#1685),(#1686,#1687,#1688,#1689,#1690,#1691,#1692),(#1693,#1694,#1695,
#1696,#1697,#1698,#1699),(#1700,#1701,#1702,#1703,#1704,#1705,#1706),(#1707,
#1708,#1709,#1710,#1711,#1712,#1713),(#1714,#1715,#1716,#1717,#1718,#1719,
#1720),(#1721,#1722,#1723,#1724,#1725,#1726,#1727)),.RULED_SURF.,.F.,.F.,
 .F.,(4,3,4),(4,1,1,1,4),(-0.167917878205163,0.,1.),(0.0267938305953682,
0.250067935874993,0.500057784242913,0.750034269192282,1.),.UNSPECIFIED.);
#36=B_SPLINE_SURFACE_WITH_KNOTS('',3,3,((#1728,#1729,#1730,#1731,#1732,
#1733,#1734),(#1735,#1736,#1737,#1738,#1739,#1740,#1741),(#1742,#1743,#1744,
#1745,#1746,#1747,#1748),(#1749,#1750,#1751,#1752,#1753,#1754,#1755)),
 .RULED_SURF.,.F.,.F.,.F.,(4,4),(4,1,1,1,4),(0.,1.),(0.153045027989079,
0.250067935874993,0.500057784242913,0.750034269192282,0.914839645020304),
 .UNSPECIFIED.);
#37=B_SPLINE_SURFACE_WITH_KNOTS('',3,3,((#1782,#1783,#1784,#1785,#1786,
#1787,#1788),(#1789,#1790,#1791,#1792,#1793,#1794,#1795),(#1796,#1797,#1798,
#1799,#1800,#1801,#1802),(#1803,#1804,#1805,#1806,#1807,#1808,#1809),(#1810,
#1811,#1812,#1813,#1814,#1815,#1816),(#1817,#1818,#1819,#1820,#1821,#1822,
#1823),(#1824,#1825,#1826,#1827,#1828,#1829,#1830)),.RULED_SURF.,.F.,.F.,
 .F.,(4,3,4),(4,1,1,1,4),(-0.167917878205163,0.,1.),(0.0267938305953682,
0.250067935874993,0.500057784242913,0.750034269192282,1.),.UNSPECIFIED.);
#38=B_SPLINE_SURFACE_WITH_KNOTS('',3,3,((#1859,#1860,#1861,#1862,#1863,
#1864,#1865),(#1866,#1867,#1868,#1869,#1870,#1871,#1872),(#1873,#1874,#1875,
#1876,#1877,#1878,#1879),(#1880,#1881,#1882,#1883,#1884,#1885,#1886)),
 .RULED_SURF.,.F.,.F.,.F.,(4,4),(4,1,1,1,4),(0.,1.),(0.115803473383491,
0.250067935874993,0.500057784242913,0.750034269192282,0.915061761648187),
 .UNSPECIFIED.);
#39=B_SPLINE_SURFACE_WITH_KNOTS('',3,3,((#1899,#1900,#1901,#1902,#1903,
#1904,#1905),(#1906,#1907,#1908,#1909,#1910,#1911,#1912),(#1913,#1914,#1915,
#1916,#1917,#1918,#1919),(#1920,#1921,#1922,#1923,#1924,#1925,#1926),(#1927,
#1928,#1929,#1930,#1931,#1932,#1933),(#1934,#1935,#1936,#1937,#1938,#1939,
#1940),(#1941,#1942,#1943,#1944,#1945,#1946,#1947)),.RULED_SURF.,.F.,.F.,
 .F.,(4,3,4),(4,1,1,1,4),(0.,1.,1.19479464018199),(0.0253922909790265,0.250067935874993,
0.500057784242913,0.750034269192282,1.),.UNSPECIFIED.);
#40=TOROIDAL_SURFACE('',#656,0.00635,0.00635);
#41=PLANE('',#654);
#42=PLANE('',#657);
#43=PLANE('',#661);
#44=B_SPLINE_CURVE_WITH_KNOTS('',3,(#709,#710,#711,#712),.UNSPECIFIED.,
 .F.,.F.,(4,4),(0.00243444803370986,0.00558666427074979),.UNSPECIFIED.);
#45=B_SPLINE_CURVE_WITH_KNOTS('',3,(#714,#715,#716,#717),.UNSPECIFIED.,
 .F.,.F.,(4,4),(0.00635006029043636,0.028402266185383),.UNSPECIFIED.);
#46=B_SPLINE_CURVE_WITH_KNOTS('',3,(#721,#722,#723,#724),.UNSPECIFIED.,
 .F.,.F.,(4,4),(3.92714729578462E-18,0.0224165046915757),.UNSPECIFIED.);
#47=B_SPLINE_CURVE_WITH_KNOTS('',3,(#729,#730,#731,#732),.UNSPECIFIED.,
 .F.,.F.,(4,4),(0.00635006006980408,0.0287664841905718),.UNSPECIFIED.);
#48=B_SPLINE_CURVE_WITH_KNOTS('',3,(#736,#737,#738,#739),.UNSPECIFIED.,
 .F.,.F.,(4,4),(2.16840434497101E-19,0.00315437897198344),.UNSPECIFIED.);
#49=B_SPLINE_CURVE_WITH_KNOTS('',3,(#741,#742,#743,#744),.UNSPECIFIED.,
 .F.,.F.,(4,4),(0.00635006029043636,0.028402266185383),.UNSPECIFIED.);
#50=B_SPLINE_CURVE_WITH_KNOTS('',3,(#749,#750,#751,#752),.UNSPECIFIED.,
 .F.,.F.,(4,4),(0.00635006006980408,0.0287664841905718),.UNSPECIFIED.);
#51=B_SPLINE_CURVE_WITH_KNOTS('',3,(#756,#757,#758,#759),.UNSPECIFIED.,
 .F.,.F.,(4,4),(7.04731412115578E-19,0.00315437897198342),.UNSPECIFIED.);
#52=B_SPLINE_CURVE_WITH_KNOTS('',3,(#761,#762,#763,#764),.UNSPECIFIED.,
 .F.,.F.,(4,4),(0.00635006029043636,0.028402266185383),.UNSPECIFIED.);
#53=B_SPLINE_CURVE_WITH_KNOTS('',3,(#769,#770,#771,#772),.UNSPECIFIED.,
 .F.,.F.,(4,4),(0.00243444803370986,0.00558666427074981),.UNSPECIFIED.);
#54=B_SPLINE_CURVE_WITH_KNOTS('',3,(#774,#775,#776,#777),.UNSPECIFIED.,
 .F.,.F.,(4,4),(0.00635006029043636,0.028402266185383),.UNSPECIFIED.);
#55=B_SPLINE_CURVE_WITH_KNOTS('',3,(#781,#782,#783,#784),.UNSPECIFIED.,
 .F.,.F.,(4,4),(2.6379777400251E-18,0.0224165046915757),.UNSPECIFIED.);
#56=B_SPLINE_CURVE_WITH_KNOTS('',3,(#789,#790,#791,#792),.UNSPECIFIED.,
 .F.,.F.,(4,4),(0.0634838979354847,0.0636220463074199),.UNSPECIFIED.);
#57=B_SPLINE_CURVE_WITH_KNOTS('',3,(#794,#795,#796,#797),.UNSPECIFIED.,
 .F.,.F.,(4,4),(0.079264351089728,0.0804882951189391),.UNSPECIFIED.);
#58=B_SPLINE_CURVE_WITH_KNOTS('',3,(#798,#799,#800,#801),.UNSPECIFIED.,
 .F.,.F.,(4,4),(1.04893408390121E-17,0.000147095796178942),
 .UNSPECIFIED.);
#59=B_SPLINE_CURVE_WITH_KNOTS('',3,(#803,#804,#805,#806),.UNSPECIFIED.,
 .F.,.F.,(4,4),(2.16840434497101E-19,0.00122239803425251),.UNSPECIFIED.);
#60=B_SPLINE_CURVE_WITH_KNOTS('',3,(#807,#808,#809,#810),.UNSPECIFIED.,
 .F.,.F.,(4,4),(0.0634838979354845,0.0636220463074197),.UNSPECIFIED.);
#61=B_SPLINE_CURVE_WITH_KNOTS('',3,(#812,#813,#814,#815),.UNSPECIFIED.,
 .F.,.F.,(4,4),(0.0792643510897281,0.0804882951189392),.UNSPECIFIED.);
#62=B_SPLINE_CURVE_WITH_KNOTS('',3,(#816,#817,#818,#819),.UNSPECIFIED.,
 .F.,.F.,(4,4),(1.05033396986231E-17,0.000147095796178942),
 .UNSPECIFIED.);
#63=B_SPLINE_CURVE_WITH_KNOTS('',3,(#821,#822,#823,#824),.UNSPECIFIED.,
 .F.,.F.,(4,4),(5.42101086242752E-19,0.0012223980342525),.UNSPECIFIED.);
#64=B_SPLINE_CURVE_WITH_KNOTS('',3,(#874,#875,#876,#877),.UNSPECIFIED.,
 .F.,.F.,(4,4),(0.0462269928378711,0.0462288785651721),.UNSPECIFIED.);
#65=B_SPLINE_CURVE_WITH_KNOTS('',3,(#879,#880,#881,#882,#883),
 .UNSPECIFIED.,.F.,.F.,(4,1,4),(4.39710485232329E-17,0.00291330712210352,
0.00582661424420699),.UNSPECIFIED.);
#66=B_SPLINE_CURVE_WITH_KNOTS('',3,(#885,#886,#887,#888,#889,#890,#891),
 .UNSPECIFIED.,.F.,.F.,(4,1,1,1,4),(0.,0.250067935874993,0.500057784242913,
0.750034269192282,1.),.UNSPECIFIED.);
#67=B_SPLINE_CURVE_WITH_KNOTS('',3,(#893,#894,#895,#896,#897,#898,#899),
 .UNSPECIFIED.,.F.,.F.,(4,1,1,1,4),(1.42257902219021E-17,0.00343966881501497,
0.00687933763002993,0.0103190064450449,0.0137586752600598),
 .UNSPECIFIED.);
#68=B_SPLINE_CURVE_WITH_KNOTS('',3,(#901,#902,#903,#904,#905,#906,#907),
 .UNSPECIFIED.,.F.,.F.,(4,1,1,1,4),(3.78229642538858E-18,0.00348787720202463,
0.00697575440404926,0.0104636316060739,0.0139515088080985),
 .UNSPECIFIED.);
#69=B_SPLINE_CURVE_WITH_KNOTS('',3,(#909,#910,#911,#912,#913,#914,#915),
 .UNSPECIFIED.,.F.,.F.,(4,1,1,1,4),(0.,0.250067935874993,0.500057784242913,
0.750034269192282,1.),.UNSPECIFIED.);
#70=B_SPLINE_CURVE_WITH_KNOTS('',3,(#944,#945,#946,#947),.UNSPECIFIED.,
 .F.,.F.,(4,4),(0.,0.00215770165432145),.UNSPECIFIED.);
#71=B_SPLINE_CURVE_WITH_KNOTS('',3,(#949,#950,#951,#952,#953,#954,#955),
 .UNSPECIFIED.,.F.,.F.,(4,1,1,1,4),(0.,0.250067935874993,0.500057784242913,
0.750034269192282,1.),.UNSPECIFIED.);
#72=B_SPLINE_CURVE_WITH_KNOTS('',3,(#1005,#1006,#1007,#1008,#1009,#1010,
#1011),.UNSPECIFIED.,.F.,.F.,(4,1,1,1,4),(0.,0.00343509196267664,0.00687018392535328,
0.0103052758880299,0.0137403678507066),.UNSPECIFIED.);
#73=B_SPLINE_CURVE_WITH_KNOTS('',3,(#1013,#1014,#1015,#1016,#1017,#1018,
#1019),.UNSPECIFIED.,.F.,.F.,(4,1,1,1,4),(9.74576541614053E-18,0.0034924927515421,
0.00698498550308419,0.0104774782546263,0.0139699710061684),
 .UNSPECIFIED.);
#74=B_SPLINE_CURVE_WITH_KNOTS('',3,(#1021,#1022,#1023,#1024,#1025,#1026,
#1027),.UNSPECIFIED.,.F.,.F.,(4,1,1,1,4),(0.,0.250067935874993,0.500057784242913,
0.750034269192282,1.),.UNSPECIFIED.);
#75=B_SPLINE_CURVE_WITH_KNOTS('',3,(#1029,#1030,#1031,#1032,#1033),
 .UNSPECIFIED.,.F.,.F.,(4,1,4),(5.42101086242752E-20,0.00264562154485001,
0.00529124308970002),.UNSPECIFIED.);
#76=B_SPLINE_CURVE_WITH_KNOTS('',3,(#1035,#1036,#1037,#1038),
 .UNSPECIFIED.,.F.,.F.,(4,4),(1.0842021724855E-19,0.000134355064926376),
 .UNSPECIFIED.);
#77=B_SPLINE_CURVE_WITH_KNOTS('',3,(#1067,#1068,#1069,#1070),
 .UNSPECIFIED.,.F.,.F.,(4,4),(-6.00000000148105E-8,0.00418687749551491),
 .UNSPECIFIED.);
#78=B_SPLINE_CURVE_WITH_KNOTS('',3,(#1071,#1072,#1073,#1074),
 .UNSPECIFIED.,.F.,.F.,(4,4),(0.,0.00215770165432145),.UNSPECIFIED.);
#79=B_SPLINE_CURVE_WITH_KNOTS('',3,(#1103,#1104,#1105,#1106,#1107,#1108,
#1109),.UNSPECIFIED.,.F.,.F.,(4,1,1,1,4),(0.,0.250067935874993,0.500057784242913,
0.750034269192282,1.),.UNSPECIFIED.);
#80=B_SPLINE_CURVE_WITH_KNOTS('',3,(#1112,#1113,#1114,#1115),
 .UNSPECIFIED.,.F.,.F.,(4,4),(-5.99999999891306E-8,0.00418687731673164),
 .UNSPECIFIED.);
#81=B_SPLINE_CURVE_WITH_KNOTS('',3,(#1117,#1118,#1119,#1120,#1121,#1122,
#1123),.UNSPECIFIED.,.F.,.F.,(4,1,1,1,4),(0.,0.250067935874993,0.500057784242913,
0.750034269192282,1.),.UNSPECIFIED.);
#82=B_SPLINE_CURVE_WITH_KNOTS('',3,(#1125,#1126,#1127,#1128),
 .UNSPECIFIED.,.F.,.F.,(4,4),(0.,0.00215770165432145),.UNSPECIFIED.);
#83=B_SPLINE_CURVE_WITH_KNOTS('',3,(#1178,#1179,#1180,#1181,#1182,#1183,
#1184),.UNSPECIFIED.,.F.,.F.,(4,1,1,1,4),(0.,0.250067935874993,0.500057784242913,
0.750034269192282,1.),.UNSPECIFIED.);
#84=B_SPLINE_CURVE_WITH_KNOTS('',3,(#1186,#1187,#1188,#1189,#1190,#1191,
#1192),.UNSPECIFIED.,.F.,.F.,(4,1,1,1,4),(0.,0.00343966881501485,0.0068793376300297,
0.0103190064450446,0.0137586752600594),.UNSPECIFIED.);
#85=B_SPLINE_CURVE_WITH_KNOTS('',3,(#1194,#1195,#1196,#1197,#1198,#1199,
#1200),.UNSPECIFIED.,.F.,.F.,(4,1,1,1,4),(0.,0.00348787720202473,0.00697575440404946,
0.0104636316060742,0.0139515088080989),.UNSPECIFIED.);
#86=B_SPLINE_CURVE_WITH_KNOTS('',3,(#1201,#1202,#1203,#1204,#1205),
 .UNSPECIFIED.,.F.,.F.,(4,1,4),(0.,0.00264562270662544,0.00529124541325087),
 .UNSPECIFIED.);
#87=B_SPLINE_CURVE_WITH_KNOTS('',3,(#1207,#1208,#1209,#1210),
 .UNSPECIFIED.,.F.,.F.,(4,4),(1.0842021724855E-19,0.000134356129029623),
 .UNSPECIFIED.);
#88=B_SPLINE_CURVE_WITH_KNOTS('',3,(#1239,#1240,#1241,#1242,#1243,#1244,
#1245),.UNSPECIFIED.,.F.,.F.,(4,1,1,1,4),(0.,0.250067935874993,0.500057784242913,
0.750034269192282,1.),.UNSPECIFIED.);
#89=B_SPLINE_CURVE_WITH_KNOTS('',3,(#1247,#1248,#1249,#1250),
 .UNSPECIFIED.,.F.,.F.,(4,4),(0.,0.00215770165432146),.UNSPECIFIED.);
#90=B_SPLINE_CURVE_WITH_KNOTS('',3,(#1300,#1301,#1302,#1303,#1304,#1305,
#1306),.UNSPECIFIED.,.F.,.F.,(4,1,1,1,4),(0.,0.00343509196267668,0.00687018392535336,
0.01030527588803,0.0137403678507067),.UNSPECIFIED.);
#91=B_SPLINE_CURVE_WITH_KNOTS('',3,(#1308,#1309,#1310,#1311,#1312,#1313,
#1314),.UNSPECIFIED.,.F.,.F.,(4,1,1,1,4),(0.,0.00349249275154207,0.00698498550308414,
0.0104774782546262,0.0139699710061683),.UNSPECIFIED.);
#92=B_SPLINE_CURVE_WITH_KNOTS('',3,(#1315,#1316,#1317,#1318),
 .UNSPECIFIED.,.F.,.F.,(4,4),(0.0462269928469679,0.0462288786994564),
 .UNSPECIFIED.);
#93=B_SPLINE_CURVE_WITH_KNOTS('',3,(#1320,#1321,#1322,#1323,#1324),
 .UNSPECIFIED.,.F.,.F.,(4,1,4),(0.,0.00291330839046306,0.00582661678092612),
 .UNSPECIFIED.);
#94=B_SPLINE_CURVE_WITH_KNOTS('',3,(#1328,#1329,#1330,#1331),
 .UNSPECIFIED.,.F.,.F.,(4,4),(-0.00206138445647048,0.00232332822123847),
 .UNSPECIFIED.);
#95=B_SPLINE_CURVE_WITH_KNOTS('',3,(#1332,#1333,#1334,#1335),
 .UNSPECIFIED.,.F.,.F.,(4,4),(0.0451822144525135,0.0453165670036847),
 .UNSPECIFIED.);
#96=B_SPLINE_CURVE_WITH_KNOTS('',3,(#1337,#1338,#1339,#1340),
 .UNSPECIFIED.,.F.,.F.,(4,4),(-0.00218761054009508,0.00219838443546655),
 .UNSPECIFIED.);
#97=B_SPLINE_CURVE_WITH_KNOTS('',3,(#1342,#1343,#1344,#1345),
 .UNSPECIFIED.,.F.,.F.,(4,4),(0.0462269928378711,0.0462288785651716),
 .UNSPECIFIED.);
#98=B_SPLINE_CURVE_WITH_KNOTS('',3,(#1346,#1347,#1348,#1349),
 .UNSPECIFIED.,.F.,.F.,(4,4),(-0.00218761054009508,0.00219838443546655),
 .UNSPECIFIED.);
#99=B_SPLINE_CURVE_WITH_KNOTS('',3,(#1350,#1351,#1352,#1353),
 .UNSPECIFIED.,.F.,.F.,(4,4),(0.0451822144525135,0.0453165680677679),
 .UNSPECIFIED.);
#100=B_SPLINE_CURVE_WITH_KNOTS('',3,(#1355,#1356,#1357,#1358),
 .UNSPECIFIED.,.F.,.F.,(4,4),(-0.00206138445647048,0.00232332822123847),
 .UNSPECIFIED.);
#101=B_SPLINE_CURVE_WITH_KNOTS('',3,(#1360,#1361,#1362,#1363),
 .UNSPECIFIED.,.F.,.F.,(4,4),(0.0462269928469678,0.0462288786994558),
 .UNSPECIFIED.);
#102=B_SPLINE_CURVE_WITH_KNOTS('',3,(#1376,#1377,#1378,#1379),
 .UNSPECIFIED.,.F.,.F.,(4,4),(0.000686809903838229,0.00260232320209941),
 .UNSPECIFIED.);
#103=B_SPLINE_CURVE_WITH_KNOTS('',3,(#1404,#1405,#1406,#1407),
 .UNSPECIFIED.,.F.,.F.,(4,4),(0.000686809903838245,0.00260232320209944),
 .UNSPECIFIED.);
#104=B_SPLINE_CURVE_WITH_KNOTS('',3,(#1460,#1461,#1462,#1463,#1464,#1465,
#1466),.UNSPECIFIED.,.F.,.F.,(4,1,1,1,4),(0.,0.00343966881501494,0.00687933763002988,
0.0103190064450448,0.0137586752600598),.UNSPECIFIED.);
#105=B_SPLINE_CURVE_WITH_KNOTS('',3,(#1469,#1470,#1471,#1472),
 .UNSPECIFIED.,.F.,.F.,(4,4),(0.,0.00215770165432146),.UNSPECIFIED.);
#106=B_SPLINE_CURVE_WITH_KNOTS('',3,(#1474,#1475,#1476,#1477,#1478,#1479,
#1480),.UNSPECIFIED.,.F.,.F.,(4,1,1,1,4),(0.,0.0034924927515421,0.0069849855030842,
0.0104774782546263,0.0139699710061684),.UNSPECIFIED.);
#107=B_SPLINE_CURVE_WITH_KNOTS('',3,(#1482,#1483,#1484,#1485),
 .UNSPECIFIED.,.F.,.F.,(4,4),(0.000686809903838229,0.00260232320209941),
 .UNSPECIFIED.);
#108=B_SPLINE_CURVE_WITH_KNOTS('',3,(#1514,#1515,#1516,#1517,#1518,#1519,
#1520),.UNSPECIFIED.,.F.,.F.,(4,1,1,1,4),(0.,0.250067935874993,0.500057784242913,
0.750034269192282,1.),.UNSPECIFIED.);
#109=B_SPLINE_CURVE_WITH_KNOTS('',3,(#1522,#1523,#1524,#1525),
 .UNSPECIFIED.,.F.,.F.,(4,4),(-6.00000000148105E-8,0.00418687749551491),
 .UNSPECIFIED.);
#110=B_SPLINE_CURVE_WITH_KNOTS('',3,(#1527,#1528,#1529,#1530,#1531,#1532,
#1533),.UNSPECIFIED.,.F.,.F.,(4,1,1,1,4),(0.,0.250067935874993,0.500057784242913,
0.750034269192282,1.),.UNSPECIFIED.);
#111=B_SPLINE_CURVE_WITH_KNOTS('',3,(#1546,#1547,#1548,#1549),
 .UNSPECIFIED.,.F.,.F.,(4,4),(0.,0.00215770165432145),.UNSPECIFIED.);
#112=B_SPLINE_CURVE_WITH_KNOTS('',3,(#1552,#1553,#1554,#1555,#1556,#1557,
#1558),.UNSPECIFIED.,.F.,.F.,(4,1,1,1,4),(0.,0.00348787720202464,0.00697575440404928,
0.0104636316060739,0.0139515088080986),.UNSPECIFIED.);
#113=B_SPLINE_CURVE_WITH_KNOTS('',3,(#1559,#1560,#1561,#1562,#1563,#1564,
#1565),.UNSPECIFIED.,.F.,.F.,(4,1,1,1,4),(0.,0.00343509196267664,0.00687018392535328,
0.0103052758880299,0.0137403678507066),.UNSPECIFIED.);
#114=B_SPLINE_CURVE_WITH_KNOTS('',3,(#1578,#1579,#1580,#1581,#1582),
 .UNSPECIFIED.,.F.,.F.,(4,1,4),(0.,0.00264562154485011,0.00529124308970022),
 .UNSPECIFIED.);
#115=B_SPLINE_CURVE_WITH_KNOTS('',3,(#1583,#1584,#1585,#1586,#1587),
 .UNSPECIFIED.,.F.,.F.,(4,1,4),(0.,0.00291330712210339,0.00582661424420678),
 .UNSPECIFIED.);
#116=B_SPLINE_CURVE_WITH_KNOTS('',3,(#1616,#1617,#1618,#1619,#1620,#1621,
#1622),.UNSPECIFIED.,.F.,.F.,(4,1,1,1,4),(0.,0.250067935874993,0.500057784242913,
0.750034269192282,1.),.UNSPECIFIED.);
#117=B_SPLINE_CURVE_WITH_KNOTS('',3,(#1623,#1624,#1625,#1626,#1627,#1628,
#1629),.UNSPECIFIED.,.F.,.F.,(4,1,1,1,4),(0.,0.250067935874993,0.500057784242913,
0.750034269192282,1.),.UNSPECIFIED.);
#118=B_SPLINE_CURVE_WITH_KNOTS('',3,(#1756,#1757,#1758,#1759,#1760,#1761,
#1762),.UNSPECIFIED.,.F.,.F.,(4,1,1,1,4),(0.,0.250067935874993,0.500057784242913,
0.750034269192282,1.),.UNSPECIFIED.);
#119=B_SPLINE_CURVE_WITH_KNOTS('',3,(#1765,#1766,#1767,#1768),
 .UNSPECIFIED.,.F.,.F.,(4,4),(-5.99999999891306E-8,0.00418687731673164),
 .UNSPECIFIED.);
#120=B_SPLINE_CURVE_WITH_KNOTS('',3,(#1770,#1771,#1772,#1773,#1774,#1775,
#1776),.UNSPECIFIED.,.F.,.F.,(4,1,1,1,4),(0.,0.250067935874993,0.500057784242913,
0.750034269192282,1.),.UNSPECIFIED.);
#121=B_SPLINE_CURVE_WITH_KNOTS('',3,(#1778,#1779,#1780,#1781),
 .UNSPECIFIED.,.F.,.F.,(4,4),(0.,0.00215770165432145),.UNSPECIFIED.);
#122=B_SPLINE_CURVE_WITH_KNOTS('',3,(#1831,#1832,#1833,#1834,#1835,#1836,
#1837),.UNSPECIFIED.,.F.,.F.,(4,1,1,1,4),(0.,0.250067935874993,0.500057784242913,
0.750034269192282,1.),.UNSPECIFIED.);
#123=B_SPLINE_CURVE_WITH_KNOTS('',3,(#1839,#1840,#1841,#1842,#1843,#1844,
#1845),.UNSPECIFIED.,.F.,.F.,(4,1,1,1,4),(0.,0.00343966881501485,0.0068793376300297,
0.0103190064450445,0.0137586752600594),.UNSPECIFIED.);
#124=B_SPLINE_CURVE_WITH_KNOTS('',3,(#1847,#1848,#1849,#1850,#1851,#1852,
#1853),.UNSPECIFIED.,.F.,.F.,(4,1,1,1,4),(0.,0.00348787720202472,0.00697575440404944,
0.0104636316060742,0.0139515088080989),.UNSPECIFIED.);
#125=B_SPLINE_CURVE_WITH_KNOTS('',3,(#1854,#1855,#1856,#1857,#1858),
 .UNSPECIFIED.,.F.,.F.,(4,1,4),(0.,0.00264562270662544,0.00529124541325088),
 .UNSPECIFIED.);
#126=B_SPLINE_CURVE_WITH_KNOTS('',3,(#1887,#1888,#1889,#1890,#1891,#1892,
#1893),.UNSPECIFIED.,.F.,.F.,(4,1,1,1,4),(0.,0.250067935874993,0.500057784242913,
0.750034269192282,1.),.UNSPECIFIED.);
#127=B_SPLINE_CURVE_WITH_KNOTS('',3,(#1895,#1896,#1897,#1898),
 .UNSPECIFIED.,.F.,.F.,(4,4),(0.,0.00215770165432145),.UNSPECIFIED.);
#128=B_SPLINE_CURVE_WITH_KNOTS('',3,(#1948,#1949,#1950,#1951,#1952,#1953,
#1954),.UNSPECIFIED.,.F.,.F.,(4,1,1,1,4),(0.,0.00343509196267668,0.00687018392535336,
0.01030527588803,0.0137403678507067),.UNSPECIFIED.);
#129=B_SPLINE_CURVE_WITH_KNOTS('',3,(#1956,#1957,#1958,#1959,#1960,#1961,
#1962),.UNSPECIFIED.,.F.,.F.,(4,1,1,1,4),(0.,0.00349249275154206,0.00698498550308412,
0.0104774782546262,0.0139699710061682),.UNSPECIFIED.);
#130=B_SPLINE_CURVE_WITH_KNOTS('',3,(#1963,#1964,#1965,#1966,#1967),
 .UNSPECIFIED.,.F.,.F.,(4,1,4),(0.,0.00291330839046306,0.00582661678092612),
 .UNSPECIFIED.);
#131=B_SPLINE_CURVE_WITH_KNOTS('',3,(#1980,#1981,#1982,#1983),
 .UNSPECIFIED.,.F.,.F.,(4,4),(0.000686809903838245,0.00260232320209944),
 .UNSPECIFIED.);
#132=ORIENTED_EDGE('',*,*,#330,.T.);
#133=ORIENTED_EDGE('',*,*,#331,.T.);
#134=ORIENTED_EDGE('',*,*,#332,.T.);
#135=ORIENTED_EDGE('',*,*,#333,.T.);
#136=ORIENTED_EDGE('',*,*,#334,.T.);
#137=ORIENTED_EDGE('',*,*,#335,.T.);
#138=ORIENTED_EDGE('',*,*,#336,.T.);
#139=ORIENTED_EDGE('',*,*,#337,.T.);
#140=ORIENTED_EDGE('',*,*,#338,.T.);
#141=ORIENTED_EDGE('',*,*,#339,.T.);
#142=ORIENTED_EDGE('',*,*,#340,.T.);
#143=ORIENTED_EDGE('',*,*,#341,.T.);
#144=ORIENTED_EDGE('',*,*,#342,.T.);
#145=ORIENTED_EDGE('',*,*,#343,.T.);
#146=ORIENTED_EDGE('',*,*,#344,.T.);
#147=ORIENTED_EDGE('',*,*,#345,.T.);
#148=ORIENTED_EDGE('',*,*,#346,.T.);
#149=ORIENTED_EDGE('',*,*,#347,.T.);
#150=ORIENTED_EDGE('',*,*,#348,.T.);
#151=ORIENTED_EDGE('',*,*,#349,.T.);
#152=ORIENTED_EDGE('',*,*,#350,.T.);
#153=ORIENTED_EDGE('',*,*,#351,.F.);
#154=ORIENTED_EDGE('',*,*,#352,.F.);
#155=ORIENTED_EDGE('',*,*,#345,.F.);
#156=ORIENTED_EDGE('',*,*,#353,.F.);
#157=ORIENTED_EDGE('',*,*,#354,.F.);
#158=ORIENTED_EDGE('',*,*,#342,.F.);
#159=ORIENTED_EDGE('',*,*,#355,.F.);
#160=ORIENTED_EDGE('',*,*,#356,.F.);
#161=ORIENTED_EDGE('',*,*,#330,.F.);
#162=ORIENTED_EDGE('',*,*,#357,.F.);
#163=ORIENTED_EDGE('',*,*,#358,.F.);
#164=ORIENTED_EDGE('',*,*,#337,.F.);
#165=ORIENTED_EDGE('',*,*,#350,.F.);
#166=ORIENTED_EDGE('',*,*,#334,.F.);
#167=ORIENTED_EDGE('',*,*,#359,.T.);
#168=ORIENTED_EDGE('',*,*,#360,.T.);
#169=ORIENTED_EDGE('',*,*,#361,.T.);
#170=ORIENTED_EDGE('',*,*,#362,.T.);
#171=ORIENTED_EDGE('',*,*,#363,.T.);
#172=ORIENTED_EDGE('',*,*,#364,.F.);
#173=ORIENTED_EDGE('',*,*,#357,.T.);
#174=ORIENTED_EDGE('',*,*,#364,.T.);
#175=ORIENTED_EDGE('',*,*,#365,.T.);
#176=ORIENTED_EDGE('',*,*,#366,.F.);
#177=ORIENTED_EDGE('',*,*,#338,.F.);
#178=ORIENTED_EDGE('',*,*,#358,.T.);
#179=ORIENTED_EDGE('',*,*,#367,.T.);
#180=ORIENTED_EDGE('',*,*,#368,.T.);
#181=ORIENTED_EDGE('',*,*,#369,.F.);
#182=ORIENTED_EDGE('',*,*,#370,.T.);
#183=ORIENTED_EDGE('',*,*,#371,.F.);
#184=ORIENTED_EDGE('',*,*,#339,.F.);
#185=ORIENTED_EDGE('',*,*,#366,.T.);
#186=ORIENTED_EDGE('',*,*,#361,.F.);
#187=ORIENTED_EDGE('',*,*,#372,.T.);
#188=ORIENTED_EDGE('',*,*,#369,.T.);
#189=ORIENTED_EDGE('',*,*,#373,.T.);
#190=ORIENTED_EDGE('',*,*,#374,.F.);
#191=ORIENTED_EDGE('',*,*,#375,.T.);
#192=ORIENTED_EDGE('',*,*,#376,.T.);
#193=ORIENTED_EDGE('',*,*,#377,.T.);
#194=ORIENTED_EDGE('',*,*,#378,.T.);
#195=ORIENTED_EDGE('',*,*,#379,.T.);
#196=ORIENTED_EDGE('',*,*,#380,.T.);
#197=ORIENTED_EDGE('',*,*,#376,.F.);
#198=ORIENTED_EDGE('',*,*,#381,.T.);
#199=ORIENTED_EDGE('',*,*,#382,.F.);
#200=ORIENTED_EDGE('',*,*,#344,.F.);
#201=ORIENTED_EDGE('',*,*,#383,.T.);
#202=ORIENTED_EDGE('',*,*,#384,.T.);
#203=ORIENTED_EDGE('',*,*,#378,.F.);
#204=ORIENTED_EDGE('',*,*,#343,.F.);
#205=ORIENTED_EDGE('',*,*,#354,.T.);
#206=ORIENTED_EDGE('',*,*,#385,.T.);
#207=ORIENTED_EDGE('',*,*,#386,.T.);
#208=ORIENTED_EDGE('',*,*,#383,.F.);
#209=ORIENTED_EDGE('',*,*,#353,.T.);
#210=ORIENTED_EDGE('',*,*,#349,.F.);
#211=ORIENTED_EDGE('',*,*,#387,.T.);
#212=ORIENTED_EDGE('',*,*,#388,.T.);
#213=ORIENTED_EDGE('',*,*,#374,.T.);
#214=ORIENTED_EDGE('',*,*,#389,.F.);
#215=ORIENTED_EDGE('',*,*,#340,.F.);
#216=ORIENTED_EDGE('',*,*,#382,.T.);
#217=ORIENTED_EDGE('',*,*,#390,.T.);
#218=ORIENTED_EDGE('',*,*,#387,.F.);
#219=ORIENTED_EDGE('',*,*,#348,.F.);
#220=ORIENTED_EDGE('',*,*,#391,.T.);
#221=ORIENTED_EDGE('',*,*,#392,.T.);
#222=ORIENTED_EDGE('',*,*,#393,.F.);
#223=ORIENTED_EDGE('',*,*,#335,.F.);
#224=ORIENTED_EDGE('',*,*,#371,.T.);
#225=ORIENTED_EDGE('',*,*,#394,.T.);
#226=ORIENTED_EDGE('',*,*,#359,.F.);
#227=ORIENTED_EDGE('',*,*,#333,.F.);
#228=ORIENTED_EDGE('',*,*,#395,.T.);
#229=ORIENTED_EDGE('',*,*,#396,.T.);
#230=ORIENTED_EDGE('',*,*,#397,.F.);
#231=ORIENTED_EDGE('',*,*,#365,.F.);
#232=ORIENTED_EDGE('',*,*,#363,.F.);
#233=ORIENTED_EDGE('',*,*,#398,.F.);
#234=ORIENTED_EDGE('',*,*,#367,.F.);
#235=ORIENTED_EDGE('',*,*,#362,.F.);
#236=ORIENTED_EDGE('',*,*,#373,.F.);
#237=ORIENTED_EDGE('',*,*,#368,.F.);
#238=ORIENTED_EDGE('',*,*,#398,.T.);
#239=ORIENTED_EDGE('',*,*,#377,.F.);
#240=ORIENTED_EDGE('',*,*,#380,.F.);
#241=ORIENTED_EDGE('',*,*,#399,.F.);
#242=ORIENTED_EDGE('',*,*,#385,.F.);
#243=ORIENTED_EDGE('',*,*,#379,.F.);
#244=ORIENTED_EDGE('',*,*,#384,.F.);
#245=ORIENTED_EDGE('',*,*,#386,.F.);
#246=ORIENTED_EDGE('',*,*,#399,.T.);
#247=ORIENTED_EDGE('',*,*,#400,.F.);
#248=ORIENTED_EDGE('',*,*,#389,.T.);
#249=ORIENTED_EDGE('',*,*,#400,.T.);
#250=ORIENTED_EDGE('',*,*,#381,.F.);
#251=ORIENTED_EDGE('',*,*,#375,.F.);
#252=ORIENTED_EDGE('',*,*,#388,.F.);
#253=ORIENTED_EDGE('',*,*,#390,.F.);
#254=ORIENTED_EDGE('',*,*,#370,.F.);
#255=ORIENTED_EDGE('',*,*,#372,.F.);
#256=ORIENTED_EDGE('',*,*,#360,.F.);
#257=ORIENTED_EDGE('',*,*,#394,.F.);
#258=ORIENTED_EDGE('',*,*,#401,.F.);
#259=ORIENTED_EDGE('',*,*,#402,.F.);
#260=ORIENTED_EDGE('',*,*,#403,.F.);
#261=ORIENTED_EDGE('',*,*,#404,.T.);
#262=ORIENTED_EDGE('',*,*,#405,.F.);
#263=ORIENTED_EDGE('',*,*,#406,.T.);
#264=ORIENTED_EDGE('',*,*,#407,.T.);
#265=ORIENTED_EDGE('',*,*,#402,.T.);
#266=ORIENTED_EDGE('',*,*,#408,.F.);
#267=ORIENTED_EDGE('',*,*,#409,.F.);
#268=ORIENTED_EDGE('',*,*,#404,.F.);
#269=ORIENTED_EDGE('',*,*,#410,.F.);
#270=ORIENTED_EDGE('',*,*,#411,.F.);
#271=ORIENTED_EDGE('',*,*,#406,.F.);
#272=ORIENTED_EDGE('',*,*,#412,.F.);
#273=ORIENTED_EDGE('',*,*,#392,.F.);
#274=ORIENTED_EDGE('',*,*,#413,.T.);
#275=ORIENTED_EDGE('',*,*,#408,.T.);
#276=ORIENTED_EDGE('',*,*,#414,.F.);
#277=ORIENTED_EDGE('',*,*,#346,.F.);
#278=ORIENTED_EDGE('',*,*,#352,.T.);
#279=ORIENTED_EDGE('',*,*,#336,.F.);
#280=ORIENTED_EDGE('',*,*,#393,.T.);
#281=ORIENTED_EDGE('',*,*,#412,.T.);
#282=ORIENTED_EDGE('',*,*,#405,.T.);
#283=ORIENTED_EDGE('',*,*,#401,.T.);
#284=ORIENTED_EDGE('',*,*,#409,.T.);
#285=ORIENTED_EDGE('',*,*,#413,.F.);
#286=ORIENTED_EDGE('',*,*,#351,.T.);
#287=ORIENTED_EDGE('',*,*,#410,.T.);
#288=ORIENTED_EDGE('',*,*,#403,.T.);
#289=ORIENTED_EDGE('',*,*,#407,.F.);
#290=ORIENTED_EDGE('',*,*,#411,.T.);
#291=ORIENTED_EDGE('',*,*,#391,.F.);
#292=ORIENTED_EDGE('',*,*,#347,.F.);
#293=ORIENTED_EDGE('',*,*,#414,.T.);
#294=ORIENTED_EDGE('',*,*,#415,.F.);
#295=ORIENTED_EDGE('',*,*,#416,.T.);
#296=ORIENTED_EDGE('',*,*,#417,.T.);
#297=ORIENTED_EDGE('',*,*,#418,.T.);
#298=ORIENTED_EDGE('',*,*,#419,.T.);
#299=ORIENTED_EDGE('',*,*,#420,.T.);
#300=ORIENTED_EDGE('',*,*,#421,.T.);
#301=ORIENTED_EDGE('',*,*,#417,.F.);
#302=ORIENTED_EDGE('',*,*,#422,.T.);
#303=ORIENTED_EDGE('',*,*,#395,.F.);
#304=ORIENTED_EDGE('',*,*,#332,.F.);
#305=ORIENTED_EDGE('',*,*,#423,.T.);
#306=ORIENTED_EDGE('',*,*,#424,.T.);
#307=ORIENTED_EDGE('',*,*,#419,.F.);
#308=ORIENTED_EDGE('',*,*,#331,.F.);
#309=ORIENTED_EDGE('',*,*,#356,.T.);
#310=ORIENTED_EDGE('',*,*,#425,.T.);
#311=ORIENTED_EDGE('',*,*,#426,.T.);
#312=ORIENTED_EDGE('',*,*,#423,.F.);
#313=ORIENTED_EDGE('',*,*,#355,.T.);
#314=ORIENTED_EDGE('',*,*,#341,.F.);
#315=ORIENTED_EDGE('',*,*,#397,.T.);
#316=ORIENTED_EDGE('',*,*,#427,.T.);
#317=ORIENTED_EDGE('',*,*,#415,.T.);
#318=ORIENTED_EDGE('',*,*,#418,.F.);
#319=ORIENTED_EDGE('',*,*,#421,.F.);
#320=ORIENTED_EDGE('',*,*,#428,.F.);
#321=ORIENTED_EDGE('',*,*,#425,.F.);
#322=ORIENTED_EDGE('',*,*,#420,.F.);
#323=ORIENTED_EDGE('',*,*,#424,.F.);
#324=ORIENTED_EDGE('',*,*,#426,.F.);
#325=ORIENTED_EDGE('',*,*,#428,.T.);
#326=ORIENTED_EDGE('',*,*,#422,.F.);
#327=ORIENTED_EDGE('',*,*,#416,.F.);
#328=ORIENTED_EDGE('',*,*,#427,.F.);
#329=ORIENTED_EDGE('',*,*,#396,.F.);
#330=EDGE_CURVE('',#429,#430,#496,.F.);
#331=EDGE_CURVE('',#430,#431,#44,.T.);
#332=EDGE_CURVE('',#431,#432,#45,.T.);
#333=EDGE_CURVE('',#432,#433,#497,.T.);
#334=EDGE_CURVE('',#433,#429,#46,.T.);
#335=EDGE_CURVE('',#434,#435,#498,.T.);
#336=EDGE_CURVE('',#435,#436,#47,.T.);
#337=EDGE_CURVE('',#436,#437,#499,.F.);
#338=EDGE_CURVE('',#437,#438,#48,.T.);
#339=EDGE_CURVE('',#438,#434,#49,.T.);
#340=EDGE_CURVE('',#439,#440,#500,.T.);
#341=EDGE_CURVE('',#440,#441,#50,.T.);
#342=EDGE_CURVE('',#441,#442,#501,.F.);
#343=EDGE_CURVE('',#442,#443,#51,.T.);
#344=EDGE_CURVE('',#443,#439,#52,.T.);
#345=EDGE_CURVE('',#444,#445,#502,.F.);
#346=EDGE_CURVE('',#445,#446,#53,.T.);
#347=EDGE_CURVE('',#446,#447,#54,.T.);
#348=EDGE_CURVE('',#447,#448,#503,.T.);
#349=EDGE_CURVE('',#448,#444,#55,.T.);
#350=EDGE_CURVE('',#449,#449,#504,.T.);
#351=EDGE_CURVE('',#450,#436,#56,.F.);
#352=EDGE_CURVE('',#445,#450,#57,.F.);
#353=EDGE_CURVE('',#451,#444,#58,.T.);
#354=EDGE_CURVE('',#442,#451,#59,.T.);
#355=EDGE_CURVE('',#452,#441,#60,.F.);
#356=EDGE_CURVE('',#430,#452,#61,.F.);
#357=EDGE_CURVE('',#453,#429,#62,.T.);
#358=EDGE_CURVE('',#437,#453,#63,.T.);
#359=EDGE_CURVE('',#433,#454,#64,.T.);
#360=EDGE_CURVE('',#454,#455,#65,.T.);
#361=EDGE_CURVE('',#455,#456,#66,.T.);
#362=EDGE_CURVE('',#456,#457,#67,.T.);
#363=EDGE_CURVE('',#457,#458,#68,.T.);
#364=EDGE_CURVE('',#453,#458,#69,.T.);
#365=EDGE_CURVE('',#458,#459,#70,.T.);
#366=EDGE_CURVE('',#438,#459,#71,.T.);
#367=EDGE_CURVE('',#459,#460,#72,.T.);
#368=EDGE_CURVE('',#460,#461,#73,.T.);
#369=EDGE_CURVE('',#462,#461,#74,.T.);
#370=EDGE_CURVE('',#462,#463,#75,.T.);
#371=EDGE_CURVE('',#434,#463,#76,.T.);
#372=EDGE_CURVE('',#455,#462,#77,.T.);
#373=EDGE_CURVE('',#461,#456,#78,.T.);
#374=EDGE_CURVE('',#464,#465,#79,.T.);
#375=EDGE_CURVE('',#464,#466,#80,.T.);
#376=EDGE_CURVE('',#466,#467,#81,.T.);
#377=EDGE_CURVE('',#467,#465,#82,.T.);
#378=EDGE_CURVE('',#443,#468,#83,.T.);
#379=EDGE_CURVE('',#468,#469,#84,.T.);
#380=EDGE_CURVE('',#469,#467,#85,.T.);
#381=EDGE_CURVE('',#466,#470,#86,.T.);
#382=EDGE_CURVE('',#439,#470,#87,.T.);
#383=EDGE_CURVE('',#451,#471,#88,.T.);
#384=EDGE_CURVE('',#471,#468,#89,.T.);
#385=EDGE_CURVE('',#465,#472,#90,.T.);
#386=EDGE_CURVE('',#472,#471,#91,.T.);
#387=EDGE_CURVE('',#448,#473,#92,.T.);
#388=EDGE_CURVE('',#473,#464,#93,.T.);
#389=EDGE_CURVE('',#474,#474,#505,.T.);
#390=EDGE_CURVE('',#470,#473,#94,.T.);
#391=EDGE_CURVE('',#447,#475,#95,.T.);
#392=EDGE_CURVE('',#475,#476,#96,.T.);
#393=EDGE_CURVE('',#435,#476,#97,.T.);
#394=EDGE_CURVE('',#463,#454,#98,.T.);
#395=EDGE_CURVE('',#432,#477,#99,.T.);
#396=EDGE_CURVE('',#477,#478,#100,.T.);
#397=EDGE_CURVE('',#440,#478,#101,.T.);
#398=EDGE_CURVE('',#460,#457,#102,.T.);
#399=EDGE_CURVE('',#472,#469,#103,.T.);
#400=EDGE_CURVE('',#479,#479,#506,.T.);
#401=EDGE_CURVE('',#480,#481,#104,.T.);
#402=EDGE_CURVE('',#482,#480,#105,.T.);
#403=EDGE_CURVE('',#483,#482,#106,.T.);
#404=EDGE_CURVE('',#483,#481,#107,.T.);
#405=EDGE_CURVE('',#484,#480,#108,.T.);
#406=EDGE_CURVE('',#484,#485,#109,.T.);
#407=EDGE_CURVE('',#485,#482,#110,.T.);
#408=EDGE_CURVE('',#486,#487,#111,.T.);
#409=EDGE_CURVE('',#481,#486,#112,.T.);
#410=EDGE_CURVE('',#487,#483,#113,.T.);
#411=EDGE_CURVE('',#485,#475,#114,.T.);
#412=EDGE_CURVE('',#476,#484,#115,.T.);
#413=EDGE_CURVE('',#450,#486,#116,.T.);
#414=EDGE_CURVE('',#446,#487,#117,.T.);
#415=EDGE_CURVE('',#488,#489,#118,.T.);
#416=EDGE_CURVE('',#488,#490,#119,.T.);
#417=EDGE_CURVE('',#490,#491,#120,.T.);
#418=EDGE_CURVE('',#491,#489,#121,.T.);
#419=EDGE_CURVE('',#431,#492,#122,.T.);
#420=EDGE_CURVE('',#492,#493,#123,.T.);
#421=EDGE_CURVE('',#493,#491,#124,.T.);
#422=EDGE_CURVE('',#490,#477,#125,.T.);
#423=EDGE_CURVE('',#452,#494,#126,.T.);
#424=EDGE_CURVE('',#494,#492,#127,.T.);
#425=EDGE_CURVE('',#489,#495,#128,.T.);
#426=EDGE_CURVE('',#495,#494,#129,.T.);
#427=EDGE_CURVE('',#478,#488,#130,.T.);
#428=EDGE_CURVE('',#495,#493,#131,.T.);
#429=VERTEX_POINT('',#707);
#430=VERTEX_POINT('',#708);
#431=VERTEX_POINT('',#713);
#432=VERTEX_POINT('',#718);
#433=VERTEX_POINT('',#720);
#434=VERTEX_POINT('',#727);
#435=VERTEX_POINT('',#728);
#436=VERTEX_POINT('',#733);
#437=VERTEX_POINT('',#735);
#438=VERTEX_POINT('',#740);
#439=VERTEX_POINT('',#747);
#440=VERTEX_POINT('',#748);
#441=VERTEX_POINT('',#753);
#442=VERTEX_POINT('',#755);
#443=VERTEX_POINT('',#760);
#444=VERTEX_POINT('',#767);
#445=VERTEX_POINT('',#768);
#446=VERTEX_POINT('',#773);
#447=VERTEX_POINT('',#778);
#448=VERTEX_POINT('',#780);
#449=VERTEX_POINT('',#787);
#450=VERTEX_POINT('',#793);
#451=VERTEX_POINT('',#802);
#452=VERTEX_POINT('',#811);
#453=VERTEX_POINT('',#820);
#454=VERTEX_POINT('',#878);
#455=VERTEX_POINT('',#884);
#456=VERTEX_POINT('',#892);
#457=VERTEX_POINT('',#900);
#458=VERTEX_POINT('',#908);
#459=VERTEX_POINT('',#948);
#460=VERTEX_POINT('',#1012);
#461=VERTEX_POINT('',#1020);
#462=VERTEX_POINT('',#1028);
#463=VERTEX_POINT('',#1034);
#464=VERTEX_POINT('',#1110);
#465=VERTEX_POINT('',#1111);
#466=VERTEX_POINT('',#1116);
#467=VERTEX_POINT('',#1124);
#468=VERTEX_POINT('',#1185);
#469=VERTEX_POINT('',#1193);
#470=VERTEX_POINT('',#1206);
#471=VERTEX_POINT('',#1246);
#472=VERTEX_POINT('',#1307);
#473=VERTEX_POINT('',#1319);
#474=VERTEX_POINT('',#1327);
#475=VERTEX_POINT('',#1336);
#476=VERTEX_POINT('',#1341);
#477=VERTEX_POINT('',#1354);
#478=VERTEX_POINT('',#1359);
#479=VERTEX_POINT('',#1422);
#480=VERTEX_POINT('',#1467);
#481=VERTEX_POINT('',#1468);
#482=VERTEX_POINT('',#1473);
#483=VERTEX_POINT('',#1481);
#484=VERTEX_POINT('',#1521);
#485=VERTEX_POINT('',#1526);
#486=VERTEX_POINT('',#1550);
#487=VERTEX_POINT('',#1551);
#488=VERTEX_POINT('',#1763);
#489=VERTEX_POINT('',#1764);
#490=VERTEX_POINT('',#1769);
#491=VERTEX_POINT('',#1777);
#492=VERTEX_POINT('',#1838);
#493=VERTEX_POINT('',#1846);
#494=VERTEX_POINT('',#1894);
#495=VERTEX_POINT('',#1955);
#496=CIRCLE('',#643,0.0127);
#497=CIRCLE('',#644,0.0127);
#498=CIRCLE('',#646,0.0127);
#499=CIRCLE('',#647,0.0127);
#500=CIRCLE('',#649,0.0127);
#501=CIRCLE('',#650,0.0127);
#502=CIRCLE('',#652,0.0127);
#503=CIRCLE('',#653,0.0127);
#504=CIRCLE('',#655,0.00635);
#505=CIRCLE('',#658,0.004);
#506=CIRCLE('',#660,0.004);
#507=EDGE_LOOP('',(#132,#133,#134,#135,#136));
#508=EDGE_LOOP('',(#137,#138,#139,#140,#141));
#509=EDGE_LOOP('',(#142,#143,#144,#145,#146));
#510=EDGE_LOOP('',(#147,#148,#149,#150,#151));
#511=EDGE_LOOP('',(#152));
#512=EDGE_LOOP('',(#153,#154,#155,#156,#157,#158,#159,#160,#161,#162,#163,
#164));
#513=EDGE_LOOP('',(#165));
#514=EDGE_LOOP('',(#166,#167,#168,#169,#170,#171,#172,#173));
#515=EDGE_LOOP('',(#174,#175,#176,#177,#178));
#516=EDGE_LOOP('',(#179,#180,#181,#182,#183,#184,#185));
#517=EDGE_LOOP('',(#186,#187,#188,#189));
#518=EDGE_LOOP('',(#190,#191,#192,#193));
#519=EDGE_LOOP('',(#194,#195,#196,#197,#198,#199,#200));
#520=EDGE_LOOP('',(#201,#202,#203,#204,#205));
#521=EDGE_LOOP('',(#206,#207,#208,#209,#210,#211,#212,#213));
#522=EDGE_LOOP('',(#214));
#523=EDGE_LOOP('',(#215,#216,#217,#218,#219,#220,#221,#222,#223,#224,#225,
#226,#227,#228,#229,#230));
#524=EDGE_LOOP('',(#231,#232,#233,#234));
#525=EDGE_LOOP('',(#235,#236,#237,#238));
#526=EDGE_LOOP('',(#239,#240,#241,#242));
#527=EDGE_LOOP('',(#243,#244,#245,#246));
#528=EDGE_LOOP('',(#247));
#529=EDGE_LOOP('',(#248));
#530=EDGE_LOOP('',(#249));
#531=EDGE_LOOP('',(#250,#251,#252,#253));
#532=EDGE_LOOP('',(#254,#255,#256,#257));
#533=EDGE_LOOP('',(#258,#259,#260,#261));
#534=EDGE_LOOP('',(#262,#263,#264,#265));
#535=EDGE_LOOP('',(#266,#267,#268,#269));
#536=EDGE_LOOP('',(#270,#271,#272,#273));
#537=EDGE_LOOP('',(#274,#275,#276,#277,#278));
#538=EDGE_LOOP('',(#279,#280,#281,#282,#283,#284,#285,#286));
#539=EDGE_LOOP('',(#287,#288,#289,#290,#291,#292,#293));
#540=EDGE_LOOP('',(#294,#295,#296,#297));
#541=EDGE_LOOP('',(#298,#299,#300,#301,#302,#303,#304));
#542=EDGE_LOOP('',(#305,#306,#307,#308,#309));
#543=EDGE_LOOP('',(#310,#311,#312,#313,#314,#315,#316,#317));
#544=EDGE_LOOP('',(#318,#319,#320,#321));
#545=EDGE_LOOP('',(#322,#323,#324,#325));
#546=EDGE_LOOP('',(#326,#327,#328,#329));
#547=FACE_BOUND('',#507,.T.);
#548=FACE_BOUND('',#508,.T.);
#549=FACE_BOUND('',#509,.T.);
#550=FACE_BOUND('',#510,.T.);
#551=FACE_BOUND('',#511,.T.);
#552=FACE_BOUND('',#512,.T.);
#553=FACE_BOUND('',#513,.T.);
#554=FACE_BOUND('',#514,.T.);
#555=FACE_BOUND('',#515,.T.);
#556=FACE_BOUND('',#516,.T.);
#557=FACE_BOUND('',#517,.T.);
#558=FACE_BOUND('',#518,.T.);
#559=FACE_BOUND('',#519,.T.);
#560=FACE_BOUND('',#520,.T.);
#561=FACE_BOUND('',#521,.T.);
#562=FACE_BOUND('',#522,.T.);
#563=FACE_BOUND('',#523,.T.);
#564=FACE_BOUND('',#524,.T.);
#565=FACE_BOUND('',#525,.T.);
#566=FACE_BOUND('',#526,.T.);
#567=FACE_BOUND('',#527,.T.);
#568=FACE_BOUND('',#528,.T.);
#569=FACE_BOUND('',#529,.T.);
#570=FACE_BOUND('',#530,.T.);
#571=FACE_BOUND('',#531,.T.);
#572=FACE_BOUND('',#532,.T.);
#573=FACE_BOUND('',#533,.T.);
#574=FACE_BOUND('',#534,.T.);
#575=FACE_BOUND('',#535,.T.);
#576=FACE_BOUND('',#536,.T.);
#577=FACE_BOUND('',#537,.T.);
#578=FACE_BOUND('',#538,.T.);
#579=FACE_BOUND('',#539,.T.);
#580=FACE_BOUND('',#540,.T.);
#581=FACE_BOUND('',#541,.T.);
#582=FACE_BOUND('',#542,.T.);
#583=FACE_BOUND('',#543,.T.);
#584=FACE_BOUND('',#544,.T.);
#585=FACE_BOUND('',#545,.T.);
#586=FACE_BOUND('',#546,.T.);
#587=CYLINDRICAL_SURFACE('',#642,0.0127);
#588=CYLINDRICAL_SURFACE('',#645,0.0127);
#589=CYLINDRICAL_SURFACE('',#648,0.0127);
#590=CYLINDRICAL_SURFACE('',#651,0.0127);
#591=CYLINDRICAL_SURFACE('',#659,0.004);
#592=ADVANCED_FACE('',(#547),#587,.T.);
#593=ADVANCED_FACE('',(#548),#588,.T.);
#594=ADVANCED_FACE('',(#549),#589,.T.);
#595=ADVANCED_FACE('',(#550),#590,.T.);
#596=ADVANCED_FACE('',(#551),#41,.T.);
#597=ADVANCED_FACE('',(#552,#553),#40,.T.);
#598=ADVANCED_FACE('',(#554),#24,.T.);
#599=ADVANCED_FACE('',(#555),#25,.T.);
#600=ADVANCED_FACE('',(#556),#26,.T.);
#601=ADVANCED_FACE('',(#557),#27,.T.);
#602=ADVANCED_FACE('',(#558),#28,.T.);
#603=ADVANCED_FACE('',(#559),#29,.T.);
#604=ADVANCED_FACE('',(#560),#30,.T.);
#605=ADVANCED_FACE('',(#561),#31,.T.);
#606=ADVANCED_FACE('',(#562,#563),#42,.F.);
#607=ADVANCED_FACE('',(#564),#12,.T.);
#608=ADVANCED_FACE('',(#565),#13,.T.);
#609=ADVANCED_FACE('',(#566),#14,.T.);
#610=ADVANCED_FACE('',(#567),#15,.T.);
#611=ADVANCED_FACE('',(#568,#569),#591,.F.);
#612=ADVANCED_FACE('',(#570),#43,.T.);
#613=ADVANCED_FACE('',(#571),#16,.F.);
#614=ADVANCED_FACE('',(#572),#17,.F.);
#615=ADVANCED_FACE('',(#573),#18,.T.);
#616=ADVANCED_FACE('',(#574),#32,.T.);
#617=ADVANCED_FACE('',(#575),#19,.T.);
#618=ADVANCED_FACE('',(#576),#20,.F.);
#619=ADVANCED_FACE('',(#577),#33,.T.);
#620=ADVANCED_FACE('',(#578),#34,.T.);
#621=ADVANCED_FACE('',(#579),#35,.T.);
#622=ADVANCED_FACE('',(#580),#36,.T.);
#623=ADVANCED_FACE('',(#581),#37,.T.);
#624=ADVANCED_FACE('',(#582),#38,.T.);
#625=ADVANCED_FACE('',(#583),#39,.T.);
#626=ADVANCED_FACE('',(#584),#21,.T.);
#627=ADVANCED_FACE('',(#585),#22,.T.);
#628=ADVANCED_FACE('',(#586),#23,.F.);
#629=CLOSED_SHELL('',(#592,#593,#594,#595,#596,#597,#598,#599,#600,#601,
#602,#603,#604,#605,#606,#607,#608,#609,#610,#611,#612,#613,#614,#615,#616,
#617,#618,#619,#620,#621,#622,#623,#624,#625,#626,#627,#628));
#630=STYLED_ITEM('',(#631),#638);
#631=PRESENTATION_STYLE_ASSIGNMENT((#632));
#632=SURFACE_STYLE_USAGE(.BOTH.,#633);
#633=SURFACE_SIDE_STYLE('',(#634));
#634=SURFACE_STYLE_FILL_AREA(#635);
#635=FILL_AREA_STYLE('',(#636));
#636=FILL_AREA_STYLE_COLOUR('',#637);
#637=DRAUGHTING_PRE_DEFINED_COLOUR('red');
#638=MANIFOLD_SOLID_BREP('Propeller',#629);
#639=SHAPE_DEFINITION_REPRESENTATION(#2014,#640);
#640=SHAPE_REPRESENTATION('Propeller',(#641),#2009);
#641=AXIS2_PLACEMENT_3D('',#704,#662,#663);
#642=AXIS2_PLACEMENT_3D('',#705,#664,#665);
#643=AXIS2_PLACEMENT_3D('',#706,#666,#667);
#644=AXIS2_PLACEMENT_3D('',#719,#668,#669);
#645=AXIS2_PLACEMENT_3D('',#725,#670,#671);
#646=AXIS2_PLACEMENT_3D('',#726,#672,#673);
#647=AXIS2_PLACEMENT_3D('',#734,#674,#675);
#648=AXIS2_PLACEMENT_3D('',#745,#676,#677);
#649=AXIS2_PLACEMENT_3D('',#746,#678,#679);
#650=AXIS2_PLACEMENT_3D('',#754,#680,#681);
#651=AXIS2_PLACEMENT_3D('',#765,#682,#683);
#652=AXIS2_PLACEMENT_3D('',#766,#684,#685);
#653=AXIS2_PLACEMENT_3D('',#779,#686,#687);
#654=AXIS2_PLACEMENT_3D('',#785,#688,#689);
#655=AXIS2_PLACEMENT_3D('',#786,#690,#691);
#656=AXIS2_PLACEMENT_3D('',#788,#692,#693);
#657=AXIS2_PLACEMENT_3D('',#1325,#694,#695);
#658=AXIS2_PLACEMENT_3D('',#1326,#696,#697);
#659=AXIS2_PLACEMENT_3D('',#1420,#698,#699);
#660=AXIS2_PLACEMENT_3D('',#1421,#700,#701);
#661=AXIS2_PLACEMENT_3D('',#1423,#702,#703);
#662=DIRECTION('',(0.,0.,1.));
#663=DIRECTION('',(1.,0.,0.));
#664=DIRECTION('',(0.,0.,-1.));
#665=DIRECTION('',(-1.,0.,0.));
#666=DIRECTION('',(0.,0.,1.));
#667=DIRECTION('',(1.,0.,0.));
#668=DIRECTION('',(0.,0.,1.));
#669=DIRECTION('',(1.,0.,0.));
#670=DIRECTION('',(0.,0.,-1.));
#671=DIRECTION('',(-1.,0.,0.));
#672=DIRECTION('',(0.,0.,1.));
#673=DIRECTION('',(1.,0.,0.));
#674=DIRECTION('',(0.,0.,1.));
#675=DIRECTION('',(1.,0.,0.));
#676=DIRECTION('',(0.,0.,-1.));
#677=DIRECTION('',(-1.,0.,0.));
#678=DIRECTION('',(0.,0.,1.));
#679=DIRECTION('',(1.,0.,0.));
#680=DIRECTION('',(0.,0.,1.));
#681=DIRECTION('',(1.,0.,0.));
#682=DIRECTION('',(0.,0.,-1.));
#683=DIRECTION('',(-1.,0.,0.));
#684=DIRECTION('',(0.,0.,1.));
#685=DIRECTION('',(1.,0.,0.));
#686=DIRECTION('',(0.,0.,1.));
#687=DIRECTION('',(1.,0.,0.));
#688=DIRECTION('',(0.,0.,1.));
#689=DIRECTION('',(1.,0.,0.));
#690=DIRECTION('',(0.,0.,1.));
#691=DIRECTION('',(1.,0.,0.));
#692=DIRECTION('',(0.,0.,1.));
#693=DIRECTION('',(1.,0.,0.));
#694=DIRECTION('',(0.,0.,1.));
#695=DIRECTION('',(1.,0.,0.));
#696=DIRECTION('',(0.,0.,-1.));
#697=DIRECTION('',(-1.,0.,0.));
#698=DIRECTION('',(0.,0.,-1.));
#699=DIRECTION('',(-1.,0.,0.));
#700=DIRECTION('',(0.,0.,-1.));
#701=DIRECTION('',(-1.,0.,0.));
#702=DIRECTION('',(0.,0.,-1.));
#703=DIRECTION('',(1.,0.,0.));
#704=CARTESIAN_POINT('',(0.,0.,0.));
#705=CARTESIAN_POINT('',(0.,7.77650717458569E-19,0.0254));
#706=CARTESIAN_POINT('',(0.,7.77650717458569E-19,0.01905));
#707=CARTESIAN_POINT('',(-0.0126646127626956,0.00094740887211844,0.01905));
#708=CARTESIAN_POINT('',(-0.000284988279387443,0.0126968020257312,0.01905));
#709=CARTESIAN_POINT('',(-0.000284988279387442,0.0126968020257312,0.01905));
#710=CARTESIAN_POINT('',(-0.00132901175758313,0.0126733682150686,0.018923599083622));
#711=CARTESIAN_POINT('',(-0.00236889989714751,0.0125207912942962,0.018797271566283));
#712=CARTESIAN_POINT('',(-0.00337623918759042,0.012242998364297,0.018686871520931));
#713=CARTESIAN_POINT('',(-0.00337623918759042,0.012242998364297,0.018686871520931));
#714=CARTESIAN_POINT('',(-0.00337623918759042,0.012242998364297,0.018686871520931));
#715=CARTESIAN_POINT('',(-0.00246723778343231,0.0124936727555673,0.0113967950966242));
#716=CARTESIAN_POINT('',(-0.0014929251542043,0.0126490461505537,0.00411170828199866));
#717=CARTESIAN_POINT('',(-0.000525666960947663,0.0126891163697938,-0.00317500000000049));
#718=CARTESIAN_POINT('',(-0.000525666960943986,0.0126891163697939,-0.003175));
#719=CARTESIAN_POINT('',(0.,7.77650717458569E-19,-0.003175));
#720=CARTESIAN_POINT('',(-0.0121143573201153,0.00381213151931677,-0.003175));
#721=CARTESIAN_POINT('',(-0.0121143573201155,0.00381213151931527,-0.00317500000000019));
#722=CARTESIAN_POINT('',(-0.0123980785209708,0.00291050994906293,0.00423721556281301));
#723=CARTESIAN_POINT('',(-0.0125910038874029,0.00193138519840571,0.0116431969409861));
#724=CARTESIAN_POINT('',(-0.0126646127626956,0.000947408872118439,0.01905));
#725=CARTESIAN_POINT('',(0.,7.77650717458569E-19,0.0254));
#726=CARTESIAN_POINT('',(0.,7.77650717458569E-19,-0.003175));
#727=CARTESIAN_POINT('',(-0.0126891163697939,-0.000525666960943985,-0.003175));
#728=CARTESIAN_POINT('',(-0.00381213151931378,-0.0121143573201163,-0.003175));
#729=CARTESIAN_POINT('',(-0.00381213151931379,-0.0121143573201163,-0.003175));
#730=CARTESIAN_POINT('',(-0.00291051322452643,-0.012398077490252,0.00423718863527085));
#731=CARTESIAN_POINT('',(-0.00193137231035995,-0.0125910048515263,0.0116432939547193));
#732=CARTESIAN_POINT('',(-0.000947408872118438,-0.0126646127626956,0.01905));
#733=CARTESIAN_POINT('',(-0.000947408872118441,-0.0126646127626956,0.01905));
#734=CARTESIAN_POINT('',(0.,7.77650717458569E-19,0.01905));
#735=CARTESIAN_POINT('',(-0.0126968020257312,-0.000284988279387426,0.01905));
#736=CARTESIAN_POINT('',(-0.0126968020257312,-0.000284988279387425,0.01905));
#737=CARTESIAN_POINT('',(-0.0126733520320116,-0.0013297327453789,0.0189235117929432));
#738=CARTESIAN_POINT('',(-0.0125212931416075,-0.00236708008656224,0.0187974710096811));
#739=CARTESIAN_POINT('',(-0.012242998364297,-0.00337623918759042,0.018686871520931));
#740=CARTESIAN_POINT('',(-0.012242998364297,-0.00337623918759042,0.018686871520931));
#741=CARTESIAN_POINT('',(-0.012242998364297,-0.00337623918759042,0.018686871520931));
#742=CARTESIAN_POINT('',(-0.0124936727555673,-0.00246723778343231,0.0113967950966242));
#743=CARTESIAN_POINT('',(-0.0126490461505537,-0.0014929251542043,0.00411170828199866));
#744=CARTESIAN_POINT('',(-0.0126891163697938,-0.000525666960947662,-0.00317500000000049));
#745=CARTESIAN_POINT('',(0.,7.77650717458569E-19,0.0254));
#746=CARTESIAN_POINT('',(0.,7.77650717458569E-19,-0.003175));
#747=CARTESIAN_POINT('',(0.0126891163697939,0.000525666960943987,-0.003175));
#748=CARTESIAN_POINT('',(0.00381213151931378,0.0121143573201163,-0.003175));
#749=CARTESIAN_POINT('',(0.00381213151931378,0.0121143573201163,-0.003175));
#750=CARTESIAN_POINT('',(0.00291051322452645,0.012398077490252,0.00423718863527085));
#751=CARTESIAN_POINT('',(0.00193137231035995,0.0125910048515262,0.0116432939547193));
#752=CARTESIAN_POINT('',(0.000947408872118437,0.0126646127626956,0.01905));
#753=CARTESIAN_POINT('',(0.00094740887211844,0.0126646127626956,0.01905));
#754=CARTESIAN_POINT('',(0.,7.77650717458569E-19,0.01905));
#755=CARTESIAN_POINT('',(0.0126968020257312,0.000284988279387444,0.01905));
#756=CARTESIAN_POINT('',(0.0126968020257312,0.000284988279387443,0.01905));
#757=CARTESIAN_POINT('',(0.0126733520320116,0.00132973274537891,0.0189235117929432));
#758=CARTESIAN_POINT('',(0.0125212931416075,0.00236708008656225,0.0187974710096811));
#759=CARTESIAN_POINT('',(0.012242998364297,0.00337623918759042,0.018686871520931));
#760=CARTESIAN_POINT('',(0.012242998364297,0.00337623918759042,0.018686871520931));
#761=CARTESIAN_POINT('',(0.012242998364297,0.00337623918759042,0.018686871520931));
#762=CARTESIAN_POINT('',(0.0124936727555673,0.00246723778343231,0.0113967950966242));
#763=CARTESIAN_POINT('',(0.0126490461505537,0.0014929251542043,0.00411170828199866));
#764=CARTESIAN_POINT('',(0.0126891163697938,0.000525666960947664,-0.00317500000000049));
#765=CARTESIAN_POINT('',(0.,7.77650717458569E-19,0.0254));
#766=CARTESIAN_POINT('',(0.,7.77650717458569E-19,0.01905));
#767=CARTESIAN_POINT('',(0.0126646127626956,-0.00094740887211844,0.01905));
#768=CARTESIAN_POINT('',(0.000284988279387425,-0.0126968020257312,0.01905));
#769=CARTESIAN_POINT('',(0.000284988279387423,-0.0126968020257312,0.01905));
#770=CARTESIAN_POINT('',(0.00132901175758312,-0.0126733682150686,0.018923599083622));
#771=CARTESIAN_POINT('',(0.0023688998971475,-0.0125207912942961,0.018797271566283));
#772=CARTESIAN_POINT('',(0.00337623918759042,-0.012242998364297,0.018686871520931));
#773=CARTESIAN_POINT('',(0.00337623918759042,-0.012242998364297,0.018686871520931));
#774=CARTESIAN_POINT('',(0.00337623918759042,-0.012242998364297,0.018686871520931));
#775=CARTESIAN_POINT('',(0.00246723778343231,-0.0124936727555673,0.0113967950966242));
#776=CARTESIAN_POINT('',(0.0014929251542043,-0.0126490461505537,0.00411170828199865));
#777=CARTESIAN_POINT('',(0.000525666960947662,-0.0126891163697938,-0.00317500000000049));
#778=CARTESIAN_POINT('',(0.000525666960943984,-0.0126891163697939,-0.003175));
#779=CARTESIAN_POINT('',(0.,7.77650717458569E-19,-0.003175));
#780=CARTESIAN_POINT('',(0.0121143573201153,-0.00381213151931677,-0.003175));
#781=CARTESIAN_POINT('',(0.0121143573201155,-0.00381213151931527,-0.00317500000000019));
#782=CARTESIAN_POINT('',(0.0123980785209708,-0.00291050994906293,0.00423721556281301));
#783=CARTESIAN_POINT('',(0.0125910038874029,-0.00193138519840571,0.0116431969409861));
#784=CARTESIAN_POINT('',(0.0126646127626956,-0.000947408872118437,0.01905));
#785=CARTESIAN_POINT('',(0.,0.,0.0254));
#786=CARTESIAN_POINT('',(0.,7.77650717458569E-19,0.0254));
#787=CARTESIAN_POINT('',(0.00635,7.77650717458569E-19,0.0254));
#788=CARTESIAN_POINT('',(0.,7.77650717458569E-19,0.01905));
#789=CARTESIAN_POINT('',(-0.000947408872118438,-0.0126646127626956,0.01905));
#790=CARTESIAN_POINT('',(-0.000940958097070571,-0.0126650953294844,0.0190985576929862));
#791=CARTESIAN_POINT('',(-0.000934569013168907,-0.0126650098776389,0.0191471713786741));
#792=CARTESIAN_POINT('',(-0.000928244646365427,-0.0126643523085507,0.0191958418248255));
#793=CARTESIAN_POINT('',(-0.000928244646365428,-0.0126643523085507,0.0191958418248255));
#794=CARTESIAN_POINT('',(-0.000928244646365422,-0.0126643523085508,0.0191958418248255));
#795=CARTESIAN_POINT('',(-0.000524794998587613,-0.0126950267092296,0.0191479488473033));
#796=CARTESIAN_POINT('',(-0.000120417159399066,-0.0127059016240568,0.0190990828224053));
#797=CARTESIAN_POINT('',(0.000284988279387425,-0.0126968020257312,0.01905));
#798=CARTESIAN_POINT('',(0.0126643523085507,-0.000928244646365426,0.0191958418248255));
#799=CARTESIAN_POINT('',(0.0126650092247243,-0.000934562733568119,0.0191472197046144));
#800=CARTESIAN_POINT('',(0.0126650958083586,-0.000940951695656112,0.0190986058791213));
#801=CARTESIAN_POINT('',(0.0126646127626956,-0.000947408872118436,0.01905));
#802=CARTESIAN_POINT('',(0.0126643523085507,-0.000928244646365426,0.0191958418248255));
#803=CARTESIAN_POINT('',(0.0126968020257312,0.000284988279387443,0.01905));
#804=CARTESIAN_POINT('',(0.0127058901541065,-0.000119906150002047,0.0190990209540111));
#805=CARTESIAN_POINT('',(0.0126950653763735,-0.000524286423202305,0.0191478884749877));
#806=CARTESIAN_POINT('',(0.0126643523085519,-0.000928244646365395,0.0191958418248255));
#807=CARTESIAN_POINT('',(0.000947408872118437,0.0126646127626956,0.01905));
#808=CARTESIAN_POINT('',(0.000940958097070569,0.0126650953294844,0.0190985576929862));
#809=CARTESIAN_POINT('',(0.000934569013168906,0.0126650098776389,0.0191471713786741));
#810=CARTESIAN_POINT('',(0.000928244646365426,0.0126643523085507,0.0191958418248255));
#811=CARTESIAN_POINT('',(0.000928244646365426,0.0126643523085507,0.0191958418248255));
#812=CARTESIAN_POINT('',(0.000928244646365421,0.0126643523085508,0.0191958418248255));
#813=CARTESIAN_POINT('',(0.000524794998587604,0.0126950267092296,0.0191479488473034));
#814=CARTESIAN_POINT('',(0.000120417159399055,0.0127059016240568,0.0190990828224053));
#815=CARTESIAN_POINT('',(-0.000284988279387443,0.0126968020257312,0.01905));
#816=CARTESIAN_POINT('',(-0.0126643523085507,0.000928244646365428,0.0191958418248255));
#817=CARTESIAN_POINT('',(-0.0126650092247243,0.00093456273356812,0.0191472197046144));
#818=CARTESIAN_POINT('',(-0.0126650958083586,0.000940951695656115,0.0190986058791213));
#819=CARTESIAN_POINT('',(-0.0126646127626956,0.000947408872118439,0.01905));
#820=CARTESIAN_POINT('',(-0.0126643523085507,0.000928244646365427,0.0191958418248255));
#821=CARTESIAN_POINT('',(-0.0126968020257312,-0.000284988279387425,0.01905));
#822=CARTESIAN_POINT('',(-0.0127058901541065,0.00011990615000206,0.0190990209540111));
#823=CARTESIAN_POINT('',(-0.0126950653763734,0.000524286423202313,0.0191478884749877));
#824=CARTESIAN_POINT('',(-0.0126643523085519,0.000928244646365397,0.0191958418248255));
#825=CARTESIAN_POINT('',(-0.00257895008343121,0.00220961308484533,0.0190836929946964));
#826=CARTESIAN_POINT('',(-0.0101853037481523,0.00123572431158758,0.0191820477767002));
#827=CARTESIAN_POINT('',(-0.026255373544483,-0.000806287676650166,0.0193612621008559));
#828=CARTESIAN_POINT('',(-0.0507998039237535,-0.00343157344779059,0.0187271657550125));
#829=CARTESIAN_POINT('',(-0.076199298434876,-0.00588487906449567,0.0171139402444938));
#830=CARTESIAN_POINT('',(-0.0931332208988583,-0.00655160842356417,0.0154378941952212));
#831=CARTESIAN_POINT('',(-0.1016,-0.00688496593216771,0.0145998891971047));
#832=CARTESIAN_POINT('',(-0.00257895008343121,0.00237816117761736,0.0127473303362477));
#833=CARTESIAN_POINT('',(-0.0101853037481523,0.00190128492469897,0.0128864191345724));
#834=CARTESIAN_POINT('',(-0.026255373544483,0.000906428280931663,0.013166050723424));
#835=CARTESIAN_POINT('',(-0.0507998039237535,-0.000211330934871658,0.0131413654370429));
#836=CARTESIAN_POINT('',(-0.076199298434876,-0.00137609819992122,0.0126779462714482));
#837=CARTESIAN_POINT('',(-0.0931332208988583,-0.00177702803744741,0.0120703483096971));
#838=CARTESIAN_POINT('',(-0.1016,-0.0019774886440559,0.0117665558637714));
#839=CARTESIAN_POINT('',(-0.00257895008343121,0.00254670927038939,0.00641096767779896));
#840=CARTESIAN_POINT('',(-0.0101853037481523,0.00256684553781035,0.00659079049244463));
#841=CARTESIAN_POINT('',(-0.026255373544483,0.00261914423851349,0.00697083934599203));
#842=CARTESIAN_POINT('',(-0.0507998039237535,0.00300891157804727,0.00755556511907335));
#843=CARTESIAN_POINT('',(-0.076199298434876,0.00313268266465322,0.0082419522984026));
#844=CARTESIAN_POINT('',(-0.0931332208988583,0.00299755234866935,0.00870280242417312));
#845=CARTESIAN_POINT('',(-0.1016,0.00292998864405593,0.00893322253043802));
#846=CARTESIAN_POINT('',(-0.00257895008343121,0.00271525736316143,7.46050193502226E-5));
#847=CARTESIAN_POINT('',(-0.0101853037481523,0.00323240615092175,0.000295161850316812));
#848=CARTESIAN_POINT('',(-0.026255373544483,0.00433186019609532,0.000775627968560061));
#849=CARTESIAN_POINT('',(-0.0507998039237535,0.00622915409096621,0.00196976480110376));
#850=CARTESIAN_POINT('',(-0.076199298434876,0.00764146352922767,0.00380595832535697));
#851=CARTESIAN_POINT('',(-0.0931332208988583,0.0077721327347861,0.00533525653864911));
#852=CARTESIAN_POINT('',(-0.1016,0.00783746593216775,0.00609988919710468));
#853=CARTESIAN_POINT('',(-0.00257895008343121,0.00274808962820669,-0.00115968446327545));
#854=CARTESIAN_POINT('',(-0.0101853037481523,0.00336205379091563,-0.00093119286426603));
#855=CARTESIAN_POINT('',(-0.026255373544483,0.00466548808438383,-0.000431166001101897));
#856=CARTESIAN_POINT('',(-0.0507998039237535,0.00685644007181204,0.000881680839349449));
#857=CARTESIAN_POINT('',(-0.076199298434876,0.00851974987434204,0.00294185047657081));
#858=CARTESIAN_POINT('',(-0.0931332208988583,0.00870219540199736,0.00467927665037371));
#859=CARTESIAN_POINT('',(-0.1016,0.0087934162035532,0.00554797105058839));
#860=CARTESIAN_POINT('',(-0.00257895008343121,0.00278092189325196,-0.00239397394590111));
#861=CARTESIAN_POINT('',(-0.0101853037481523,0.00349170143090952,-0.00215754757884887));
#862=CARTESIAN_POINT('',(-0.026255373544483,0.00499911597267234,-0.00163795997076385));
#863=CARTESIAN_POINT('',(-0.0507998039237535,0.00748372605265786,-0.000206403122404861));
#864=CARTESIAN_POINT('',(-0.076199298434876,0.0093980362194564,0.00207774262778466));
#865=CARTESIAN_POINT('',(-0.0931332208988583,0.00963225806920863,0.00402329676209832));
#866=CARTESIAN_POINT('',(-0.1016,0.00974936647493866,0.0049960529040721));
#867=CARTESIAN_POINT('',(-0.00257895008343121,0.00281375415829723,-0.00362826342852678));
#868=CARTESIAN_POINT('',(-0.0101853037481523,0.00362134907090341,-0.00338390229343171));
#869=CARTESIAN_POINT('',(-0.026255373544483,0.00533274386096085,-0.00284475394042581));
#870=CARTESIAN_POINT('',(-0.0507998039237535,0.00811101203350369,-0.00129448708415917));
#871=CARTESIAN_POINT('',(-0.076199298434876,0.0102763225645708,0.00121363477899849));
#872=CARTESIAN_POINT('',(-0.0931332208988583,0.0105623207364199,0.00336731687382292));
#873=CARTESIAN_POINT('',(-0.1016,0.0107053167463241,0.00444413475755582));
#874=CARTESIAN_POINT('',(-0.0121143573201156,0.00381213151931371,-0.00317500000000001));
#875=CARTESIAN_POINT('',(-0.0121149822065185,0.00381220025779627,-0.00317500000000001));
#876=CARTESIAN_POINT('',(-0.0121156070928422,0.00381226899682583,-0.003175));
#877=CARTESIAN_POINT('',(-0.0121162319790863,0.00381233773640238,-0.003175));
#878=CARTESIAN_POINT('',(-0.0121162319790859,0.00381233773640474,-0.003175));
#879=CARTESIAN_POINT('',(-0.0121162319790858,0.00381233773640349,-0.00317500000000014));
#880=CARTESIAN_POINT('',(-0.0121842648296661,0.00369697070569417,-0.00219898770299053));
#881=CARTESIAN_POINT('',(-0.0130992522981505,0.00355141081818782,-0.000336449491549464));
#882=CARTESIAN_POINT('',(-0.0150213880735598,0.00356865629763138,0.000451115985366634));
#883=CARTESIAN_POINT('',(-0.01600312701838,0.003637181321462,0.00048333511634896));
#884=CARTESIAN_POINT('',(-0.01600312701838,0.003637181321462,0.000483335116348961));
#885=CARTESIAN_POINT('',(3.11060286983428E-19,0.00254,0.));
#886=CARTESIAN_POINT('',(-0.00846598400586069,0.00311518547979716,0.000244620140850551));
#887=CARTESIAN_POINT('',(-0.0253953083856281,0.00426537682899854,0.000733784036201233));
#888=CARTESIAN_POINT('',(-0.0507998039237535,0.00622915409096621,0.00196976480110376));
#889=CARTESIAN_POINT('',(-0.076199298434876,0.00764146352922767,0.00380595832535697));
#890=CARTESIAN_POINT('',(-0.0931332208988583,0.0077721327347861,0.00533525653864911));
#891=CARTESIAN_POINT('',(-0.1016,0.00783746593216775,0.00609988919710468));
#892=CARTESIAN_POINT('',(-0.0924874699994147,0.00775779005428753,0.00528046048133209));
#893=CARTESIAN_POINT('',(-0.0924874699994147,0.00775779005428754,0.00528046048133209));
#894=CARTESIAN_POINT('',(-0.0936458855186075,0.00777029843051436,0.00538373367578697));
#895=CARTESIAN_POINT('',(-0.0959091238461772,0.00745191270219312,0.00582932393876885));
#896=CARTESIAN_POINT('',(-0.0988420846761877,0.00592976043359877,0.00704337373276995));
#897=CARTESIAN_POINT('',(-0.100883554373454,0.00351971276609266,0.00859089459014453));
#898=CARTESIAN_POINT('',(-0.101481008878886,0.00156513700502029,0.00972224970976054));
#899=CARTESIAN_POINT('',(-0.10157109243985,0.000560625418397421,0.0103015287755138));
#900=CARTESIAN_POINT('',(-0.101571092439849,0.000560625418397404,0.0103015287755138));
#901=CARTESIAN_POINT('',(-0.101571092439849,0.000560625418397399,0.0103015287755138));
#902=CARTESIAN_POINT('',(-0.101479597298832,-0.000458682405075889,0.0108915799660369));
#903=CARTESIAN_POINT('',(-0.100871355366062,-0.00242522341995704,0.012044610293788));
#904=CARTESIAN_POINT('',(-0.0987703931079851,-0.00483867436357188,0.0136538594386891));
#905=CARTESIAN_POINT('',(-0.0957678777367008,-0.00630372731566958,0.0149251958914609));
#906=CARTESIAN_POINT('',(-0.0934555164436897,-0.00655685997408531,0.015401384854341));
#907=CARTESIAN_POINT('',(-0.0922807022734945,-0.0065060808736498,0.0155148590711853));
#908=CARTESIAN_POINT('',(-0.0922807022734945,-0.00650608087364979,0.0155148590711853));
#909=CARTESIAN_POINT('',(3.11060286983428E-19,0.00254,0.01905));
#910=CARTESIAN_POINT('',(-0.00846598400586069,0.00145512219872167,0.0191611720945274));
#911=CARTESIAN_POINT('',(-0.0253953083856281,-0.000714294634281485,0.0193834815684088));
#912=CARTESIAN_POINT('',(-0.0507998039237535,-0.0034315734477906,0.0187271657550125));
#913=CARTESIAN_POINT('',(-0.076199298434876,-0.00588487906449567,0.0171139402444938));
#914=CARTESIAN_POINT('',(-0.0931332208988583,-0.00655160842356417,0.0154378941952212));
#915=CARTESIAN_POINT('',(-0.1016,-0.00688496593216772,0.0145998891971047));
#916=CARTESIAN_POINT('',(-0.0117616915179816,-0.00334303546597177,0.018701841198047));
#917=CARTESIAN_POINT('',(-0.0163074152860732,-0.00365644015543306,0.0185608590768412));
#918=CARTESIAN_POINT('',(-0.0293177009264897,-0.00456857927884432,0.0181253835292154));
#919=CARTESIAN_POINT('',(-0.0507998039237535,-0.00622915409096618,0.0170802351988962));
#920=CARTESIAN_POINT('',(-0.0733225200945354,-0.00748150360561304,0.0154520112370661));
#921=CARTESIAN_POINT('',(-0.08737924469244,-0.00770432751193557,0.0142255776035414));
#922=CARTESIAN_POINT('',(-0.0929689905048467,-0.00776291240776061,0.0137265827985427));
#923=CARTESIAN_POINT('',(-0.0117616915179816,-0.00188145582904344,0.0188639138340346));
#924=CARTESIAN_POINT('',(-0.0163074152860732,-0.00228111965609829,0.01878348867306));
#925=CARTESIAN_POINT('',(-0.0293177009264897,-0.00342366481839694,0.0185109716852985));
#926=CARTESIAN_POINT('',(-0.0507998039237535,-0.00529662720990765,0.017629212050935));
#927=CARTESIAN_POINT('',(-0.0733225200945354,-0.00685667394338022,0.0160668928821616));
#928=CARTESIAN_POINT('',(-0.08737924469244,-0.00723525028105662,0.0148137403309836));
#929=CARTESIAN_POINT('',(-0.0929689905048467,-0.00735382156832546,0.0143004750695556));
#930=CARTESIAN_POINT('',(-0.0117616915179816,-0.000419876192115118,0.0190259864700221));
#931=CARTESIAN_POINT('',(-0.0163074152860732,-0.000905799156763524,0.0190061182692787));
#932=CARTESIAN_POINT('',(-0.0293177009264897,-0.00227875035794955,0.0188965598413816));
#933=CARTESIAN_POINT('',(-0.0507998039237535,-0.00436410032884913,0.0181781889029738));
#934=CARTESIAN_POINT('',(-0.0733225200945354,-0.00623184428114739,0.0166817745272572));
#935=CARTESIAN_POINT('',(-0.08737924469244,-0.00676617305017766,0.0154019030584257));
#936=CARTESIAN_POINT('',(-0.0929689905048467,-0.00694473072889031,0.0148743673405685));
#937=CARTESIAN_POINT('',(-0.0117616915179816,0.0010417034448132,0.0191880591060097));
#938=CARTESIAN_POINT('',(-0.0163074152860732,0.000469521342571241,0.0192287478654975));
#939=CARTESIAN_POINT('',(-0.0293177009264897,-0.00113383589750216,0.0192821479974646));
#940=CARTESIAN_POINT('',(-0.0507998039237535,-0.0034315734477906,0.0187271657550125));
#941=CARTESIAN_POINT('',(-0.0733225200945354,-0.00560701461891458,0.0172966561723527));
#942=CARTESIAN_POINT('',(-0.08737924469244,-0.0062970958192987,0.0159900657858679));
#943=CARTESIAN_POINT('',(-0.0929689905048467,-0.00653563988945516,0.0154482596115814));
#944=CARTESIAN_POINT('',(-0.0922807022734928,-0.00650608087364972,0.0155148590711855));
#945=CARTESIAN_POINT('',(-0.0923495314648806,-0.00692454665735198,0.0149339577269855));
#946=CARTESIAN_POINT('',(-0.0924184677340762,-0.00734178603027094,0.0143521858791078));
#947=CARTESIAN_POINT('',(-0.0924874699994131,-0.00775779005428749,0.0137695395186681));
#948=CARTESIAN_POINT('',(-0.0924874699994147,-0.00775779005428751,0.0137695395186679));
#949=CARTESIAN_POINT('',(-3.11060286983427E-19,-0.00254,0.01905));
#950=CARTESIAN_POINT('',(-0.00846598400586069,-0.00311518547979717,0.0188053798591495));
#951=CARTESIAN_POINT('',(-0.0253953083856281,-0.00426537682899856,0.0183162159637987));
#952=CARTESIAN_POINT('',(-0.0507998039237535,-0.00622915409096618,0.0170802351988962));
#953=CARTESIAN_POINT('',(-0.076199298434876,-0.00764146352922766,0.015244041674643));
#954=CARTESIAN_POINT('',(-0.0931332208988583,-0.00777213273478607,0.0137147434613509));
#955=CARTESIAN_POINT('',(-0.1016,-0.00783746593216772,0.0129501108028953));
#956=CARTESIAN_POINT('',(-0.00272129672046785,-0.00210179629854725,-0.0032271133142015));
#957=CARTESIAN_POINT('',(-0.0102802036515345,-0.000885274817173475,-0.00330424669300307));
#958=CARTESIAN_POINT('',(-0.0263028452513001,0.00167562097329322,-0.00343030217605107));
#959=CARTESIAN_POINT('',(-0.0507998039237535,0.00505378231801686,-0.00249103296742604));
#960=CARTESIAN_POINT('',(-0.076199298434876,0.00815619381270981,-0.00029858833154803));
#961=CARTESIAN_POINT('',(-0.0931332208988583,0.00895682064683433,0.00191569232521172));
#962=CARTESIAN_POINT('',(-0.1016,0.00935712545284703,0.00302280883815143));
#963=CARTESIAN_POINT('',(-0.00272129672046785,-0.00213166034366815,-0.00216325288111991));
#964=CARTESIAN_POINT('',(-0.0102802036515345,-0.000998072634468116,-0.00224719810246122));
#965=CARTESIAN_POINT('',(-0.0263028452513001,0.00138753574103465,-0.00239021334628155));
#966=CARTESIAN_POINT('',(-0.0507998039237535,0.00451304602794145,-0.00155307722995487));
#967=CARTESIAN_POINT('',(-0.076199298434876,0.00739908889663843,0.000446294364136685));
#968=CARTESIAN_POINT('',(-0.0931332208988583,0.00815508323907761,0.00248116348506743));
#969=CARTESIAN_POINT('',(-0.1016,0.00853307227928727,0.00349857615973273));
#970=CARTESIAN_POINT('',(-0.00272129672046785,-0.00216152438878905,-0.00109939244803832));
#971=CARTESIAN_POINT('',(-0.0102802036515345,-0.00111087045176276,-0.00119014951191938));
#972=CARTESIAN_POINT('',(-0.0263028452513001,0.00109945050877609,-0.00135012451651202));
#973=CARTESIAN_POINT('',(-0.0507998039237535,0.00397230973786604,-0.000615121492483692));
#974=CARTESIAN_POINT('',(-0.076199298434876,0.00664198398056705,0.0011911770598214));
#975=CARTESIAN_POINT('',(-0.0931332208988583,0.0073533458313209,0.00304663464492315));
#976=CARTESIAN_POINT('',(-0.1016,0.0077090191057275,0.00397434348131403));
#977=CARTESIAN_POINT('',(-0.00272129672046785,-0.00219138843390994,-3.55320149567234E-5));
#978=CARTESIAN_POINT('',(-0.0102802036515345,-0.0012236682690574,-0.000133100921377539));
#979=CARTESIAN_POINT('',(-0.0263028452513001,0.000811365276517522,-0.000310035686742498));
#980=CARTESIAN_POINT('',(-0.0507998039237535,0.00343157344779063,0.000322834244987482));
#981=CARTESIAN_POINT('',(-0.076199298434876,0.00588487906449567,0.00193605975550611));
#982=CARTESIAN_POINT('',(-0.0931332208988583,0.00655160842356419,0.00361210580477886));
#983=CARTESIAN_POINT('',(-0.1016,0.00688496593216774,0.00445011080289531));
#984=CARTESIAN_POINT('',(-0.00272129672046785,-0.00236923754348725,0.00630006753199422));
#985=CARTESIAN_POINT('',(-0.0102802036515345,-0.00189541221020478,0.0061619321140586));
#986=CARTESIAN_POINT('',(-0.0263028452513001,-0.00090426640807643,0.00588399702071428));
#987=CARTESIAN_POINT('',(-0.0507998039237535,0.000211330934871709,0.00590863456295706));
#988=CARTESIAN_POINT('',(-0.076199298434876,0.00137609819992122,0.00637205372855175));
#989=CARTESIAN_POINT('',(-0.0931332208988583,0.00177702803744744,0.00697965169030287));
#990=CARTESIAN_POINT('',(-0.1016,0.00197748864405592,0.00728344413622865));
#991=CARTESIAN_POINT('',(-0.00272129672046785,-0.00254708665306455,0.0126356670789452));
#992=CARTESIAN_POINT('',(-0.0102802036515345,-0.00256715615135215,0.0124569651494947));
#993=CARTESIAN_POINT('',(-0.0263028452513001,-0.00261989809267037,0.0120780297281711));
#994=CARTESIAN_POINT('',(-0.0507998039237535,-0.00300891157804726,0.0114944348809267));
#995=CARTESIAN_POINT('',(-0.076199298434876,-0.00313268266465321,0.0108080477015974));
#996=CARTESIAN_POINT('',(-0.0931332208988583,-0.00299755234866932,0.0103471975758269));
#997=CARTESIAN_POINT('',(-0.1016,-0.00292998864405591,0.010116777469562));
#998=CARTESIAN_POINT('',(-0.00272129672046785,-0.00272493576264186,0.0189712666258961));
#999=CARTESIAN_POINT('',(-0.0102802036515345,-0.00323890009249953,0.0187519981849309));
#1000=CARTESIAN_POINT('',(-0.0263028452513001,-0.00433552977726433,0.0182720624356278));
#1001=CARTESIAN_POINT('',(-0.0507998039237535,-0.00622915409096618,0.0170802351988962));
#1002=CARTESIAN_POINT('',(-0.076199298434876,-0.00764146352922766,0.015244041674643));
#1003=CARTESIAN_POINT('',(-0.0931332208988583,-0.00777213273478608,0.0137147434613509));
#1004=CARTESIAN_POINT('',(-0.1016,-0.00783746593216772,0.0129501108028953));
#1005=CARTESIAN_POINT('',(-0.0924874699994147,-0.00775779005428751,0.0137695395186679));
#1006=CARTESIAN_POINT('',(-0.093646297132924,-0.00777030287505659,0.0136662296286365));
#1007=CARTESIAN_POINT('',(-0.0959028887626568,-0.00745346095983712,0.0132222961026751));
#1008=CARTESIAN_POINT('',(-0.098841410838243,-0.00593122322234577,0.012007508246558));
#1009=CARTESIAN_POINT('',(-0.10088369077539,-0.00351926559242105,0.0104588404488491));
#1010=CARTESIAN_POINT('',(-0.101480976005013,-0.00156550357785136,0.00932796168448316));
#1011=CARTESIAN_POINT('',(-0.10157109243985,-0.000560625418397772,0.0087484712244864));
#1012=CARTESIAN_POINT('',(-0.101571092439849,-0.000560625418397756,0.00874847122448639));
#1013=CARTESIAN_POINT('',(-0.101571092439849,-0.000560625418397751,0.00874847122448639));
#1014=CARTESIAN_POINT('',(-0.101479626188257,0.000458360560478934,0.00815860634155663));
#1015=CARTESIAN_POINT('',(-0.100869010138623,0.00243025526440616,0.00700232958705263));
#1016=CARTESIAN_POINT('',(-0.0987687912698098,0.0048389775391606,0.0053957265433794));
#1017=CARTESIAN_POINT('',(-0.0957685118301795,0.00630364560903271,0.00412494117786427));
#1018=CARTESIAN_POINT('',(-0.0934551240836578,0.00655684301507175,0.00364857724796556));
#1019=CARTESIAN_POINT('',(-0.0922807022734945,0.00650608087364982,0.00353514092881467));
#1020=CARTESIAN_POINT('',(-0.0922807022734945,0.00650608087364982,0.00353514092881468));
#1021=CARTESIAN_POINT('',(-3.11060286983427E-19,-0.00254,0.));
#1022=CARTESIAN_POINT('',(-0.00846598400586069,-0.00145512219872168,-0.000111172094527371));
#1023=CARTESIAN_POINT('',(-0.0253953083856281,0.000714294634281461,-0.000333481568408866));
#1024=CARTESIAN_POINT('',(-0.0507998039237535,0.00343157344779063,0.00032283424498748));
#1025=CARTESIAN_POINT('',(-0.076199298434876,0.00588487906449568,0.00193605975550612));
#1026=CARTESIAN_POINT('',(-0.0931332208988583,0.00655160842356419,0.00361210580477888));
#1027=CARTESIAN_POINT('',(-0.1016,0.00688496593216775,0.00445011080289533));
#1028=CARTESIAN_POINT('',(-0.0167358305161703,-0.00042105013701188,-0.000172549883151853));
#1029=CARTESIAN_POINT('',(-0.0167358305161703,-0.000421050137011877,-0.000172549883151854));
#1030=CARTESIAN_POINT('',(-0.0158479863935639,-0.000530737983533312,-0.000168405451252831));
#1031=CARTESIAN_POINT('',(-0.0140909974497607,-0.000645617193723758,-0.000768616755542626));
#1032=CARTESIAN_POINT('',(-0.0130477646987381,-0.000584548301852286,-0.00231293804707758));
#1033=CARTESIAN_POINT('',(-0.0128218619062595,-0.00050493278577056,-0.00317500000000066));
#1034=CARTESIAN_POINT('',(-0.0128218619062585,-0.00050493278577081,-0.003175));
#1035=CARTESIAN_POINT('',(-0.0126891163697942,-0.000525666960945769,-0.00317500000000023));
#1036=CARTESIAN_POINT('',(-0.0127333646920456,-0.000518754353410689,-0.00317500000000023));
#1037=CARTESIAN_POINT('',(-0.0127776132042792,-0.000511842962190474,-0.003175));
#1038=CARTESIAN_POINT('',(-0.0128218619062585,-0.000504932785770809,-0.003175));
#1039=CARTESIAN_POINT('',(-0.0155443624467654,0.00360518392957222,0.000468330288182596));
#1040=CARTESIAN_POINT('',(-0.0188293464162071,0.00383412959094834,0.000575409960403468));
#1041=CARTESIAN_POINT('',(-0.0305791124388895,0.00466608687321151,0.000985986725651984));
#1042=CARTESIAN_POINT('',(-0.0507998039237535,0.00622915409096621,0.00196976480110376));
#1043=CARTESIAN_POINT('',(-0.0733149972213277,0.00748108530497209,0.00359744491545451));
#1044=CARTESIAN_POINT('',(-0.0873641979510627,0.00770408883445917,0.00482310964517856));
#1045=CARTESIAN_POINT('',(-0.0929464201909369,0.0077626756899656,0.00532140241825821));
#1046=CARTESIAN_POINT('',(-0.0155443624467654,0.00221391265226441,0.000256791067888445));
#1047=CARTESIAN_POINT('',(-0.0188293464162071,0.00250251493109552,0.000321793698324403));
#1048=CARTESIAN_POINT('',(-0.0305791124388895,0.00353364363766078,0.00059080451901899));
#1049=CARTESIAN_POINT('',(-0.0507998039237535,0.00529662720990768,0.00142078794906499));
#1050=CARTESIAN_POINT('',(-0.0733149972213277,0.00685615286796087,0.00298258528339676));
#1051=CARTESIAN_POINT('',(-0.0873641979510627,0.00723484487109319,0.00423491833643718));
#1052=CARTESIAN_POINT('',(-0.0929464201909369,0.00735334262646416,0.00474745254572773));
#1053=CARTESIAN_POINT('',(-0.0155443624467654,0.000822641374956597,4.52518475942938E-5));
#1054=CARTESIAN_POINT('',(-0.0188293464162071,0.00117090027124269,6.81774362453375E-5));
#1055=CARTESIAN_POINT('',(-0.0305791124388895,0.00240120040211004,0.000195622312385997));
#1056=CARTESIAN_POINT('',(-0.0507998039237535,0.00436410032884917,0.000871811097026242));
#1057=CARTESIAN_POINT('',(-0.0733149972213277,0.00623122043094962,0.00236772565133898));
#1058=CARTESIAN_POINT('',(-0.0873641979510627,0.0067656009077272,0.0036467270276958));
#1059=CARTESIAN_POINT('',(-0.0929464201909369,0.00694400956296273,0.00417350267319725));
#1060=CARTESIAN_POINT('',(-0.0155443624467654,-0.000568629902351209,-0.000166287372699856));
#1061=CARTESIAN_POINT('',(-0.0188293464162071,-0.000160714388610132,-0.000185438825833727));
#1062=CARTESIAN_POINT('',(-0.0305791124388895,0.0012687571665593,-0.000199559894246996));
#1063=CARTESIAN_POINT('',(-0.0507998039237535,0.00343157344779063,0.00032283424498748));
#1064=CARTESIAN_POINT('',(-0.0733149972213277,0.00560628799393841,0.00175286601928123));
#1065=CARTESIAN_POINT('',(-0.0873641979510627,0.00629635694436122,0.00305853571895442));
#1066=CARTESIAN_POINT('',(-0.0929464201909369,0.0065346764994613,0.00359955280066677));
#1067=CARTESIAN_POINT('',(-0.01600312701838,0.003637181321462,0.000483335116348961));
#1068=CARTESIAN_POINT('',(-0.0164070654304398,0.0023161498164568,0.000284496463230278));
#1069=CARTESIAN_POINT('',(-0.0166563458065432,0.000953310834892055,5.68872275569756E-5));
#1070=CARTESIAN_POINT('',(-0.0167358305161703,-0.000421050137011879,-0.000172549883151853));
#1071=CARTESIAN_POINT('',(-0.0922807022734928,0.00650608087364975,0.00353514092881451));
#1072=CARTESIAN_POINT('',(-0.0923495314648806,0.00692454665735201,0.00411604227301448));
#1073=CARTESIAN_POINT('',(-0.0924184677340762,0.00734178603027096,0.00469781412089219));
#1074=CARTESIAN_POINT('',(-0.0924874699994131,0.00775779005428752,0.00528046048133195));
#1075=CARTESIAN_POINT('',(0.0155443666287581,-0.00360518422103454,0.000468330424501807));
#1076=CARTESIAN_POINT('',(0.0188293492043623,-0.00383412978836726,0.000575410057831093));
#1077=CARTESIAN_POINT('',(0.0305791138334351,-0.00466608698101042,0.000985986793499482));
#1078=CARTESIAN_POINT('',(0.0507998039237535,-0.00622915409096621,0.00196976480110376));
#1079=CARTESIAN_POINT('',(0.0733149972130103,-0.0074810853045096,0.00359744491485322));
#1080=CARTESIAN_POINT('',(0.0873641979344268,-0.0077040888341951,0.00482310964372723));
#1081=CARTESIAN_POINT('',(0.0929464201659828,-0.00776267568970369,0.0053214024160307));
#1082=CARTESIAN_POINT('',(0.0155443666287581,-0.00221391301967339,0.000256791150640918));
#1083=CARTESIAN_POINT('',(0.0188293492043623,-0.00250251517577672,0.000321793762159204));
#1084=CARTESIAN_POINT('',(0.0305791138334351,-0.00353364375924716,0.000590804576259846));
#1085=CARTESIAN_POINT('',(0.0507998039237535,-0.00529662720990768,0.00142078794906499));
#1086=CARTESIAN_POINT('',(0.0733149972130103,-0.00685615286738475,0.00298258528281981));
#1087=CARTESIAN_POINT('',(0.0873641979344268,-0.00723484487064477,0.00423491833495427));
#1088=CARTESIAN_POINT('',(0.0929464201659828,-0.00735334262593444,0.00474745254343656));
#1089=CARTESIAN_POINT('',(0.0155443666287581,-0.000822641818312232,4.52518767800275E-5));
#1090=CARTESIAN_POINT('',(0.0188293492043623,-0.00117090056318619,6.81774664873139E-5));
#1091=CARTESIAN_POINT('',(0.0305791138334351,-0.00240120053748391,0.000195622359020211));
#1092=CARTESIAN_POINT('',(0.0507998039237535,-0.00436410032884915,0.000871811097026242));
#1093=CARTESIAN_POINT('',(0.0733149972130103,-0.00623122043025987,0.00236772565078637));
#1094=CARTESIAN_POINT('',(0.0873641979344268,-0.00676560090709442,0.00364672702618131));
#1095=CARTESIAN_POINT('',(0.0929464201659828,-0.00694400956216518,0.00417350267084241));
#1096=CARTESIAN_POINT('',(0.0155443666287581,0.000568629383048924,-0.000166287397080861));
#1097=CARTESIAN_POINT('',(0.0188293492043623,0.000160714049404348,-0.000185438829184575));
#1098=CARTESIAN_POINT('',(0.0305791138334351,-0.00126875731572065,-0.000199559858219424));
#1099=CARTESIAN_POINT('',(0.0507998039237535,-0.00343157344779062,0.00032283424498748));
#1100=CARTESIAN_POINT('',(0.0733149972130103,-0.00560628799313503,0.00175286601875296));
#1101=CARTESIAN_POINT('',(0.0873641979344268,-0.00629635694354409,0.00305853571740835));
#1102=CARTESIAN_POINT('',(0.0929464201659828,-0.00653467649839593,0.00359955279824827));
#1103=CARTESIAN_POINT('',(0.,-0.00254,0.));
#1104=CARTESIAN_POINT('',(0.00846598400586069,-0.00311518547979716,0.000244620140850551));
#1105=CARTESIAN_POINT('',(0.0253953083856281,-0.00426537682899854,0.000733784036201233));
#1106=CARTESIAN_POINT('',(0.0507998039237535,-0.0062291540909662,0.00196976480110376));
#1107=CARTESIAN_POINT('',(0.076199298434876,-0.00764146352922766,0.00380595832535697));
#1108=CARTESIAN_POINT('',(0.0931332208988583,-0.00777213273478609,0.00533525653864911));
#1109=CARTESIAN_POINT('',(0.1016,-0.00783746593216773,0.00609988919710468));
#1110=CARTESIAN_POINT('',(0.016003131175453,-0.00363718161162419,0.000483335252777573));
#1111=CARTESIAN_POINT('',(0.0924874699994147,-0.00775779005428752,0.00528046048133209));
#1112=CARTESIAN_POINT('',(0.016003131175453,-0.00363718161162419,0.000483335252777574));
#1113=CARTESIAN_POINT('',(0.0164070696262839,-0.00231615018875607,0.000284496551017485));
#1114=CARTESIAN_POINT('',(0.0166563501160268,-0.000953311308610113,5.68872680436459E-5));
#1115=CARTESIAN_POINT('',(0.0167358350095669,0.000421049581879544,-0.000172549904126895));
#1116=CARTESIAN_POINT('',(0.0167358350095669,0.000421049581879544,-0.000172549904126895));
#1117=CARTESIAN_POINT('',(0.,0.00254,0.));
#1118=CARTESIAN_POINT('',(0.00846598400586069,0.00145512219872168,-0.000111172094527371));
#1119=CARTESIAN_POINT('',(0.0253953083856281,-0.000714294634281458,-0.000333481568408866));
#1120=CARTESIAN_POINT('',(0.0507998039237535,-0.00343157344779062,0.00032283424498748));
#1121=CARTESIAN_POINT('',(0.076199298434876,-0.00588487906449567,0.00193605975550612));
#1122=CARTESIAN_POINT('',(0.0931332208988583,-0.00655160842356418,0.00361210580477888));
#1123=CARTESIAN_POINT('',(0.1016,-0.00688496593216773,0.00445011080289533));
#1124=CARTESIAN_POINT('',(0.0922807022734945,-0.00650608087364981,0.00353514092881468));
#1125=CARTESIAN_POINT('',(0.0922807022734928,-0.00650608087364974,0.00353514092881451));
#1126=CARTESIAN_POINT('',(0.0923495314648806,-0.006924546657352,0.00411604227301448));
#1127=CARTESIAN_POINT('',(0.0924184677340762,-0.00734178603027095,0.00469781412089219));
#1128=CARTESIAN_POINT('',(0.0924874699994131,-0.00775779005428751,0.00528046048133195));
#1129=CARTESIAN_POINT('',(0.00272129672046785,0.00210179629854725,-0.0032271133142015));
#1130=CARTESIAN_POINT('',(0.0102802036515345,0.000885274817173476,-0.00330424669300307));
#1131=CARTESIAN_POINT('',(0.0263028452513001,-0.00167562097329321,-0.00343030217605106));
#1132=CARTESIAN_POINT('',(0.0507998039237535,-0.00505378231801685,-0.00249103296742604));
#1133=CARTESIAN_POINT('',(0.076199298434876,-0.0081561938127098,-0.000298588331548028));
#1134=CARTESIAN_POINT('',(0.0931332208988583,-0.00895682064683431,0.00191569232521172));
#1135=CARTESIAN_POINT('',(0.1016,-0.00935712545284702,0.00302280883815143));
#1136=CARTESIAN_POINT('',(0.00272129672046785,0.00213166034366815,-0.00216325288111991));
#1137=CARTESIAN_POINT('',(0.0102802036515345,0.000998072634468117,-0.00224719810246122));
#1138=CARTESIAN_POINT('',(0.0263028452513001,-0.00138753574103465,-0.00239021334628155));
#1139=CARTESIAN_POINT('',(0.0507998039237535,-0.00451304602794144,-0.00155307722995487));
#1140=CARTESIAN_POINT('',(0.076199298434876,-0.00739908889663842,0.000446294364136685));
#1141=CARTESIAN_POINT('',(0.0931332208988583,-0.0081550832390776,0.00248116348506743));
#1142=CARTESIAN_POINT('',(0.1016,-0.00853307227928726,0.00349857615973273));
#1143=CARTESIAN_POINT('',(0.00272129672046785,0.00216152438878905,-0.00109939244803832));
#1144=CARTESIAN_POINT('',(0.0102802036515345,0.00111087045176276,-0.00119014951191938));
#1145=CARTESIAN_POINT('',(0.0263028452513001,-0.00109945050877608,-0.00135012451651202));
#1146=CARTESIAN_POINT('',(0.0507998039237535,-0.00397230973786604,-0.000615121492483692));
#1147=CARTESIAN_POINT('',(0.076199298434876,-0.00664198398056704,0.0011911770598214));
#1148=CARTESIAN_POINT('',(0.0931332208988583,-0.00735334583132089,0.00304663464492315));
#1149=CARTESIAN_POINT('',(0.1016,-0.00770901910572749,0.00397434348131403));
#1150=CARTESIAN_POINT('',(0.00272129672046785,0.00219138843390994,-3.55320149567234E-5));
#1151=CARTESIAN_POINT('',(0.0102802036515345,0.0012236682690574,-0.000133100921377539));
#1152=CARTESIAN_POINT('',(0.0263028452513001,-0.000811365276517519,-0.000310035686742498));
#1153=CARTESIAN_POINT('',(0.0507998039237535,-0.00343157344779063,0.000322834244987482));
#1154=CARTESIAN_POINT('',(0.076199298434876,-0.00588487906449566,0.00193605975550611));
#1155=CARTESIAN_POINT('',(0.0931332208988583,-0.00655160842356418,0.00361210580477886));
#1156=CARTESIAN_POINT('',(0.1016,-0.00688496593216773,0.00445011080289531));
#1157=CARTESIAN_POINT('',(0.00272129672046785,0.00236923754348725,0.00630006753199422));
#1158=CARTESIAN_POINT('',(0.0102802036515345,0.00189541221020478,0.0061619321140586));
#1159=CARTESIAN_POINT('',(0.0263028452513001,0.000904266408076433,0.00588399702071428));
#1160=CARTESIAN_POINT('',(0.0507998039237535,-0.000211330934871702,0.00590863456295706));
#1161=CARTESIAN_POINT('',(0.076199298434876,-0.00137609819992121,0.00637205372855175));
#1162=CARTESIAN_POINT('',(0.0931332208988583,-0.00177702803744742,0.00697965169030287));
#1163=CARTESIAN_POINT('',(0.1016,-0.00197748864405591,0.00728344413622865));
#1164=CARTESIAN_POINT('',(0.00272129672046785,0.00254708665306455,0.0126356670789452));
#1165=CARTESIAN_POINT('',(0.0102802036515345,0.00256715615135215,0.0124569651494947));
#1166=CARTESIAN_POINT('',(0.0263028452513001,0.00261989809267038,0.0120780297281711));
#1167=CARTESIAN_POINT('',(0.0507998039237535,0.00300891157804726,0.0114944348809267));
#1168=CARTESIAN_POINT('',(0.076199298434876,0.00313268266465322,0.0108080477015974));
#1169=CARTESIAN_POINT('',(0.0931332208988583,0.00299755234866934,0.0103471975758269));
#1170=CARTESIAN_POINT('',(0.1016,0.00292998864405592,0.010116777469562));
#1171=CARTESIAN_POINT('',(0.00272129672046785,0.00272493576264186,0.0189712666258961));
#1172=CARTESIAN_POINT('',(0.0102802036515345,0.00323890009249953,0.0187519981849309));
#1173=CARTESIAN_POINT('',(0.0263028452513001,0.00433552977726433,0.0182720624356278));
#1174=CARTESIAN_POINT('',(0.0507998039237535,0.00622915409096619,0.0170802351988962));
#1175=CARTESIAN_POINT('',(0.076199298434876,0.00764146352922767,0.015244041674643));
#1176=CARTESIAN_POINT('',(0.0931332208988583,0.00777213273478609,0.0137147434613509));
#1177=CARTESIAN_POINT('',(0.1016,0.00783746593216774,0.0129501108028953));
#1178=CARTESIAN_POINT('',(0.,0.00254,0.01905));
#1179=CARTESIAN_POINT('',(0.00846598400586069,0.00311518547979717,0.0188053798591495));
#1180=CARTESIAN_POINT('',(0.0253953083856281,0.00426537682899856,0.0183162159637987));
#1181=CARTESIAN_POINT('',(0.0507998039237535,0.00622915409096618,0.0170802351988962));
#1182=CARTESIAN_POINT('',(0.076199298434876,0.00764146352922767,0.015244041674643));
#1183=CARTESIAN_POINT('',(0.0931332208988583,0.00777213273478609,0.0137147434613509));
#1184=CARTESIAN_POINT('',(0.1016,0.00783746593216773,0.0129501108028953));
#1185=CARTESIAN_POINT('',(0.0924874699994148,0.00775779005428752,0.0137695395186679));
#1186=CARTESIAN_POINT('',(0.0924874699994148,0.00775779005428753,0.0137695395186679));
#1187=CARTESIAN_POINT('',(0.0936458855186076,0.00777029843051434,0.013666266324213));
#1188=CARTESIAN_POINT('',(0.0959091238461771,0.00745191270219308,0.0132206760612311));
#1189=CARTESIAN_POINT('',(0.0988420846761876,0.00592976043359881,0.0120066262672301));
#1190=CARTESIAN_POINT('',(0.100883554373454,0.00351971276609283,0.0104591054098556));
#1191=CARTESIAN_POINT('',(0.101481008878886,0.0015651370050205,0.0093277502902396));
#1192=CARTESIAN_POINT('',(0.101571092439849,0.000560625418397672,0.00874847122448633));
#1193=CARTESIAN_POINT('',(0.10157109243985,0.00056062541839769,0.00874847122448634));
#1194=CARTESIAN_POINT('',(0.10157109243985,0.000560625418397686,0.00874847122448634));
#1195=CARTESIAN_POINT('',(0.101479597298832,-0.000458682405075638,0.0081584200339633));
#1196=CARTESIAN_POINT('',(0.100871355366062,-0.00242522341995686,0.00700538970621216));
#1197=CARTESIAN_POINT('',(0.0987703931079852,-0.0048386743635718,0.00539614056131094));
#1198=CARTESIAN_POINT('',(0.0957678777367009,-0.00630372731566956,0.00412480410853911));
#1199=CARTESIAN_POINT('',(0.0934555164436897,-0.00655685997408532,0.00364861514565906));
#1200=CARTESIAN_POINT('',(0.0922807022734945,-0.00650608087364981,0.00353514092881467));
#1201=CARTESIAN_POINT('',(0.0167358350095669,0.000421049581879542,-0.000172549904126894));
#1202=CARTESIAN_POINT('',(0.0158479904967483,0.000530737474415965,-0.000168405474440744));
#1203=CARTESIAN_POINT('',(0.0140910008144964,0.000645616773597288,-0.00076861657667397));
#1204=CARTESIAN_POINT('',(0.0130477666165766,0.000584548037111088,-0.0023129378584576));
#1205=CARTESIAN_POINT('',(0.0128218629576197,0.000504932621583074,-0.00317500000000049));
#1206=CARTESIAN_POINT('',(0.0128218629576186,0.000504932621583304,-0.003175));
#1207=CARTESIAN_POINT('',(0.0126891163697942,0.000525666960945771,-0.00317500000000023));
#1208=CARTESIAN_POINT('',(0.012733365042496,0.000518754298662266,-0.00317500000000023));
#1209=CARTESIAN_POINT('',(0.012777613905183,0.000511842852712893,-0.003175));
#1210=CARTESIAN_POINT('',(0.0128218629576186,0.000504932621583301,-0.003175));
#1211=CARTESIAN_POINT('',(0.0117616915179816,0.00334303546597177,0.018701841198047));
#1212=CARTESIAN_POINT('',(0.0163074152860732,0.00365644015543306,0.0185608590768412));
#1213=CARTESIAN_POINT('',(0.0293177009264897,0.00456857927884432,0.0181253835292154));
#1214=CARTESIAN_POINT('',(0.0507998039237535,0.00622915409096618,0.0170802351988962));
#1215=CARTESIAN_POINT('',(0.073322520094536,0.00748150360561308,0.015452011237066));
#1216=CARTESIAN_POINT('',(0.0873792446924412,0.0077043275119356,0.0142255776035413));
#1217=CARTESIAN_POINT('',(0.0929689905048485,0.00776291240776064,0.0137265827985426));
#1218=CARTESIAN_POINT('',(0.0117616915179816,0.00188145582904344,0.0188639138340346));
#1219=CARTESIAN_POINT('',(0.0163074152860732,0.00228111965609829,0.01878348867306));
#1220=CARTESIAN_POINT('',(0.0293177009264897,0.00342366481839694,0.0185109716852985));
#1221=CARTESIAN_POINT('',(0.0507998039237535,0.00529662720990765,0.017629212050935));
#1222=CARTESIAN_POINT('',(0.073322520094536,0.00685667394338027,0.0160668928821616));
#1223=CARTESIAN_POINT('',(0.0873792446924412,0.00723525028105666,0.0148137403309835));
#1224=CARTESIAN_POINT('',(0.0929689905048485,0.00735382156832551,0.0143004750695555));
#1225=CARTESIAN_POINT('',(0.0117616915179816,0.00041987619211512,0.0190259864700221));
#1226=CARTESIAN_POINT('',(0.0163074152860732,0.000905799156763526,0.0190061182692787));
#1227=CARTESIAN_POINT('',(0.0293177009264897,0.00227875035794955,0.0188965598413816));
#1228=CARTESIAN_POINT('',(0.0507998039237535,0.00436410032884914,0.0181781889029738));
#1229=CARTESIAN_POINT('',(0.073322520094536,0.00623184428114745,0.0166817745272571));
#1230=CARTESIAN_POINT('',(0.0873792446924412,0.00676617305017771,0.0154019030584256));
#1231=CARTESIAN_POINT('',(0.0929689905048485,0.00694473072889038,0.0148743673405684));
#1232=CARTESIAN_POINT('',(0.0117616915179816,-0.0010417034448132,0.0191880591060097));
#1233=CARTESIAN_POINT('',(0.0163074152860732,-0.000469521342571241,0.0192287478654975));
#1234=CARTESIAN_POINT('',(0.0293177009264897,0.00113383589750217,0.0192821479974646));
#1235=CARTESIAN_POINT('',(0.0507998039237535,0.00343157344779061,0.0187271657550125));
#1236=CARTESIAN_POINT('',(0.073322520094536,0.00560701461891464,0.0172966561723526));
#1237=CARTESIAN_POINT('',(0.0873792446924412,0.00629709581929877,0.0159900657858678));
#1238=CARTESIAN_POINT('',(0.0929689905048485,0.00653563988945525,0.0154482596115813));
#1239=CARTESIAN_POINT('',(0.,-0.00254,0.01905));
#1240=CARTESIAN_POINT('',(0.00846598400586069,-0.00145512219872167,0.0191611720945274));
#1241=CARTESIAN_POINT('',(0.0253953083856281,0.000714294634281488,0.0193834815684088));
#1242=CARTESIAN_POINT('',(0.0507998039237535,0.00343157344779061,0.0187271657550125));
#1243=CARTESIAN_POINT('',(0.076199298434876,0.00588487906449567,0.0171139402444938));
#1244=CARTESIAN_POINT('',(0.0931332208988583,0.00655160842356418,0.0154378941952212));
#1245=CARTESIAN_POINT('',(0.1016,0.00688496593216773,0.0145998891971047));
#1246=CARTESIAN_POINT('',(0.0922807022734945,0.00650608087364981,0.0155148590711853));
#1247=CARTESIAN_POINT('',(0.0922807022734928,0.00650608087364973,0.0155148590711855));
#1248=CARTESIAN_POINT('',(0.0923495314648806,0.00692454665735199,0.0149339577269855));
#1249=CARTESIAN_POINT('',(0.0924184677340762,0.00734178603027095,0.0143521858791078));
#1250=CARTESIAN_POINT('',(0.0924874699994131,0.00775779005428751,0.0137695395186681));
#1251=CARTESIAN_POINT('',(0.00257895008343121,-0.00220961308484533,0.0190836929946964));
#1252=CARTESIAN_POINT('',(0.0101853037481523,-0.00123572431158758,0.0191820477767002));
#1253=CARTESIAN_POINT('',(0.026255373544483,0.00080628767665017,0.0193612621008559));
#1254=CARTESIAN_POINT('',(0.0507998039237535,0.0034315734477906,0.0187271657550125));
#1255=CARTESIAN_POINT('',(0.076199298434876,0.00588487906449568,0.0171139402444938));
#1256=CARTESIAN_POINT('',(0.0931332208988583,0.00655160842356418,0.0154378941952212));
#1257=CARTESIAN_POINT('',(0.1016,0.00688496593216772,0.0145998891971047));
#1258=CARTESIAN_POINT('',(0.00257895008343121,-0.00237816117761736,0.0127473303362477));
#1259=CARTESIAN_POINT('',(0.0101853037481523,-0.00190128492469897,0.0128864191345724));
#1260=CARTESIAN_POINT('',(0.026255373544483,-0.00090642828093166,0.013166050723424));
#1261=CARTESIAN_POINT('',(0.0507998039237535,0.000211330934871664,0.0131413654370429));
#1262=CARTESIAN_POINT('',(0.076199298434876,0.00137609819992123,0.0126779462714482));
#1263=CARTESIAN_POINT('',(0.0931332208988583,0.00177702803744743,0.0120703483096971));
#1264=CARTESIAN_POINT('',(0.1016,0.00197748864405591,0.0117665558637714));
#1265=CARTESIAN_POINT('',(0.00257895008343121,-0.00254670927038939,0.00641096767779896));
#1266=CARTESIAN_POINT('',(0.0101853037481523,-0.00256684553781035,0.00659079049244463));
#1267=CARTESIAN_POINT('',(0.026255373544483,-0.00261914423851349,0.00697083934599203));
#1268=CARTESIAN_POINT('',(0.0507998039237535,-0.00300891157804726,0.00755556511907335));
#1269=CARTESIAN_POINT('',(0.076199298434876,-0.00313268266465321,0.0082419522984026));
#1270=CARTESIAN_POINT('',(0.0931332208988583,-0.00299755234866934,0.00870280242417312));
#1271=CARTESIAN_POINT('',(0.1016,-0.00292998864405592,0.00893322253043802));
#1272=CARTESIAN_POINT('',(0.00257895008343121,-0.00271525736316142,7.46050193502226E-5));
#1273=CARTESIAN_POINT('',(0.0101853037481523,-0.00323240615092174,0.000295161850316812));
#1274=CARTESIAN_POINT('',(0.026255373544483,-0.00433186019609532,0.000775627968560061));
#1275=CARTESIAN_POINT('',(0.0507998039237535,-0.0062291540909662,0.00196976480110376));
#1276=CARTESIAN_POINT('',(0.076199298434876,-0.00764146352922766,0.00380595832535697));
#1277=CARTESIAN_POINT('',(0.0931332208988583,-0.00777213273478609,0.00533525653864911));
#1278=CARTESIAN_POINT('',(0.1016,-0.00783746593216773,0.00609988919710468));
#1279=CARTESIAN_POINT('',(0.00257895008343121,-0.00274808962824631,-0.00115968446476487));
#1280=CARTESIAN_POINT('',(0.0101853037481523,-0.00336205379107208,-0.000931192865745885));
#1281=CARTESIAN_POINT('',(0.026255373544483,-0.00466548808478642,-0.000431166002558147));
#1282=CARTESIAN_POINT('',(0.0507998039237535,-0.00685644007256898,0.000881680838036447));
#1283=CARTESIAN_POINT('',(0.076199298434876,-0.00851974987540186,0.00294185047552808));
#1284=CARTESIAN_POINT('',(0.0931332208988583,-0.00870219540311967,0.00467927664958214));
#1285=CARTESIAN_POINT('',(0.1016,-0.00879341620470675,0.00554797104992239));
#1286=CARTESIAN_POINT('',(0.00257895008343121,-0.0027809218933312,-0.00239397394887997));
#1287=CARTESIAN_POINT('',(0.0101853037481523,-0.00349170143122241,-0.00215754758180858));
#1288=CARTESIAN_POINT('',(0.026255373544483,-0.00499911597347752,-0.00163795997367635));
#1289=CARTESIAN_POINT('',(0.0507998039237535,-0.00748372605417176,-0.000206403125030865));
#1290=CARTESIAN_POINT('',(0.076199298434876,-0.00939803622157607,0.0020777426256992));
#1291=CARTESIAN_POINT('',(0.0931332208988583,-0.00963225807145325,0.00402329676051516));
#1292=CARTESIAN_POINT('',(0.1016,-0.00974936647724576,0.0049960529027401));
#1293=CARTESIAN_POINT('',(0.00257895008343121,-0.00281375415841609,-0.00362826343299507));
#1294=CARTESIAN_POINT('',(0.0101853037481523,-0.00362134907137275,-0.00338390229787128));
#1295=CARTESIAN_POINT('',(0.026255373544483,-0.00533274386216862,-0.00284475394479456));
#1296=CARTESIAN_POINT('',(0.0507998039237535,-0.00811101203577454,-0.00129448708809818));
#1297=CARTESIAN_POINT('',(0.076199298434876,-0.0102763225677503,0.00121363477587031));
#1298=CARTESIAN_POINT('',(0.0931332208988583,-0.0105623207397868,0.00336731687144818));
#1299=CARTESIAN_POINT('',(0.1016,-0.0107053167497848,0.0044441347555578));
#1300=CARTESIAN_POINT('',(0.0924874699994147,-0.00775779005428753,0.00528046048133209));
#1301=CARTESIAN_POINT('',(0.093646297132924,-0.0077703028750566,0.00538377037136351));
#1302=CARTESIAN_POINT('',(0.0959028887626569,-0.00745346095983715,0.0058277038973249));
#1303=CARTESIAN_POINT('',(0.098841410838243,-0.0059312232223457,0.00704249175344208));
#1304=CARTESIAN_POINT('',(0.10088369077539,-0.00351926559242099,0.00859115955115096));
#1305=CARTESIAN_POINT('',(0.101480976005013,-0.00156550357785124,0.00972203831551693));
#1306=CARTESIAN_POINT('',(0.10157109243985,-0.000560625418397633,0.0103015287755137));
#1307=CARTESIAN_POINT('',(0.101571092439849,-0.000560625418397614,0.0103015287755137));
#1308=CARTESIAN_POINT('',(0.10157109243985,-0.000560625418397606,0.0103015287755137));
#1309=CARTESIAN_POINT('',(0.101479626188257,0.000458360560479077,0.0108913936584435));
#1310=CARTESIAN_POINT('',(0.100869010138623,0.00243025526440621,0.0120476704129474));
#1311=CARTESIAN_POINT('',(0.0987687912698098,0.00483897753916064,0.0136542734566206));
#1312=CARTESIAN_POINT('',(0.0957685118301794,0.0063036456090327,0.0149250588221357));
#1313=CARTESIAN_POINT('',(0.0934551240836578,0.00655684301507174,0.0154014227520345));
#1314=CARTESIAN_POINT('',(0.0922807022734945,0.00650608087364981,0.0155148590711853));
#1315=CARTESIAN_POINT('',(0.0121143573201156,-0.00381213151931371,-0.00317500000000002));
#1316=CARTESIAN_POINT('',(0.0121149822480028,-0.0038122002623596,-0.00317500000000002));
#1317=CARTESIAN_POINT('',(0.0121156071758107,-0.00381226900595256,-0.003175));
#1318=CARTESIAN_POINT('',(0.012116232103539,-0.00381233775009259,-0.003175));
#1319=CARTESIAN_POINT('',(0.0121162321035386,-0.00381233775009496,-0.003175));
#1320=CARTESIAN_POINT('',(0.0121162321035385,-0.00381233775009256,-0.00317500000000027));
#1321=CARTESIAN_POINT('',(0.0121842659828485,-0.0036969707847573,-0.0021989873333768));
#1322=CARTESIAN_POINT('',(0.0130992551956057,-0.00355141101877585,-0.000336449163279982));
#1323=CARTESIAN_POINT('',(0.0150213918029986,-0.00356865655699691,0.000451116105759889));
#1324=CARTESIAN_POINT('',(0.0160031311754529,-0.00363718161162419,0.000483335252777572));
#1325=CARTESIAN_POINT('',(0.,0.,-0.003175));
#1326=CARTESIAN_POINT('',(0.,-2.4492935982947E-19,-0.003175));
#1327=CARTESIAN_POINT('',(-0.004,-2.4492935982947E-19,-0.003175));
#1328=CARTESIAN_POINT('',(0.0128218629576186,0.000504932621583304,-0.003175));
#1329=CARTESIAN_POINT('',(0.012797886426378,-0.000960921221510127,-0.003175));
#1330=CARTESIAN_POINT('',(0.0125639425201517,-0.00241615339112737,-0.003175));
#1331=CARTESIAN_POINT('',(0.0121162321035386,-0.00381233775009496,-0.003175));
#1332=CARTESIAN_POINT('',(0.000525666960947609,-0.0126891163697945,-0.003175));
#1333=CARTESIAN_POINT('',(0.000518754354520069,-0.0127333646849565,-0.003175));
#1334=CARTESIAN_POINT('',(0.000511842963297158,-0.0127776131971927,-0.003175));
#1335=CARTESIAN_POINT('',(0.000504932785770805,-0.0128218619062585,-0.003175));
#1336=CARTESIAN_POINT('',(0.00050493278577081,-0.0128218619062585,-0.003175));
#1337=CARTESIAN_POINT('',(0.00050493278577081,-0.0128218619062585,-0.003175));
#1338=CARTESIAN_POINT('',(-0.000960891642429191,-0.0127978862126293,-0.003175));
#1339=CARTESIAN_POINT('',(-0.00241620116650464,-0.0125639267951225,-0.003175));
#1340=CARTESIAN_POINT('',(-0.00381233773640474,-0.0121162319790859,-0.003175));
#1341=CARTESIAN_POINT('',(-0.00381233773640474,-0.0121162319790859,-0.003175));
#1342=CARTESIAN_POINT('',(-0.00381213151931378,-0.0121143573201163,-0.00317500000000002));
#1343=CARTESIAN_POINT('',(-0.00381220025779633,-0.012114982206519,-0.00317500000000002));
#1344=CARTESIAN_POINT('',(-0.00381226899682584,-0.0121156070928424,-0.003175));
#1345=CARTESIAN_POINT('',(-0.00381233773640237,-0.0121162319790863,-0.003175));
#1346=CARTESIAN_POINT('',(-0.0128218619062585,-0.00050493278577081,-0.003175));
#1347=CARTESIAN_POINT('',(-0.0127978862126293,0.000960891642429191,-0.003175));
#1348=CARTESIAN_POINT('',(-0.0125639267951225,0.00241620116650464,-0.003175));
#1349=CARTESIAN_POINT('',(-0.0121162319790859,0.00381233773640474,-0.003175));
#1350=CARTESIAN_POINT('',(-0.000525666960947611,0.0126891163697945,-0.003175));
#1351=CARTESIAN_POINT('',(-0.000518754299771664,0.0127333650354067,-0.003175));
#1352=CARTESIAN_POINT('',(-0.0005118428538196,0.0127776138980963,-0.003175));
#1353=CARTESIAN_POINT('',(-0.000504932621583301,0.0128218629576186,-0.003175));
#1354=CARTESIAN_POINT('',(-0.000504932621583304,0.0128218629576186,-0.003175));
#1355=CARTESIAN_POINT('',(-0.000504932621583304,0.0128218629576186,-0.003175));
#1356=CARTESIAN_POINT('',(0.000960921221510127,0.012797886426378,-0.003175));
#1357=CARTESIAN_POINT('',(0.00241615339112737,0.0125639425201517,-0.003175));
#1358=CARTESIAN_POINT('',(0.00381233775009496,0.0121162321035386,-0.003175));
#1359=CARTESIAN_POINT('',(0.00381233775009496,0.0121162321035386,-0.003175));
#1360=CARTESIAN_POINT('',(0.00381213151931378,0.0121143573201162,-0.00317500000000002));
#1361=CARTESIAN_POINT('',(0.00381220026235966,0.0121149822480033,-0.00317500000000002));
#1362=CARTESIAN_POINT('',(0.00381226900595258,0.0121156071758109,-0.003175));
#1363=CARTESIAN_POINT('',(0.00381233775009259,0.012116232103539,-0.003175));
#1364=CARTESIAN_POINT('',(-0.092520297205272,-0.00795557807000646,0.0134923253760831));
#1365=CARTESIAN_POINT('',(-0.101000077951304,-0.00763347753136213,0.0132604752801));
#1366=CARTESIAN_POINT('',(-0.101577908725735,-0.000759659364509683,0.00831265554511036));
#1367=CARTESIAN_POINT('',(-0.0924398512277345,-0.00747117787679756,0.0141717288671615));
#1368=CARTESIAN_POINT('',(-0.100992473662113,-0.0072031963100404,0.013982317811314));
#1369=CARTESIAN_POINT('',(-0.10157770681154,-0.000278737965412775,0.0089858472722829));
#1370=CARTESIAN_POINT('',(-0.0923594885362309,-0.00698511334745246,0.0148499219694176));
#1371=CARTESIAN_POINT('',(-0.100984805459906,-0.0067740946024803,0.0147013727236117));
#1372=CARTESIAN_POINT('',(-0.101577504956637,0.000202901423810565,0.00965824960712903));
#1373=CARTESIAN_POINT('',(-0.0922792755444474,-0.00649740641762934,0.0155269003160781));
#1374=CARTESIAN_POINT('',(-0.100977078172074,-0.00634624701656479,0.0154175282422589));
#1375=CARTESIAN_POINT('',(-0.101577303326103,0.000685248032895151,0.0103298579406278));
#1376=CARTESIAN_POINT('',(-0.10157109243985,-0.000560625418397484,0.00874847122448619));
#1377=CARTESIAN_POINT('',(-0.101571139844273,-0.000186875510926141,0.00926615734300911));
#1378=CARTESIAN_POINT('',(-0.101571139844273,0.000186875510926222,0.00978384265699081));
#1379=CARTESIAN_POINT('',(-0.10157109243985,0.000560625418397552,0.0103015287755137));
#1380=CARTESIAN_POINT('',(-0.0925201496021485,0.00795468928502143,0.00555642804783415));
#1381=CARTESIAN_POINT('',(-0.101000063533772,0.00763269104011188,0.00578820525092872));
#1382=CARTESIAN_POINT('',(-0.101577908316053,0.000758777675848473,0.0107361092816816));
#1383=CARTESIAN_POINT('',(-0.092439753220802,0.00747058508558481,0.00487744403984869));
#1384=CARTESIAN_POINT('',(-0.100992463821878,0.00720267501446953,0.00506680860620066));
#1385=CARTESIAN_POINT('',(-0.101577706525768,0.000278151208412571,0.010063332586632));
#1386=CARTESIAN_POINT('',(-0.0923594400640032,0.00698481861006003,0.00419966893570145));
#1387=CARTESIAN_POINT('',(-0.100984800277751,0.00677383708677857,0.00434819620695362));
#1388=CARTESIAN_POINT('',(-0.101577504794792,-0.000203192360153192,0.0093913443158275));
#1389=CARTESIAN_POINT('',(-0.092279276422235,0.00649741175470896,0.00352310709223866));
#1390=CARTESIAN_POINT('',(-0.100977077720008,0.0063462517259334,0.00363247961817691));
#1391=CARTESIAN_POINT('',(-0.101577303287907,-0.000685242279681116,0.00872014906851554));
#1392=CARTESIAN_POINT('',(0.092520297205272,-0.00795557807000648,0.00555767462391686));
#1393=CARTESIAN_POINT('',(0.101000077951305,-0.00763347753136214,0.00578952471989998));
#1394=CARTESIAN_POINT('',(0.101577908725735,-0.000759659364509475,0.0107373444548899));
#1395=CARTESIAN_POINT('',(0.0924398512277633,-0.00747117787676854,0.00487827113280048));
#1396=CARTESIAN_POINT('',(0.100992473662167,-0.00720319631002955,0.00506768218863267));
#1397=CARTESIAN_POINT('',(0.101577706811544,-0.000278737965378727,0.01006415272767));
#1398=CARTESIAN_POINT('',(0.0923594885361965,-0.0069851133474389,0.00420007803056242));
#1399=CARTESIAN_POINT('',(0.100984805459835,-0.00677409460246442,0.0043486272763644));
#1400=CARTESIAN_POINT('',(0.101577504956632,0.000202901423844585,0.00939175039281962));
#1401=CARTESIAN_POINT('',(0.0922792755444474,-0.00649740641762936,0.00352309968392199));
#1402=CARTESIAN_POINT('',(0.100977078172074,-0.00634624701656481,0.00363247175774113));
#1403=CARTESIAN_POINT('',(0.101577303326104,0.000685248032895358,0.00872014205937248));
#1404=CARTESIAN_POINT('',(0.10157109243985,-0.000560625418397486,0.0103015287755138));
#1405=CARTESIAN_POINT('',(0.101571139844273,-0.000186875510926123,0.00978384265699089));
#1406=CARTESIAN_POINT('',(0.101571139844273,0.00018687551092589,0.00926615734300893));
#1407=CARTESIAN_POINT('',(0.10157109243985,0.000560625418397215,0.00874847122448599));
#1408=CARTESIAN_POINT('',(0.0925201496021485,0.00795468928502142,0.0134935719521659));
#1409=CARTESIAN_POINT('',(0.101000063533772,0.00763269104011188,0.0132617947490713));
#1410=CARTESIAN_POINT('',(0.101577908316053,0.000758777675848592,0.00831389071831847));
#1411=CARTESIAN_POINT('',(0.0924397532207906,0.00747058508558698,0.0141725559601492));
#1412=CARTESIAN_POINT('',(0.100992463821864,0.00720267501445804,0.0139831913937886));
#1413=CARTESIAN_POINT('',(0.101577706525767,0.000278151208406875,0.00898666741337425));
#1414=CARTESIAN_POINT('',(0.0923594400640089,0.00698481861008181,0.0148503310642682));
#1415=CARTESIAN_POINT('',(0.100984800277804,0.00677383708681249,0.0147018037930281));
#1416=CARTESIAN_POINT('',(0.101577504794796,-0.000203192360166254,0.00965865568420242));
#1417=CARTESIAN_POINT('',(0.092279276422235,0.00649741175470895,0.0155268929077613));
#1418=CARTESIAN_POINT('',(0.100977077720007,0.0063462517259334,0.0154175203818231));
#1419=CARTESIAN_POINT('',(0.101577303287907,-0.000685242279680991,0.0103298509314846));
#1420=CARTESIAN_POINT('',(0.,-2.4492935982947E-19,0.022225));
#1421=CARTESIAN_POINT('',(0.,-2.4492935982947E-19,0.022225));
#1422=CARTESIAN_POINT('',(-0.004,-2.4492935982947E-19,0.022225));
#1423=CARTESIAN_POINT('',(0.,0.,0.022225));
#1424=CARTESIAN_POINT('',(0.0126954450169398,0.000378034662424303,-0.00408333082094038));
#1425=CARTESIAN_POINT('',(0.012769669439896,0.00102982626459076,-0.000141976258634741));
#1426=CARTESIAN_POINT('',(0.0167615239231118,0.00111977202621467,-0.000289030290273003));
#1427=CARTESIAN_POINT('',(0.0127378020644139,-0.00104579266728648,-0.00377761233866026));
#1428=CARTESIAN_POINT('',(0.0128778837925651,-0.000382853400582541,5.28706185657486E-6));
#1429=CARTESIAN_POINT('',(0.0167323124434497,-0.000747456487791587,2.14871475531007E-5));
#1430=CARTESIAN_POINT('',(0.0125396015222358,-0.00247577669247828,-0.00346029505614034));
#1431=CARTESIAN_POINT('',(0.0127501519627228,-0.00190252964421751,0.000181621574149247));
#1432=CARTESIAN_POINT('',(0.0163844604048898,-0.00263380335119144,0.00034305710891096));
#1433=CARTESIAN_POINT('',(0.0121057757749674,-0.00384244359517875,-0.00320380448667524));
#1434=CARTESIAN_POINT('',(0.0123279371804288,-0.00340285121219425,0.000334842762165155));
#1435=CARTESIAN_POINT('',(0.0157336855902306,-0.00444872246874692,0.000602522774175161));
#1436=CARTESIAN_POINT('',(-0.0126954449091283,-0.000378034919921901,-0.0040833306664491));
#1437=CARTESIAN_POINT('',(-0.0127696650063711,-0.00102982618494638,-0.000141976126292011));
#1438=CARTESIAN_POINT('',(-0.016761519324725,-0.00111977225152411,-0.000289030175404107));
#1439=CARTESIAN_POINT('',(-0.0127378019958267,0.00104579261703921,-0.00377761223594774));
#1440=CARTESIAN_POINT('',(-0.0128778796102747,0.000382853129340394,5.28707777448596E-6));
#1441=CARTESIAN_POINT('',(-0.0167323080897744,0.000747455997000904,2.14871124955748E-5));
#1442=CARTESIAN_POINT('',(-0.01253960142505,0.00247577672963479,-0.00346029501054013));
#1443=CARTESIAN_POINT('',(-0.0127501480687337,0.00190252904383186,0.000181621479613647));
#1444=CARTESIAN_POINT('',(-0.0163844563043744,0.00263380256648996,0.000343056932601961));
#1445=CARTESIAN_POINT('',(-0.0121057756614409,0.00384244365934991,-0.00320380448989592));
#1446=CARTESIAN_POINT('',(-0.0123279335617735,0.0034028503152841,0.000334842584097661));
#1447=CARTESIAN_POINT('',(-0.0157336817494391,0.00444872139070519,0.000602522487939188));
#1448=CARTESIAN_POINT('',(-0.00795468928502033,-0.0925201496021484,0.00555642804783262));
#1449=CARTESIAN_POINT('',(-0.00763269104011092,-0.101000063533772,0.00578820525092708));
#1450=CARTESIAN_POINT('',(-0.000758777675847358,-0.101577908316053,0.0107361092816801));
#1451=CARTESIAN_POINT('',(-0.00747058508561453,-0.092439753220762,0.00487744403988676));
#1452=CARTESIAN_POINT('',(-0.00720267501444738,-0.100992463821783,0.00506680860628216));
#1453=CARTESIAN_POINT('',(-0.000278151208424814,-0.10157770652576,0.010063332586657));
#1454=CARTESIAN_POINT('',(-0.00698481861004348,-0.0923594400640032,0.00419966893567857));
#1455=CARTESIAN_POINT('',(-0.00677383708675622,-0.100984800277751,0.00434819620693273));
#1456=CARTESIAN_POINT('',(0.000203192360171766,-0.101577504794792,0.00939134431580159));
#1457=CARTESIAN_POINT('',(-0.00649741175470898,-0.092279276422235,0.00352310709223868));
#1458=CARTESIAN_POINT('',(-0.00634625172593342,-0.100977077720008,0.00363247961817693));
#1459=CARTESIAN_POINT('',(0.000685242279681099,-0.101577303287907,0.00872014906851555));
#1460=CARTESIAN_POINT('',(-0.00775779005428754,-0.0924874699994147,0.00528046048133209));
#1461=CARTESIAN_POINT('',(-0.00777029843051436,-0.0936458855186076,0.00538373367578697));
#1462=CARTESIAN_POINT('',(-0.00745191270219306,-0.0959091238461771,0.00582932393876888));
#1463=CARTESIAN_POINT('',(-0.00592976043359877,-0.0988420846761877,0.00704337373276995));
#1464=CARTESIAN_POINT('',(-0.00351971276609267,-0.100883554373454,0.00859089459014452));
#1465=CARTESIAN_POINT('',(-0.00156513700502029,-0.101481008878886,0.00972224970976054));
#1466=CARTESIAN_POINT('',(-0.000560625418397427,-0.10157109243985,0.0103015287755138));
#1467=CARTESIAN_POINT('',(-0.00775779005428754,-0.0924874699994147,0.00528046048133209));
#1468=CARTESIAN_POINT('',(-0.00056062541839741,-0.101571092439849,0.0103015287755138));
#1469=CARTESIAN_POINT('',(-0.00650608087364975,-0.0922807022734928,0.00353514092881451));
#1470=CARTESIAN_POINT('',(-0.00692454665735201,-0.0923495314648806,0.00411604227301448));
#1471=CARTESIAN_POINT('',(-0.00734178603027097,-0.0924184677340762,0.00469781412089218));
#1472=CARTESIAN_POINT('',(-0.00775779005428753,-0.0924874699994131,0.00528046048133195));
#1473=CARTESIAN_POINT('',(-0.00650608087364983,-0.0922807022734945,0.00353514092881468));
#1474=CARTESIAN_POINT('',(0.000560625418397734,-0.10157109243985,0.00874847122448638));
#1475=CARTESIAN_POINT('',(-0.000458360560478958,-0.101479626188257,0.00815860634155663));
#1476=CARTESIAN_POINT('',(-0.00243025526440617,-0.100869010138623,0.00700232958705262));
#1477=CARTESIAN_POINT('',(-0.0048389775391606,-0.0987687912698099,0.00539572654337942));
#1478=CARTESIAN_POINT('',(-0.00630364560903273,-0.0957685118301794,0.00412494117786426));
#1479=CARTESIAN_POINT('',(-0.00655684301507176,-0.0934551240836578,0.00364857724796556));
#1480=CARTESIAN_POINT('',(-0.00650608087364982,-0.0922807022734945,0.00353514092881467));
#1481=CARTESIAN_POINT('',(0.00056062541839775,-0.101571092439849,0.00874847122448639));
#1482=CARTESIAN_POINT('',(0.000560625418397487,-0.10157109243985,0.0087484712244862));
#1483=CARTESIAN_POINT('',(0.000186875510926157,-0.101571139844273,0.00926615734300913));
#1484=CARTESIAN_POINT('',(-0.000186875510925869,-0.101571139844273,0.00978384265699107));
#1485=CARTESIAN_POINT('',(-0.00056062541839721,-0.101571092439849,0.010301528775514));
#1486=CARTESIAN_POINT('',(-0.00360518392957222,-0.0155443624467654,0.000468330288182596));
#1487=CARTESIAN_POINT('',(-0.00383412959094835,-0.0188293464162071,0.000575409960403468));
#1488=CARTESIAN_POINT('',(-0.00466608687321152,-0.0305791124388895,0.000985986725651984));
#1489=CARTESIAN_POINT('',(-0.00622915409096622,-0.0507998039237535,0.00196976480110376));
#1490=CARTESIAN_POINT('',(-0.00748108530497206,-0.0733149972213272,0.00359744491545447));
#1491=CARTESIAN_POINT('',(-0.00770408883445915,-0.0873641979510616,0.00482310964517846));
#1492=CARTESIAN_POINT('',(-0.00776267568996558,-0.0929464201909353,0.00532140241825806));
#1493=CARTESIAN_POINT('',(-0.00221391265226441,-0.0155443624467654,0.000256791067888446));
#1494=CARTESIAN_POINT('',(-0.00250251493109552,-0.0188293464162071,0.000321793698324403));
#1495=CARTESIAN_POINT('',(-0.00353364363766078,-0.0305791124388895,0.00059080451901899));
#1496=CARTESIAN_POINT('',(-0.00529662720990769,-0.0507998039237535,0.00142078794906499));
#1497=CARTESIAN_POINT('',(-0.00685615286796083,-0.0733149972213272,0.00298258528339672));
#1498=CARTESIAN_POINT('',(-0.00723484487109317,-0.0873641979510616,0.00423491833643709));
#1499=CARTESIAN_POINT('',(-0.00735334262646414,-0.0929464201909353,0.00474745254572758));
#1500=CARTESIAN_POINT('',(-0.0008226413749566,-0.0155443624467654,4.52518475942939E-5));
#1501=CARTESIAN_POINT('',(-0.00117090027124269,-0.0188293464162071,6.81774362453376E-5));
#1502=CARTESIAN_POINT('',(-0.00240120040211004,-0.0305791124388895,0.000195622312385997));
#1503=CARTESIAN_POINT('',(-0.00436410032884917,-0.0507998039237535,0.000871811097026242));
#1504=CARTESIAN_POINT('',(-0.00623122043094958,-0.0733149972213272,0.00236772565133895));
#1505=CARTESIAN_POINT('',(-0.00676560090772716,-0.0873641979510616,0.0036467270276957));
#1506=CARTESIAN_POINT('',(-0.00694400956296268,-0.0929464201909353,0.00417350267319709));
#1507=CARTESIAN_POINT('',(0.000568629902351207,-0.0155443624467654,-0.000166287372699856));
#1508=CARTESIAN_POINT('',(0.00016071438861013,-0.0188293464162071,-0.000185438825833727));
#1509=CARTESIAN_POINT('',(-0.0012687571665593,-0.0305791124388895,-0.000199559894246996));
#1510=CARTESIAN_POINT('',(-0.00343157344779063,-0.0507998039237535,0.00032283424498748));
#1511=CARTESIAN_POINT('',(-0.00560628799393835,-0.0733149972213272,0.0017528660192812));
#1512=CARTESIAN_POINT('',(-0.00629635694436118,-0.0873641979510616,0.00305853571895432));
#1513=CARTESIAN_POINT('',(-0.00653467649946124,-0.0929464201909353,0.00359955280066661));
#1514=CARTESIAN_POINT('',(-0.00254,4.66590430475142E-19,0.));
#1515=CARTESIAN_POINT('',(-0.00311518547979716,-0.00846598400586069,0.000244620140850551));
#1516=CARTESIAN_POINT('',(-0.00426537682899854,-0.0253953083856281,0.000733784036201233));
#1517=CARTESIAN_POINT('',(-0.00622915409096621,-0.0507998039237535,0.00196976480110376));
#1518=CARTESIAN_POINT('',(-0.00764146352922767,-0.076199298434876,0.00380595832535697));
#1519=CARTESIAN_POINT('',(-0.0077721327347861,-0.0931332208988583,0.00533525653864911));
#1520=CARTESIAN_POINT('',(-0.00783746593216775,-0.1016,0.00609988919710468));
#1521=CARTESIAN_POINT('',(-0.003637181321462,-0.01600312701838,0.000483335116348961));
#1522=CARTESIAN_POINT('',(-0.003637181321462,-0.01600312701838,0.000483335116348961));
#1523=CARTESIAN_POINT('',(-0.0023161498164568,-0.0164070654304398,0.000284496463230278));
#1524=CARTESIAN_POINT('',(-0.000953310834892051,-0.0166563458065432,5.68872275569765E-5));
#1525=CARTESIAN_POINT('',(0.000421050137011877,-0.0167358305161703,-0.000172549883151853));
#1526=CARTESIAN_POINT('',(0.000421050137011879,-0.0167358305161703,-0.000172549883151853));
#1527=CARTESIAN_POINT('',(0.00254,-4.66590430475141E-19,0.));
#1528=CARTESIAN_POINT('',(0.00145512219872168,-0.00846598400586069,-0.000111172094527371));
#1529=CARTESIAN_POINT('',(-0.000714294634281463,-0.0253953083856281,-0.000333481568408866));
#1530=CARTESIAN_POINT('',(-0.00343157344779063,-0.0507998039237535,0.00032283424498748));
#1531=CARTESIAN_POINT('',(-0.00588487906449568,-0.076199298434876,0.00193605975550612));
#1532=CARTESIAN_POINT('',(-0.0065516084235642,-0.0931332208988583,0.00361210580477888));
#1533=CARTESIAN_POINT('',(-0.00688496593216775,-0.1016,0.00445011080289533));
#1534=CARTESIAN_POINT('',(0.00795557807000646,-0.092520297205272,0.0134923253760831));
#1535=CARTESIAN_POINT('',(0.00763347753136213,-0.101000077951304,0.0132604752801));
#1536=CARTESIAN_POINT('',(0.000759659364509726,-0.101577908725735,0.00831265554511031));
#1537=CARTESIAN_POINT('',(0.00747117787682524,-0.0924398512277975,0.014171728867118));
#1538=CARTESIAN_POINT('',(0.00720319631007024,-0.100992473662145,0.0139823178112743));
#1539=CARTESIAN_POINT('',(0.000278737965440032,-0.101577706811542,0.00898584727224285));
#1540=CARTESIAN_POINT('',(0.00698511334745912,-0.0923594885362368,0.0148499219694081));
#1541=CARTESIAN_POINT('',(0.00677409460248349,-0.10098480545992,0.014701372723597));
#1542=CARTESIAN_POINT('',(-0.000202901423783058,-0.101577504956638,0.00965824960708531));
#1543=CARTESIAN_POINT('',(0.00649740641762934,-0.0922792755444474,0.015526900316078));
#1544=CARTESIAN_POINT('',(0.0063462470165648,-0.100977078172074,0.0154175282422589));
#1545=CARTESIAN_POINT('',(-0.000685248032895153,-0.101577303326103,0.0103298579406278));
#1546=CARTESIAN_POINT('',(0.00650608087364972,-0.0922807022734928,0.0155148590711855));
#1547=CARTESIAN_POINT('',(0.00692454665735198,-0.0923495314648806,0.0149339577269855));
#1548=CARTESIAN_POINT('',(0.00734178603027093,-0.0924184677340762,0.0143521858791078));
#1549=CARTESIAN_POINT('',(0.00775779005428749,-0.0924874699994131,0.0137695395186681));
#1550=CARTESIAN_POINT('',(0.00650608087364979,-0.0922807022734945,0.0155148590711853));
#1551=CARTESIAN_POINT('',(0.00775779005428751,-0.0924874699994147,0.0137695395186679));
#1552=CARTESIAN_POINT('',(-0.000560625418397399,-0.10157109243985,0.0103015287755138));
#1553=CARTESIAN_POINT('',(0.000458682405075896,-0.101479597298832,0.0108915799660369));
#1554=CARTESIAN_POINT('',(0.00242522341995707,-0.100871355366062,0.012044610293788));
#1555=CARTESIAN_POINT('',(0.00483867436357183,-0.098770393107985,0.0136538594386891));
#1556=CARTESIAN_POINT('',(0.00630372731566956,-0.0957678777367008,0.0149251958914609));
#1557=CARTESIAN_POINT('',(0.0065568599740853,-0.0934555164436897,0.015401384854341));
#1558=CARTESIAN_POINT('',(0.00650608087364979,-0.0922807022734945,0.0155148590711853));
#1559=CARTESIAN_POINT('',(0.00775779005428751,-0.0924874699994147,0.0137695395186679));
#1560=CARTESIAN_POINT('',(0.00777030287505659,-0.093646297132924,0.0136662296286365));
#1561=CARTESIAN_POINT('',(0.00745346095983715,-0.0959028887626568,0.0132222961026751));
#1562=CARTESIAN_POINT('',(0.00593122322234575,-0.098841410838243,0.012007508246558));
#1563=CARTESIAN_POINT('',(0.00351926559242104,-0.10088369077539,0.0104588404488491));
#1564=CARTESIAN_POINT('',(0.00156550357785136,-0.101480976005013,0.00932796168448316));
#1565=CARTESIAN_POINT('',(0.000560625418397764,-0.10157109243985,0.0087484712244864));
#1566=CARTESIAN_POINT('',(0.000378034919921895,-0.0126954449091283,-0.0040833306664491));
#1567=CARTESIAN_POINT('',(0.00102982618494638,-0.0127696650063711,-0.000141976126292012));
#1568=CARTESIAN_POINT('',(0.0011197722515241,-0.016761519324725,-0.000289030175404104));
#1569=CARTESIAN_POINT('',(-0.00104579261703521,-0.0127378019958263,-0.00377761223594925));
#1570=CARTESIAN_POINT('',(-0.000382853129338144,-0.0128778796102623,5.2870777896655E-6));
#1571=CARTESIAN_POINT('',(-0.000747455996995487,-0.0167323080897745,2.14871124946752E-5));
#1572=CARTESIAN_POINT('',(-0.00247577672969959,-0.0125396014250297,-0.00346029501052573));
#1573=CARTESIAN_POINT('',(-0.00190252904390279,-0.0127501480687274,0.00018162147961128));
#1574=CARTESIAN_POINT('',(-0.00263380256657518,-0.0163844563043452,0.000343056932614165));
#1575=CARTESIAN_POINT('',(-0.00384244365934881,-0.0121057756614412,-0.00320380448989612));
#1576=CARTESIAN_POINT('',(-0.00340285031528291,-0.0123279335617738,0.000334842584097542));
#1577=CARTESIAN_POINT('',(-0.00444872139070373,-0.0157336817494396,0.000602522487938979));
#1578=CARTESIAN_POINT('',(0.000421050137011875,-0.0167358305161704,-0.000172549883151853));
#1579=CARTESIAN_POINT('',(0.000530737983533314,-0.0158479863935639,-0.000168405451252829));
#1580=CARTESIAN_POINT('',(0.000645617193723753,-0.0140909974497605,-0.000768616755542837));
#1581=CARTESIAN_POINT('',(0.000584548301852296,-0.0130477646987382,-0.0023129380470774));
#1582=CARTESIAN_POINT('',(0.000504932785770573,-0.0128218619062595,-0.00317500000000051));
#1583=CARTESIAN_POINT('',(-0.0038123377364024,-0.0121162319790862,-0.00317500000000029));
#1584=CARTESIAN_POINT('',(-0.00369697070569308,-0.0121842648296665,-0.00219898770299075));
#1585=CARTESIAN_POINT('',(-0.00355141081818837,-0.0130992522981503,-0.000336449491549375));
#1586=CARTESIAN_POINT('',(-0.00356865629763138,-0.0150213880735598,0.000451115985366633));
#1587=CARTESIAN_POINT('',(-0.003637181321462,-0.01600312701838,0.00048333511634896));
#1588=CARTESIAN_POINT('',(0.00334303546597177,-0.0117616915179816,0.018701841198047));
#1589=CARTESIAN_POINT('',(0.00365644015543306,-0.0163074152860733,0.0185608590768412));
#1590=CARTESIAN_POINT('',(0.00456857927884432,-0.0293177009264897,0.0181253835292154));
#1591=CARTESIAN_POINT('',(0.00622915409096617,-0.0507998039237535,0.0170802351988962));
#1592=CARTESIAN_POINT('',(0.00748150360561303,-0.0733225200945354,0.0154520112370661));
#1593=CARTESIAN_POINT('',(0.00770432751193556,-0.08737924469244,0.0142255776035414));
#1594=CARTESIAN_POINT('',(0.00776291240776061,-0.0929689905048467,0.0137265827985427));
#1595=CARTESIAN_POINT('',(0.00188145582904344,-0.0117616915179816,0.0188639138340346));
#1596=CARTESIAN_POINT('',(0.00228111965609829,-0.0163074152860733,0.01878348867306));
#1597=CARTESIAN_POINT('',(0.00342366481839693,-0.0293177009264897,0.0185109716852985));
#1598=CARTESIAN_POINT('',(0.00529662720990764,-0.0507998039237535,0.017629212050935));
#1599=CARTESIAN_POINT('',(0.00685667394338021,-0.0733225200945354,0.0160668928821616));
#1600=CARTESIAN_POINT('',(0.00723525028105661,-0.08737924469244,0.0148137403309836));
#1601=CARTESIAN_POINT('',(0.00735382156832545,-0.0929689905048467,0.0143004750695556));
#1602=CARTESIAN_POINT('',(0.000419876192115119,-0.0117616915179816,0.0190259864700221));
#1603=CARTESIAN_POINT('',(0.000905799156763524,-0.0163074152860733,0.0190061182692787));
#1604=CARTESIAN_POINT('',(0.00227875035794955,-0.0293177009264897,0.0188965598413816));
#1605=CARTESIAN_POINT('',(0.00436410032884913,-0.0507998039237535,0.0181781889029738));
#1606=CARTESIAN_POINT('',(0.00623184428114739,-0.0733225200945354,0.0166817745272572));
#1607=CARTESIAN_POINT('',(0.00676617305017765,-0.08737924469244,0.0154019030584257));
#1608=CARTESIAN_POINT('',(0.0069447307288903,-0.0929689905048467,0.0148743673405685));
#1609=CARTESIAN_POINT('',(-0.00104170344481321,-0.0117616915179816,0.0191880591060097));
#1610=CARTESIAN_POINT('',(-0.000469521342571243,-0.0163074152860733,0.0192287478654975));
#1611=CARTESIAN_POINT('',(0.00113383589750216,-0.0293177009264897,0.0192821479974646));
#1612=CARTESIAN_POINT('',(0.0034315734477906,-0.0507998039237535,0.0187271657550125));
#1613=CARTESIAN_POINT('',(0.00560701461891457,-0.0733225200945354,0.0172966561723527));
#1614=CARTESIAN_POINT('',(0.00629709581929869,-0.08737924469244,0.0159900657858679));
#1615=CARTESIAN_POINT('',(0.00653563988945515,-0.0929689905048467,0.0154482596115814));
#1616=CARTESIAN_POINT('',(-0.00254,4.66590430475142E-19,0.01905));
#1617=CARTESIAN_POINT('',(-0.00145512219872168,-0.00846598400586069,0.0191611720945274));
#1618=CARTESIAN_POINT('',(0.000714294634281483,-0.0253953083856281,0.0193834815684088));
#1619=CARTESIAN_POINT('',(0.0034315734477906,-0.0507998039237535,0.0187271657550125));
#1620=CARTESIAN_POINT('',(0.00588487906449566,-0.076199298434876,0.0171139402444938));
#1621=CARTESIAN_POINT('',(0.00655160842356416,-0.0931332208988583,0.0154378941952212));
#1622=CARTESIAN_POINT('',(0.00688496593216771,-0.1016,0.0145998891971047));
#1623=CARTESIAN_POINT('',(0.00254,-4.66590430475141E-19,0.01905));
#1624=CARTESIAN_POINT('',(0.00311518547979717,-0.00846598400586069,0.0188053798591495));
#1625=CARTESIAN_POINT('',(0.00426537682899856,-0.0253953083856281,0.0183162159637987));
#1626=CARTESIAN_POINT('',(0.00622915409096617,-0.0507998039237535,0.0170802351988962));
#1627=CARTESIAN_POINT('',(0.00764146352922765,-0.076199298434876,0.015244041674643));
#1628=CARTESIAN_POINT('',(0.00777213273478607,-0.0931332208988583,0.0137147434613509));
#1629=CARTESIAN_POINT('',(0.00783746593216771,-0.1016,0.0129501108028953));
#1630=CARTESIAN_POINT('',(-0.00220961308484533,-0.00257895008343121,0.0190836929946964));
#1631=CARTESIAN_POINT('',(-0.00123572431158758,-0.0101853037481523,0.0191820477767002));
#1632=CARTESIAN_POINT('',(0.000806287676650166,-0.026255373544483,0.0193612621008559));
#1633=CARTESIAN_POINT('',(0.00343157344779059,-0.0507998039237535,0.0187271657550125));
#1634=CARTESIAN_POINT('',(0.00588487906449566,-0.076199298434876,0.0171139402444938));
#1635=CARTESIAN_POINT('',(0.00655160842356416,-0.0931332208988583,0.0154378941952212));
#1636=CARTESIAN_POINT('',(0.00688496593216771,-0.1016,0.0145998891971047));
#1637=CARTESIAN_POINT('',(-0.00237816117761736,-0.00257895008343121,0.0127473303362477));
#1638=CARTESIAN_POINT('',(-0.00190128492469897,-0.0101853037481523,0.0128864191345724));
#1639=CARTESIAN_POINT('',(-0.000906428280931665,-0.026255373544483,0.013166050723424));
#1640=CARTESIAN_POINT('',(0.000211330934871655,-0.0507998039237535,0.0131413654370429));
#1641=CARTESIAN_POINT('',(0.00137609819992122,-0.076199298434876,0.0126779462714482));
#1642=CARTESIAN_POINT('',(0.00177702803744741,-0.0931332208988583,0.0120703483096971));
#1643=CARTESIAN_POINT('',(0.00197748864405589,-0.1016,0.0117665558637714));
#1644=CARTESIAN_POINT('',(-0.00254670927038939,-0.00257895008343121,0.00641096767779896));
#1645=CARTESIAN_POINT('',(-0.00256684553781035,-0.0101853037481523,0.00659079049244463));
#1646=CARTESIAN_POINT('',(-0.0026191442385135,-0.026255373544483,0.00697083934599203));
#1647=CARTESIAN_POINT('',(-0.00300891157804727,-0.0507998039237535,0.00755556511907335));
#1648=CARTESIAN_POINT('',(-0.00313268266465323,-0.076199298434876,0.0082419522984026));
#1649=CARTESIAN_POINT('',(-0.00299755234866935,-0.0931332208988583,0.00870280242417312));
#1650=CARTESIAN_POINT('',(-0.00292998864405594,-0.1016,0.00893322253043802));
#1651=CARTESIAN_POINT('',(-0.00271525736316142,-0.00257895008343121,7.46050193502227E-5));
#1652=CARTESIAN_POINT('',(-0.00323240615092175,-0.0101853037481523,0.000295161850316812));
#1653=CARTESIAN_POINT('',(-0.00433186019609533,-0.026255373544483,0.000775627968560061));
#1654=CARTESIAN_POINT('',(-0.00622915409096621,-0.0507998039237535,0.00196976480110376));
#1655=CARTESIAN_POINT('',(-0.00764146352922767,-0.076199298434876,0.00380595832535697));
#1656=CARTESIAN_POINT('',(-0.0077721327347861,-0.0931332208988583,0.00533525653864911));
#1657=CARTESIAN_POINT('',(-0.00783746593216775,-0.1016,0.00609988919710468));
#1658=CARTESIAN_POINT('',(-0.00274808962820669,-0.00257895008343121,-0.00115968446327545));
#1659=CARTESIAN_POINT('',(-0.00336205379091563,-0.0101853037481523,-0.00093119286426603));
#1660=CARTESIAN_POINT('',(-0.00466548808438383,-0.026255373544483,-0.000431166001101896));
#1661=CARTESIAN_POINT('',(-0.00685644007181204,-0.0507998039237535,0.000881680839349449));
#1662=CARTESIAN_POINT('',(-0.00851974987434204,-0.076199298434876,0.00294185047657081));
#1663=CARTESIAN_POINT('',(-0.00870219540199737,-0.0931332208988583,0.00467927665037371));
#1664=CARTESIAN_POINT('',(-0.00879341620355321,-0.1016,0.00554797105058839));
#1665=CARTESIAN_POINT('',(-0.00278092189325196,-0.00257895008343121,-0.00239397394590111));
#1666=CARTESIAN_POINT('',(-0.00349170143090952,-0.0101853037481523,-0.00215754757884887));
#1667=CARTESIAN_POINT('',(-0.00499911597267234,-0.026255373544483,-0.00163795997076385));
#1668=CARTESIAN_POINT('',(-0.00748372605265787,-0.0507998039237535,-0.000206403122404861));
#1669=CARTESIAN_POINT('',(-0.00939803621945641,-0.076199298434876,0.00207774262778466));
#1670=CARTESIAN_POINT('',(-0.00963225806920863,-0.0931332208988583,0.00402329676209832));
#1671=CARTESIAN_POINT('',(-0.00974936647493867,-0.1016,0.0049960529040721));
#1672=CARTESIAN_POINT('',(-0.00281375415829723,-0.00257895008343121,-0.00362826342852678));
#1673=CARTESIAN_POINT('',(-0.00362134907090341,-0.0101853037481523,-0.00338390229343171));
#1674=CARTESIAN_POINT('',(-0.00533274386096085,-0.026255373544483,-0.00284475394042581));
#1675=CARTESIAN_POINT('',(-0.0081110120335037,-0.0507998039237535,-0.00129448708415917));
#1676=CARTESIAN_POINT('',(-0.0102763225645708,-0.076199298434876,0.00121363477899849));
#1677=CARTESIAN_POINT('',(-0.0105623207364199,-0.0931332208988583,0.00336731687382292));
#1678=CARTESIAN_POINT('',(-0.0107053167463241,-0.1016,0.00444413475755582));
#1679=CARTESIAN_POINT('',(0.00210179629854725,-0.00272129672046785,-0.0032271133142015));
#1680=CARTESIAN_POINT('',(0.000885274817173473,-0.0102802036515345,-0.00330424669300307));
#1681=CARTESIAN_POINT('',(-0.00167562097329322,-0.0263028452513001,-0.00343030217605107));
#1682=CARTESIAN_POINT('',(-0.00505378231801686,-0.0507998039237535,-0.00249103296742604));
#1683=CARTESIAN_POINT('',(-0.00815619381270982,-0.076199298434876,-0.00029858833154803));
#1684=CARTESIAN_POINT('',(-0.00895682064683433,-0.0931332208988583,0.00191569232521172));
#1685=CARTESIAN_POINT('',(-0.00935712545284704,-0.1016,0.00302280883815143));
#1686=CARTESIAN_POINT('',(0.00213166034366815,-0.00272129672046785,-0.00216325288111991));
#1687=CARTESIAN_POINT('',(0.000998072634468116,-0.0102802036515345,-0.00224719810246122));
#1688=CARTESIAN_POINT('',(-0.00138753574103465,-0.0263028452513001,-0.00239021334628155));
#1689=CARTESIAN_POINT('',(-0.00451304602794145,-0.0507998039237535,-0.00155307722995487));
#1690=CARTESIAN_POINT('',(-0.00739908889663844,-0.076199298434876,0.000446294364136685));
#1691=CARTESIAN_POINT('',(-0.00815508323907762,-0.0931332208988583,0.00248116348506743));
#1692=CARTESIAN_POINT('',(-0.00853307227928728,-0.1016,0.00349857615973273));
#1693=CARTESIAN_POINT('',(0.00216152438878905,-0.00272129672046785,-0.00109939244803832));
#1694=CARTESIAN_POINT('',(0.00111087045176276,-0.0102802036515345,-0.00119014951191938));
#1695=CARTESIAN_POINT('',(-0.00109945050877609,-0.0263028452513001,-0.00135012451651202));
#1696=CARTESIAN_POINT('',(-0.00397230973786604,-0.0507998039237535,-0.000615121492483692));
#1697=CARTESIAN_POINT('',(-0.00664198398056706,-0.076199298434876,0.0011911770598214));
#1698=CARTESIAN_POINT('',(-0.00735334583132091,-0.0931332208988583,0.00304663464492315));
#1699=CARTESIAN_POINT('',(-0.00770901910572751,-0.1016,0.00397434348131403));
#1700=CARTESIAN_POINT('',(0.00219138843390994,-0.00272129672046785,-3.55320149567234E-5));
#1701=CARTESIAN_POINT('',(0.0012236682690574,-0.0102802036515345,-0.000133100921377539));
#1702=CARTESIAN_POINT('',(-0.000811365276517523,-0.0263028452513001,-0.000310035686742498));
#1703=CARTESIAN_POINT('',(-0.00343157344779064,-0.0507998039237535,0.000322834244987482));
#1704=CARTESIAN_POINT('',(-0.00588487906449568,-0.076199298434876,0.00193605975550611));
#1705=CARTESIAN_POINT('',(-0.00655160842356419,-0.0931332208988583,0.00361210580477886));
#1706=CARTESIAN_POINT('',(-0.00688496593216775,-0.1016,0.00445011080289531));
#1707=CARTESIAN_POINT('',(0.00236923754348725,-0.00272129672046785,0.00630006753199422));
#1708=CARTESIAN_POINT('',(0.00189541221020478,-0.0102802036515345,0.0061619321140586));
#1709=CARTESIAN_POINT('',(0.000904266408076428,-0.0263028452513001,0.00588399702071428));
#1710=CARTESIAN_POINT('',(-0.000211330934871711,-0.0507998039237535,0.00590863456295706));
#1711=CARTESIAN_POINT('',(-0.00137609819992123,-0.076199298434876,0.00637205372855175));
#1712=CARTESIAN_POINT('',(-0.00177702803744744,-0.0931332208988583,0.00697965169030287));
#1713=CARTESIAN_POINT('',(-0.00197748864405593,-0.1016,0.00728344413622865));
#1714=CARTESIAN_POINT('',(0.00254708665306455,-0.00272129672046785,0.0126356670789452));
#1715=CARTESIAN_POINT('',(0.00256715615135215,-0.0102802036515345,0.0124569651494947));
#1716=CARTESIAN_POINT('',(0.00261989809267037,-0.0263028452513001,0.0120780297281711));
#1717=CARTESIAN_POINT('',(0.00300891157804725,-0.0507998039237535,0.0114944348809267));
#1718=CARTESIAN_POINT('',(0.0031326826646532,-0.076199298434876,0.0108080477015974));
#1719=CARTESIAN_POINT('',(0.00299755234866932,-0.0931332208988583,0.0103471975758269));
#1720=CARTESIAN_POINT('',(0.0029299886440559,-0.1016,0.010116777469562));
#1721=CARTESIAN_POINT('',(0.00272493576264186,-0.00272129672046785,0.0189712666258961));
#1722=CARTESIAN_POINT('',(0.00323890009249953,-0.0102802036515345,0.0187519981849309));
#1723=CARTESIAN_POINT('',(0.00433552977726432,-0.0263028452513001,0.0182720624356278));
#1724=CARTESIAN_POINT('',(0.00622915409096618,-0.0507998039237535,0.0170802351988962));
#1725=CARTESIAN_POINT('',(0.00764146352922766,-0.076199298434876,0.015244041674643));
#1726=CARTESIAN_POINT('',(0.00777213273478607,-0.0931332208988583,0.0137147434613509));
#1727=CARTESIAN_POINT('',(0.00783746593216772,-0.1016,0.0129501108028953));
#1728=CARTESIAN_POINT('',(0.00360518422103455,0.0155443666287581,0.000468330424501807));
#1729=CARTESIAN_POINT('',(0.00383412978836726,0.0188293492043623,0.000575410057831093));
#1730=CARTESIAN_POINT('',(0.00466608698101042,0.0305791138334351,0.000985986793499482));
#1731=CARTESIAN_POINT('',(0.00622915409096621,0.0507998039237535,0.00196976480110376));
#1732=CARTESIAN_POINT('',(0.0074810853045096,0.0733149972130103,0.00359744491485322));
#1733=CARTESIAN_POINT('',(0.0077040888341951,0.0873641979344268,0.00482310964372723));
#1734=CARTESIAN_POINT('',(0.00776267568970369,0.0929464201659828,0.0053214024160307));
#1735=CARTESIAN_POINT('',(0.00221391301967339,0.0155443666287581,0.000256791150640918));
#1736=CARTESIAN_POINT('',(0.00250251517577672,0.0188293492043623,0.000321793762159204));
#1737=CARTESIAN_POINT('',(0.00353364375924716,0.0305791138334351,0.000590804576259846));
#1738=CARTESIAN_POINT('',(0.00529662720990768,0.0507998039237535,0.00142078794906499));
#1739=CARTESIAN_POINT('',(0.00685615286738475,0.0733149972130103,0.00298258528281981));
#1740=CARTESIAN_POINT('',(0.00723484487064477,0.0873641979344268,0.00423491833495427));
#1741=CARTESIAN_POINT('',(0.00735334262593444,0.0929464201659828,0.00474745254343656));
#1742=CARTESIAN_POINT('',(0.000822641818312233,0.0155443666287581,4.52518767800275E-5));
#1743=CARTESIAN_POINT('',(0.00117090056318619,0.0188293492043623,6.81774664873139E-5));
#1744=CARTESIAN_POINT('',(0.00240120053748391,0.0305791138334351,0.000195622359020211));
#1745=CARTESIAN_POINT('',(0.00436410032884916,0.0507998039237535,0.000871811097026242));
#1746=CARTESIAN_POINT('',(0.00623122043025988,0.0733149972130103,0.00236772565078637));
#1747=CARTESIAN_POINT('',(0.00676560090709442,0.0873641979344268,0.00364672702618131));
#1748=CARTESIAN_POINT('',(0.00694400956216519,0.0929464201659828,0.00417350267084241));
#1749=CARTESIAN_POINT('',(-0.000568629383048923,0.0155443666287581,-0.000166287397080861));
#1750=CARTESIAN_POINT('',(-0.000160714049404346,0.0188293492043623,-0.000185438829184575));
#1751=CARTESIAN_POINT('',(0.00126875731572066,0.0305791138334351,-0.000199559858219424));
#1752=CARTESIAN_POINT('',(0.00343157344779062,0.0507998039237535,0.00032283424498748));
#1753=CARTESIAN_POINT('',(0.00560628799313503,0.0733149972130103,0.00175286601875296));
#1754=CARTESIAN_POINT('',(0.00629635694354409,0.0873641979344268,0.00305853571740835));
#1755=CARTESIAN_POINT('',(0.00653467649839594,0.0929464201659828,0.00359955279824827));
#1756=CARTESIAN_POINT('',(0.00254,-1.55530143491714E-19,0.));
#1757=CARTESIAN_POINT('',(0.00311518547979716,0.00846598400586069,0.000244620140850551));
#1758=CARTESIAN_POINT('',(0.00426537682899854,0.0253953083856281,0.000733784036201233));
#1759=CARTESIAN_POINT('',(0.00622915409096621,0.0507998039237535,0.00196976480110376));
#1760=CARTESIAN_POINT('',(0.00764146352922766,0.076199298434876,0.00380595832535697));
#1761=CARTESIAN_POINT('',(0.00777213273478609,0.0931332208988583,0.00533525653864911));
#1762=CARTESIAN_POINT('',(0.00783746593216774,0.1016,0.00609988919710468));
#1763=CARTESIAN_POINT('',(0.00363718161162419,0.016003131175453,0.000483335252777573));
#1764=CARTESIAN_POINT('',(0.00775779005428753,0.0924874699994147,0.00528046048133209));
#1765=CARTESIAN_POINT('',(0.00363718161162419,0.016003131175453,0.000483335252777574));
#1766=CARTESIAN_POINT('',(0.00231615018875607,0.0164070696262839,0.000284496551017485));
#1767=CARTESIAN_POINT('',(0.000953311308610119,0.0166563501160269,5.68872680436449E-5));
#1768=CARTESIAN_POINT('',(-0.000421049581879543,0.0167358350095669,-0.000172549904126895));
#1769=CARTESIAN_POINT('',(-0.000421049581879543,0.0167358350095669,-0.000172549904126895));
#1770=CARTESIAN_POINT('',(-0.00254,1.55530143491714E-19,0.));
#1771=CARTESIAN_POINT('',(-0.00145512219872168,0.00846598400586069,-0.000111172094527371));
#1772=CARTESIAN_POINT('',(0.00071429463428146,0.0253953083856281,-0.000333481568408866));
#1773=CARTESIAN_POINT('',(0.00343157344779062,0.0507998039237535,0.00032283424498748));
#1774=CARTESIAN_POINT('',(0.00588487906449567,0.076199298434876,0.00193605975550612));
#1775=CARTESIAN_POINT('',(0.00655160842356419,0.0931332208988583,0.00361210580477888));
#1776=CARTESIAN_POINT('',(0.00688496593216774,0.1016,0.00445011080289533));
#1777=CARTESIAN_POINT('',(0.00650608087364981,0.0922807022734945,0.00353514092881468));
#1778=CARTESIAN_POINT('',(0.00650608087364974,0.0922807022734928,0.00353514092881451));
#1779=CARTESIAN_POINT('',(0.006924546657352,0.0923495314648806,0.00411604227301448));
#1780=CARTESIAN_POINT('',(0.00734178603027095,0.0924184677340762,0.00469781412089219));
#1781=CARTESIAN_POINT('',(0.00775779005428751,0.0924874699994131,0.00528046048133195));
#1782=CARTESIAN_POINT('',(-0.00210179629854725,0.00272129672046785,-0.0032271133142015));
#1783=CARTESIAN_POINT('',(-0.000885274817173475,0.0102802036515345,-0.00330424669300307));
#1784=CARTESIAN_POINT('',(0.00167562097329322,0.0263028452513001,-0.00343030217605106));
#1785=CARTESIAN_POINT('',(0.00505378231801685,0.0507998039237535,-0.00249103296742604));
#1786=CARTESIAN_POINT('',(0.00815619381270981,0.076199298434876,-0.000298588331548028));
#1787=CARTESIAN_POINT('',(0.00895682064683432,0.0931332208988583,0.00191569232521172));
#1788=CARTESIAN_POINT('',(0.00935712545284702,0.1016,0.00302280883815143));
#1789=CARTESIAN_POINT('',(-0.00213166034366815,0.00272129672046785,-0.00216325288111991));
#1790=CARTESIAN_POINT('',(-0.000998072634468116,0.0102802036515345,-0.00224719810246122));
#1791=CARTESIAN_POINT('',(0.00138753574103465,0.0263028452513001,-0.00239021334628155));
#1792=CARTESIAN_POINT('',(0.00451304602794145,0.0507998039237535,-0.00155307722995487));
#1793=CARTESIAN_POINT('',(0.00739908889663843,0.076199298434876,0.000446294364136685));
#1794=CARTESIAN_POINT('',(0.00815508323907761,0.0931332208988583,0.00248116348506743));
#1795=CARTESIAN_POINT('',(0.00853307227928726,0.1016,0.00349857615973273));
#1796=CARTESIAN_POINT('',(-0.00216152438878905,0.00272129672046785,-0.00109939244803832));
#1797=CARTESIAN_POINT('',(-0.00111087045176276,0.0102802036515345,-0.00119014951191938));
#1798=CARTESIAN_POINT('',(0.00109945050877609,0.0263028452513001,-0.00135012451651202));
#1799=CARTESIAN_POINT('',(0.00397230973786604,0.0507998039237535,-0.000615121492483692));
#1800=CARTESIAN_POINT('',(0.00664198398056705,0.076199298434876,0.0011911770598214));
#1801=CARTESIAN_POINT('',(0.00735334583132089,0.0931332208988583,0.00304663464492315));
#1802=CARTESIAN_POINT('',(0.0077090191057275,0.1016,0.00397434348131403));
#1803=CARTESIAN_POINT('',(-0.00219138843390994,0.00272129672046785,-3.55320149567234E-5));
#1804=CARTESIAN_POINT('',(-0.0012236682690574,0.0102802036515345,-0.000133100921377539));
#1805=CARTESIAN_POINT('',(0.00081136527651752,0.0263028452513001,-0.000310035686742498));
#1806=CARTESIAN_POINT('',(0.00343157344779063,0.0507998039237535,0.000322834244987482));
#1807=CARTESIAN_POINT('',(0.00588487906449567,0.076199298434876,0.00193605975550611));
#1808=CARTESIAN_POINT('',(0.00655160842356418,0.0931332208988583,0.00361210580477886));
#1809=CARTESIAN_POINT('',(0.00688496593216774,0.1016,0.00445011080289531));
#1810=CARTESIAN_POINT('',(-0.00236923754348725,0.00272129672046785,0.00630006753199422));
#1811=CARTESIAN_POINT('',(-0.00189541221020478,0.0102802036515345,0.0061619321140586));
#1812=CARTESIAN_POINT('',(-0.000904266408076432,0.0263028452513001,0.00588399702071428));
#1813=CARTESIAN_POINT('',(0.000211330934871705,0.0507998039237535,0.00590863456295706));
#1814=CARTESIAN_POINT('',(0.00137609819992122,0.076199298434876,0.00637205372855175));
#1815=CARTESIAN_POINT('',(0.00177702803744743,0.0931332208988583,0.00697965169030287));
#1816=CARTESIAN_POINT('',(0.00197748864405592,0.1016,0.00728344413622865));
#1817=CARTESIAN_POINT('',(-0.00254708665306455,0.00272129672046785,0.0126356670789452));
#1818=CARTESIAN_POINT('',(-0.00256715615135215,0.0102802036515345,0.0124569651494947));
#1819=CARTESIAN_POINT('',(-0.00261989809267038,0.0263028452513001,0.0120780297281711));
#1820=CARTESIAN_POINT('',(-0.00300891157804726,0.0507998039237535,0.0114944348809267));
#1821=CARTESIAN_POINT('',(-0.00313268266465321,0.076199298434876,0.0108080477015974));
#1822=CARTESIAN_POINT('',(-0.00299755234866933,0.0931332208988583,0.0103471975758269));
#1823=CARTESIAN_POINT('',(-0.00292998864405591,0.1016,0.010116777469562));
#1824=CARTESIAN_POINT('',(-0.00272493576264186,0.00272129672046785,0.0189712666258961));
#1825=CARTESIAN_POINT('',(-0.00323890009249953,0.0102802036515345,0.0187519981849309));
#1826=CARTESIAN_POINT('',(-0.00433552977726433,0.0263028452513001,0.0182720624356278));
#1827=CARTESIAN_POINT('',(-0.00622915409096618,0.0507998039237535,0.0170802351988962));
#1828=CARTESIAN_POINT('',(-0.00764146352922767,0.076199298434876,0.015244041674643));
#1829=CARTESIAN_POINT('',(-0.00777213273478608,0.0931332208988583,0.0137147434613509));
#1830=CARTESIAN_POINT('',(-0.00783746593216773,0.1016,0.0129501108028953));
#1831=CARTESIAN_POINT('',(-0.00254,1.55530143491714E-19,0.01905));
#1832=CARTESIAN_POINT('',(-0.00311518547979717,0.00846598400586069,0.0188053798591495));
#1833=CARTESIAN_POINT('',(-0.00426537682899856,0.0253953083856281,0.0183162159637987));
#1834=CARTESIAN_POINT('',(-0.00622915409096618,0.0507998039237535,0.0170802351988962));
#1835=CARTESIAN_POINT('',(-0.00764146352922766,0.076199298434876,0.015244041674643));
#1836=CARTESIAN_POINT('',(-0.00777213273478608,0.0931332208988583,0.0137147434613509));
#1837=CARTESIAN_POINT('',(-0.00783746593216772,0.1016,0.0129501108028953));
#1838=CARTESIAN_POINT('',(-0.00775779005428752,0.0924874699994148,0.0137695395186679));
#1839=CARTESIAN_POINT('',(-0.00775779005428752,0.0924874699994148,0.0137695395186679));
#1840=CARTESIAN_POINT('',(-0.00777029843051434,0.0936458855186076,0.013666266324213));
#1841=CARTESIAN_POINT('',(-0.00745191270219307,0.0959091238461771,0.0132206760612311));
#1842=CARTESIAN_POINT('',(-0.00592976043359881,0.0988420846761876,0.0120066262672301));
#1843=CARTESIAN_POINT('',(-0.00351971276609282,0.100883554373454,0.0104591054098556));
#1844=CARTESIAN_POINT('',(-0.00156513700502051,0.101481008878886,0.00932775029023961));
#1845=CARTESIAN_POINT('',(-0.000560625418397673,0.10157109243985,0.00874847122448634));
#1846=CARTESIAN_POINT('',(-0.000560625418397684,0.10157109243985,0.00874847122448634));
#1847=CARTESIAN_POINT('',(-0.000560625418397681,0.10157109243985,0.00874847122448635));
#1848=CARTESIAN_POINT('',(0.000458682405075642,0.101479597298832,0.00815842003396331));
#1849=CARTESIAN_POINT('',(0.00242522341995689,0.100871355366062,0.00700538970621215));
#1850=CARTESIAN_POINT('',(0.00483867436357178,0.0987703931079852,0.00539614056131096));
#1851=CARTESIAN_POINT('',(0.00630372731566958,0.095767877736701,0.0041248041085391));
#1852=CARTESIAN_POINT('',(0.00655685997408533,0.0934555164436897,0.00364861514565906));
#1853=CARTESIAN_POINT('',(0.00650608087364981,0.0922807022734945,0.00353514092881467));
#1854=CARTESIAN_POINT('',(-0.000421049581879541,0.0167358350095669,-0.000172549904126895));
#1855=CARTESIAN_POINT('',(-0.000530737474415965,0.0158479904967483,-0.000168405474440744));
#1856=CARTESIAN_POINT('',(-0.000645616773597285,0.0140910008144964,-0.000768616576673981));
#1857=CARTESIAN_POINT('',(-0.000584548037111088,0.0130477666165766,-0.0023129378584576));
#1858=CARTESIAN_POINT('',(-0.000504932621583073,0.0128218629576197,-0.0031750000000005));
#1859=CARTESIAN_POINT('',(-0.00334303546597177,0.0117616915179816,0.018701841198047));
#1860=CARTESIAN_POINT('',(-0.00365644015543306,0.0163074152860732,0.0185608590768412));
#1861=CARTESIAN_POINT('',(-0.00456857927884432,0.0293177009264897,0.0181253835292154));
#1862=CARTESIAN_POINT('',(-0.00622915409096618,0.0507998039237535,0.0170802351988962));
#1863=CARTESIAN_POINT('',(-0.00748150360561307,0.073322520094536,0.015452011237066));
#1864=CARTESIAN_POINT('',(-0.00770432751193559,0.0873792446924412,0.0142255776035413));
#1865=CARTESIAN_POINT('',(-0.00776291240776063,0.0929689905048485,0.0137265827985426));
#1866=CARTESIAN_POINT('',(-0.00188145582904344,0.0117616915179816,0.0188639138340346));
#1867=CARTESIAN_POINT('',(-0.00228111965609829,0.0163074152860732,0.01878348867306));
#1868=CARTESIAN_POINT('',(-0.00342366481839694,0.0293177009264897,0.0185109716852985));
#1869=CARTESIAN_POINT('',(-0.00529662720990765,0.0507998039237535,0.017629212050935));
#1870=CARTESIAN_POINT('',(-0.00685667394338026,0.073322520094536,0.0160668928821616));
#1871=CARTESIAN_POINT('',(-0.00723525028105665,0.0873792446924412,0.0148137403309835));
#1872=CARTESIAN_POINT('',(-0.0073538215683255,0.0929689905048485,0.0143004750695555));
#1873=CARTESIAN_POINT('',(-0.000419876192115118,0.0117616915179816,0.0190259864700221));
#1874=CARTESIAN_POINT('',(-0.000905799156763524,0.0163074152860732,0.0190061182692787));
#1875=CARTESIAN_POINT('',(-0.00227875035794955,0.0293177009264897,0.0188965598413816));
#1876=CARTESIAN_POINT('',(-0.00436410032884913,0.0507998039237535,0.0181781889029738));
#1877=CARTESIAN_POINT('',(-0.00623184428114744,0.073322520094536,0.0166817745272571));
#1878=CARTESIAN_POINT('',(-0.0067661730501777,0.0873792446924412,0.0154019030584256));
#1879=CARTESIAN_POINT('',(-0.00694473072889037,0.0929689905048485,0.0148743673405684));
#1880=CARTESIAN_POINT('',(0.0010417034448132,0.0117616915179816,0.0191880591060097));
#1881=CARTESIAN_POINT('',(0.000469521342571241,0.0163074152860732,0.0192287478654975));
#1882=CARTESIAN_POINT('',(-0.00113383589750216,0.0293177009264897,0.0192821479974646));
#1883=CARTESIAN_POINT('',(-0.0034315734477906,0.0507998039237535,0.0187271657550125));
#1884=CARTESIAN_POINT('',(-0.00560701461891464,0.073322520094536,0.0172966561723526));
#1885=CARTESIAN_POINT('',(-0.00629709581929876,0.0873792446924412,0.0159900657858678));
#1886=CARTESIAN_POINT('',(-0.00653563988945524,0.0929689905048485,0.0154482596115813));
#1887=CARTESIAN_POINT('',(0.00254,-1.55530143491714E-19,0.01905));
#1888=CARTESIAN_POINT('',(0.00145512219872167,0.00846598400586069,0.0191611720945274));
#1889=CARTESIAN_POINT('',(-0.000714294634281486,0.0253953083856281,0.0193834815684088));
#1890=CARTESIAN_POINT('',(-0.0034315734477906,0.0507998039237535,0.0187271657550125));
#1891=CARTESIAN_POINT('',(-0.00588487906449567,0.076199298434876,0.0171139402444938));
#1892=CARTESIAN_POINT('',(-0.00655160842356417,0.0931332208988583,0.0154378941952212));
#1893=CARTESIAN_POINT('',(-0.00688496593216772,0.1016,0.0145998891971047));
#1894=CARTESIAN_POINT('',(-0.0065060808736498,0.0922807022734945,0.0155148590711853));
#1895=CARTESIAN_POINT('',(-0.00650608087364973,0.0922807022734928,0.0155148590711855));
#1896=CARTESIAN_POINT('',(-0.00692454665735199,0.0923495314648806,0.0149339577269855));
#1897=CARTESIAN_POINT('',(-0.00734178603027094,0.0924184677340762,0.0143521858791078));
#1898=CARTESIAN_POINT('',(-0.0077577900542875,0.0924874699994131,0.0137695395186681));
#1899=CARTESIAN_POINT('',(0.00220961308484533,0.00257895008343121,0.0190836929946964));
#1900=CARTESIAN_POINT('',(0.00123572431158758,0.0101853037481523,0.0191820477767002));
#1901=CARTESIAN_POINT('',(-0.000806287676650169,0.026255373544483,0.0193612621008559));
#1902=CARTESIAN_POINT('',(-0.0034315734477906,0.0507998039237535,0.0187271657550125));
#1903=CARTESIAN_POINT('',(-0.00588487906449567,0.076199298434876,0.0171139402444938));
#1904=CARTESIAN_POINT('',(-0.00655160842356417,0.0931332208988583,0.0154378941952212));
#1905=CARTESIAN_POINT('',(-0.00688496593216772,0.1016,0.0145998891971047));
#1906=CARTESIAN_POINT('',(0.00237816117761736,0.00257895008343121,0.0127473303362477));
#1907=CARTESIAN_POINT('',(0.00190128492469897,0.0101853037481523,0.0128864191345724));
#1908=CARTESIAN_POINT('',(0.000906428280931662,0.026255373544483,0.013166050723424));
#1909=CARTESIAN_POINT('',(-0.000211330934871662,0.0507998039237535,0.0131413654370429));
#1910=CARTESIAN_POINT('',(-0.00137609819992123,0.076199298434876,0.0126779462714482));
#1911=CARTESIAN_POINT('',(-0.00177702803744742,0.0931332208988583,0.0120703483096971));
#1912=CARTESIAN_POINT('',(-0.0019774886440559,0.1016,0.0117665558637714));
#1913=CARTESIAN_POINT('',(0.00254670927038939,0.00257895008343121,0.00641096767779896));
#1914=CARTESIAN_POINT('',(0.00256684553781035,0.0101853037481523,0.00659079049244463));
#1915=CARTESIAN_POINT('',(0.00261914423851349,0.026255373544483,0.00697083934599203));
#1916=CARTESIAN_POINT('',(0.00300891157804726,0.0507998039237535,0.00755556511907335));
#1917=CARTESIAN_POINT('',(0.00313268266465322,0.076199298434876,0.0082419522984026));
#1918=CARTESIAN_POINT('',(0.00299755234866934,0.0931332208988583,0.00870280242417312));
#1919=CARTESIAN_POINT('',(0.00292998864405593,0.1016,0.00893322253043802));
#1920=CARTESIAN_POINT('',(0.00271525736316142,0.00257895008343121,7.46050193502227E-5));
#1921=CARTESIAN_POINT('',(0.00323240615092174,0.0101853037481523,0.000295161850316812));
#1922=CARTESIAN_POINT('',(0.00433186019609532,0.026255373544483,0.000775627968560061));
#1923=CARTESIAN_POINT('',(0.00622915409096621,0.0507998039237535,0.00196976480110376));
#1924=CARTESIAN_POINT('',(0.00764146352922766,0.076199298434876,0.00380595832535697));
#1925=CARTESIAN_POINT('',(0.00777213273478609,0.0931332208988583,0.00533525653864911));
#1926=CARTESIAN_POINT('',(0.00783746593216774,0.1016,0.00609988919710468));
#1927=CARTESIAN_POINT('',(0.00274808962824631,0.00257895008343121,-0.00115968446476487));
#1928=CARTESIAN_POINT('',(0.00336205379107208,0.0101853037481523,-0.000931192865745885));
#1929=CARTESIAN_POINT('',(0.00466548808478642,0.026255373544483,-0.000431166002558147));
#1930=CARTESIAN_POINT('',(0.00685644007256899,0.0507998039237535,0.000881680838036447));
#1931=CARTESIAN_POINT('',(0.00851974987540187,0.076199298434876,0.00294185047552808));
#1932=CARTESIAN_POINT('',(0.00870219540311967,0.0931332208988583,0.00467927664958214));
#1933=CARTESIAN_POINT('',(0.00879341620470675,0.1016,0.00554797104992239));
#1934=CARTESIAN_POINT('',(0.0027809218933312,0.00257895008343121,-0.00239397394887997));
#1935=CARTESIAN_POINT('',(0.00349170143122241,0.0101853037481523,-0.00215754758180858));
#1936=CARTESIAN_POINT('',(0.00499911597347753,0.026255373544483,-0.00163795997367635));
#1937=CARTESIAN_POINT('',(0.00748372605417177,0.0507998039237535,-0.000206403125030865));
#1938=CARTESIAN_POINT('',(0.00939803622157607,0.076199298434876,0.0020777426256992));
#1939=CARTESIAN_POINT('',(0.00963225807145325,0.0931332208988583,0.00402329676051516));
#1940=CARTESIAN_POINT('',(0.00974936647724576,0.1016,0.0049960529027401));
#1941=CARTESIAN_POINT('',(0.00281375415841609,0.00257895008343121,-0.00362826343299507));
#1942=CARTESIAN_POINT('',(0.00362134907137275,0.0101853037481523,-0.00338390229787128));
#1943=CARTESIAN_POINT('',(0.00533274386216862,0.026255373544483,-0.00284475394479456));
#1944=CARTESIAN_POINT('',(0.00811101203577455,0.0507998039237535,-0.00129448708809818));
#1945=CARTESIAN_POINT('',(0.0102763225677503,0.076199298434876,0.00121363477587031));
#1946=CARTESIAN_POINT('',(0.0105623207397868,0.0931332208988583,0.00336731687144818));
#1947=CARTESIAN_POINT('',(0.0107053167497848,0.1016,0.0044441347555578));
#1948=CARTESIAN_POINT('',(0.00775779005428753,0.0924874699994147,0.00528046048133209));
#1949=CARTESIAN_POINT('',(0.00777030287505661,0.093646297132924,0.00538377037136351));
#1950=CARTESIAN_POINT('',(0.00745346095983714,0.0959028887626569,0.00582770389732491));
#1951=CARTESIAN_POINT('',(0.0059312232223457,0.098841410838243,0.00704249175344209));
#1952=CARTESIAN_POINT('',(0.003519265592421,0.10088369077539,0.00859115955115096));
#1953=CARTESIAN_POINT('',(0.00156550357785125,0.101480976005013,0.00972203831551693));
#1954=CARTESIAN_POINT('',(0.00056062541839764,0.10157109243985,0.0103015287755137));
#1955=CARTESIAN_POINT('',(0.00056062541839762,0.101571092439849,0.0103015287755137));
#1956=CARTESIAN_POINT('',(0.000560625418397616,0.10157109243985,0.0103015287755137));
#1957=CARTESIAN_POINT('',(-0.000458360560479065,0.101479626188257,0.0108913936584435));
#1958=CARTESIAN_POINT('',(-0.00243025526440623,0.100869010138623,0.0120476704129474));
#1959=CARTESIAN_POINT('',(-0.00483897753916061,0.0987687912698097,0.0136542734566206));
#1960=CARTESIAN_POINT('',(-0.00630364560903272,0.0957685118301794,0.0149250588221358));
#1961=CARTESIAN_POINT('',(-0.00655684301507173,0.0934551240836578,0.0154014227520344));
#1962=CARTESIAN_POINT('',(-0.0065060808736498,0.0922807022734945,0.0155148590711853));
#1963=CARTESIAN_POINT('',(0.00381233775009256,0.0121162321035385,-0.00317500000000027));
#1964=CARTESIAN_POINT('',(0.0036969707847573,0.0121842659828485,-0.00219898733337681));
#1965=CARTESIAN_POINT('',(0.00355141101877586,0.0130992551956057,-0.000336449163279991));
#1966=CARTESIAN_POINT('',(0.00356865655699691,0.0150213918029986,0.000451116105759889));
#1967=CARTESIAN_POINT('',(0.00363718161162419,0.0160031311754529,0.000483335252777572));
#1968=CARTESIAN_POINT('',(0.00795557807000648,0.092520297205272,0.00555767462391687));
#1969=CARTESIAN_POINT('',(0.00763347753136214,0.101000077951305,0.00578952471989999));
#1970=CARTESIAN_POINT('',(0.000759659364509458,0.101577908725735,0.0107373444548899));
#1971=CARTESIAN_POINT('',(0.00747117787678146,0.092439851227763,0.00487827113281841));
#1972=CARTESIAN_POINT('',(0.00720319631004805,0.100992473662159,0.00506768218864872));
#1973=CARTESIAN_POINT('',(0.000278737965403007,0.101577706811543,0.0100641527276977));
#1974=CARTESIAN_POINT('',(0.00698511334741837,0.0923594885362309,0.00420007803053531));
#1975=CARTESIAN_POINT('',(0.00677409460246916,0.100984805459948,0.0043486272763231));
#1976=CARTESIAN_POINT('',(-0.000202901423831568,0.10157750495664,0.00939175039283775));
#1977=CARTESIAN_POINT('',(0.00649740641762937,0.0922792755444474,0.00352309968392199));
#1978=CARTESIAN_POINT('',(0.00634624701656481,0.100977078172074,0.00363247175774114));
#1979=CARTESIAN_POINT('',(-0.000685248032895401,0.101577303326104,0.00872014205937242));
#1980=CARTESIAN_POINT('',(0.000560625418397346,0.10157109243985,0.0103015287755139));
#1981=CARTESIAN_POINT('',(0.000186875510926007,0.101571139844273,0.00978384265699097));
#1982=CARTESIAN_POINT('',(-0.00018687551092622,0.101571139844273,0.00926615734300917));
#1983=CARTESIAN_POINT('',(-0.000560625418397559,0.10157109243985,0.00874847122448625));
#1984=CARTESIAN_POINT('',(-0.00795468928502141,0.0925201496021485,0.0134935719521658));
#1985=CARTESIAN_POINT('',(-0.00763269104011185,0.101000063533772,0.0132617947490713));
#1986=CARTESIAN_POINT('',(-0.000758777675848602,0.101577908316053,0.00831389071831845));
#1987=CARTESIAN_POINT('',(-0.00747058508557606,0.0924397532207908,0.0141725559601643));
#1988=CARTESIAN_POINT('',(-0.00720267501441874,0.100992463821826,0.0139831913937809));
#1989=CARTESIAN_POINT('',(-0.000278151208385146,0.101577706525764,0.00898666741339681));
#1990=CARTESIAN_POINT('',(-0.00698481861007974,0.0923594400640088,0.0148503310642711));
#1991=CARTESIAN_POINT('',(-0.00677383708681095,0.100984800277804,0.0147018037930283));
#1992=CARTESIAN_POINT('',(0.000203192360168688,0.101577504794796,0.00965865568420841));
#1993=CARTESIAN_POINT('',(-0.00649741175470895,0.092279276422235,0.0155268929077613));
#1994=CARTESIAN_POINT('',(-0.00634625172593339,0.100977077720007,0.0154175203818231));
#1995=CARTESIAN_POINT('',(0.000685242279680988,0.101577303287907,0.0103298509314846));
#1996=CARTESIAN_POINT('',(-0.000378034662424303,0.0126954450169398,-0.00408333082094038));
#1997=CARTESIAN_POINT('',(-0.00102982626459076,0.012769669439896,-0.00014197625863474));
#1998=CARTESIAN_POINT('',(-0.00111977202621467,0.0167615239231118,-0.000289030290273003));
#1999=CARTESIAN_POINT('',(0.00104579266729056,0.012737802064414,-0.0037776123386636));
#2000=CARTESIAN_POINT('',(0.000382853400585755,0.0128778837925651,5.28706185108525E-6));
#2001=CARTESIAN_POINT('',(0.000747456487795918,0.0167323124434499,2.14871475538147E-5));
#2002=CARTESIAN_POINT('',(0.00247577669247975,0.0125396015222345,-0.00346029505613599));
#2003=CARTESIAN_POINT('',(0.00190252964419505,0.0127501519626952,0.000181621574176015));
#2004=CARTESIAN_POINT('',(0.00263380335118854,0.01638446040489,0.00034305710891052));
#2005=CARTESIAN_POINT('',(0.00384244359517875,0.0121057757749674,-0.00320380448667524));
#2006=CARTESIAN_POINT('',(0.00340285121219425,0.0123279371804288,0.000334842762165154));
#2007=CARTESIAN_POINT('',(0.00444872246874693,0.0157336855902306,0.00060252277417516));
#2008=MECHANICAL_DESIGN_GEOMETRIC_PRESENTATION_REPRESENTATION('',(#630),
#2009);
#2009=(
GEOMETRIC_REPRESENTATION_CONTEXT(3)
GLOBAL_UNCERTAINTY_ASSIGNED_CONTEXT((#2010))
GLOBAL_UNIT_ASSIGNED_CONTEXT((#2013,#2012,#2011))
REPRESENTATION_CONTEXT('Propeller','TOP_LEVEL_ASSEMBLY_PART')
);
#2010=UNCERTAINTY_MEASURE_WITH_UNIT(LENGTH_MEASURE(2.E-5),#2013,
'DISTANCE_ACCURACY_VALUE','Maximum Tolerance applied to model');
#2011=(
NAMED_UNIT(*)
SI_UNIT($,.STERADIAN.)
SOLID_ANGLE_UNIT()
);
#2012=(
NAMED_UNIT(*)
PLANE_ANGLE_UNIT()
SI_UNIT($,.RADIAN.)
);
#2013=(
LENGTH_UNIT()
NAMED_UNIT(*)
SI_UNIT($,.METRE.)
);
#2014=PRODUCT_DEFINITION_SHAPE('','',#2015);
#2015=PRODUCT_DEFINITION('','',#2017,#2016);
#2016=PRODUCT_DEFINITION_CONTEXT('',#2023,'design');
#2017=PRODUCT_DEFINITION_FORMATION_WITH_SPECIFIED_SOURCE('','',#2019,
 .NOT_KNOWN.);
#2018=PRODUCT_RELATED_PRODUCT_CATEGORY('','',(#2019));
#2019=PRODUCT('Propeller','Propeller','Propeller',(#2021));
#2020=PRODUCT_CATEGORY('','');
#2021=PRODUCT_CONTEXT('',#2023,'mechanical');
#2022=APPLICATION_PROTOCOL_DEFINITION('international standard',
'ap242_managed_model_based_3d_engineering',2020,#2023);
#2023=APPLICATION_CONTEXT('managed model based 3d engineering');
ENDSEC;
END-ISO-10303-21;
